Node1,Node2
Q92769,Q92793
P26373,P57772
O00268,Q16514
P17568,P56385
P01106,Q15796
P56937,Q6UWP2
Q15544,Q92759
P08579,P09661
A4D1E9,Q9BYC9
P28161,Q16696
P09668,P55957
P18077,P42766
P01730,P19838
P19474,P62837
P62805,Q969G3
P62917,Q5T1N1
P49450,Q9NSP4
P51948,P52655
O00487,P48556
O14879,P19525
P25398,Q9Y3A2
P19387,Q9GZM3
P13498,Q9Y2S7
O14503,Q9C0J9
P20700,Q8WXH0
P45985,Q15750
O15169,Q8IUQ4
Q02543,Q6P5R6
P84098,Q9UKD2
P45973,Q14739
P18846,Q01844
P62805,P63272
P17568,Q9Y375
P30511,P43626
P28340,Q9UKL0
P49748,Q08426
P23443,Q9NQL2
O75581,Q13145
P35244,P40937
P49736,P56282
P07814,Q9HB96
P62805,Q16531
Q8TCT0,Q9NR71
P28066,P60900
Q8N684,Q92797
Q16526,Q16649
P17568,P56181
P22310,P49888
Q15185,Q9H6T3
O75899,Q92806
P22004,Q9H2X0
Q8TCT0,Q8TDN7
Q02543,Q08211
P30153,Q13522
P22310,P51857
Q14498,Q9BXP5
Q99728,Q9HC52
Q14118,Q14714
Q01650,Q07837
P01350,P09683
Q13950,Q15672
Q6ZMG9,Q9BX95
P42224,Q13651
P32926,Q13835
O14638,Q9BQG2
O00566,Q03701
Q15843,Q86VP6
O15264,Q05397
P08708,P55010
P52655,Q9Y3C7
O14735,Q9UJA2
Q1RMZ1,Q8WTW4
O43818,P62263
P33981,Q15398
P46459,P60880
O14497,Q6STE5
O43678,Q9UI09
P17174,Q16878
Q8IWA0,Q9NQZ2
O15259,P98161
O75817,Q99714
P49458,Q02543
P22749,Q9BYJ0
Q99728,Q9NYG5
O00585,P78423
P04004,P08603
P09001,P19387
O75469,Q9Y6L6
P28482,Q05513
O00401,O60500
O14610,P16520
P43686,Q9BRP4
P82921,P82930
P20226,Q9Y230
P22392,Q13232
P01116,P36888
Q9UK45,Q9Y2W2
P63165,Q9UBT2
P16871,Q12918
P84243,Q9UK53
P47895,Q9NR63
P23588,Q7Z478
P62280,Q9BYC8
Q16515,Q9NRD5
O15155,P62820
P55036,Q15843
P82933,Q9H2K0
Q99661,Q9BVA1
P17568,P30049
P20226,P62805
Q71U36,Q9BVA1
Q9BRG1,Q9UN37
P62877,Q4G163
O60341,Q96EB6
P25685,Q99933
P23677,Q13572
P43246,Q9UQ84
Q71F56,Q9NVC6
O14735,Q9P212
Q02750,Q16539
Q6STE5,Q92785
O15055,Q16526
Q6IA69,Q9NV35
P62955,Q9UBN1
Q12933,Q99558
O15371,P47813
P0CG48,P51665
Q6YP21,Q8NHS2
O60869,P62753
O43818,Q8TED0
Q9BQ48,Q9BYC8
P11532,Q14714
Q07955,Q7RTV0
P62979,Q13895
P09529,Q8NER5
Q02928,Q08477
O15123,P09619
P19235,P52333
P01106,Q92830
P15880,P60228
P61218,Q9NVC6
Q9H501,Q9UHA3
Q6UWS5,Q7KZN9
Q9NVK5,Q9Y228
Q12815,Q13895
O43674,O95299
O00585,P25024
Q99714,Q9H633
P00709,P22079
Q5PSV4,Q9NP50
O75293,P06493
P38398,P61086
Q15428,Q9UNP9
Q53GS9,Q9UK45
O14745,P00533
P02452,P12110
Q02543,Q9BYD3
Q13823,Q13895
P62805,Q16576
O43511,Q6PHW0
Q86X52,Q8TDX6
Q9HA92,Q9P0M9
Q5MNZ9,Q9HBF4
Q02543,Q9BZE4
P08579,P61326
P35579,P35580
P05164,P31997
P55010,P60842
O14965,Q15398
P06858,Q3SYC2
O75306,P10606
P82650,Q9BQ48
O95721,P23763
P54578,P62333
P11712,Q9H4Y5
Q16576,Q8TDI0
P0CG47,P46527
O75106,P21397
P28907,Q96EB6
Q6P2E9,Q9UKV8
Q14894,Q96EM0
P16234,P46108
P82664,Q96E11
P28065,P62191
P33981,Q15003
A8MTJ3,Q9HAV0
P10276,P28702
P05198,P61247
P63272,Q93077
Q15287,Q9H307
P28482,P54709
Q17RR3,Q9NST1
P61619,P82664
P08620,Q14512
P49815,Q96B36
P82932,Q4U2R6
P05198,Q14232
P01116,Q07890
P17612,P60520
O14561,O95299
P08887,P60568
O75832,Q13200
P07585,Q9NP95
P01579,P17181
P07585,P29279
Q6P1K8,Q92759
P80217,Q02543
P25705,Q00325
P51553,Q02218
P17535,P31947
O75822,P60866
P54315,Q9NST1
P01579,P16070
P11488,P16499
P23677,Q9BT40
P10301,P61586
Q12778,Q92793
Q9HA77,Q9Y2B2
P15172,P20226
P42285,Q9NRJ5
Q6P3X3,Q9H0A0
O60563,P63272
P62805,Q9Y5B9
P29992,Q9HAV0
O14638,Q8IXJ6
Q92466,Q9BT78
P00403,P31930
Q8IXJ6,Q9BY41
Q93009,Q9BSM1
O75150,Q8N7H5
P0CG48,Q96CA5
O00762,P78396
P19388,Q92759
P62316,Q96RS0
Q96CW1,Q9H0R1
P29474,P78540
Q4U2R6,Q6P161
P16234,Q13480
P53667,Q9UDT6
P14923,P25054
P35579,Q96A32
P27694,Q13416
P62714,Q15172
Q5JWR5,Q7Z3U7
O14965,Q02224
Q14957,Q93086
Q5QJE6,Q9NQZ2
Q16186,Q16401
P12882,Q9UKX3
Q92769,Q9BSM1
O00425,P01344
P84098,Q6P5R6
P52732,Q15398
P42338,P61224
O60437,P32926
P25054,P36402
P08579,Q8WVK2
O43707,Q07157
P01584,P19838
Q8NFH3,Q9BW27
O14602,P04233
P25398,Q8NC51
Q70J99,Q8N4C7
Q9UJ41,Q9UL25
P30281,Q9UBQ5
P10301,P10398
P22087,Q8NI36
Q15067,Q9NUI1
O75581,P36955
P25116,Q96RI0
P54578,Q16186
O75251,P30049
P13639,Q9HB96
O15371,Q04637
P20645,Q9UJY4
O43818,P62244
P68104,P84098
P51841,Q9BY32
E9PNW1,Q495M9
P41134,P61224
P57772,P60866
Q86U42,Q9H361
P11488,Q16518
P78396,Q12834
Q6IQ20,Q9Y4D2
P04637,Q9NQ88
Q9Y676,Q9Y6G3
O15553,Q15418
Q8IY37,Q9UNQ2
P56937,Q15738
P57772,P62750
Q02543,Q96CT7
O14561,Q9P015
P59537,Q00722
Q6P1A2,Q8WUD6
O95391,O95926
P01137,P37023
Q9H9S3,Q9HB96
A0JLT2,Q5T200
O15119,Q9H9S0
Q6YP21,Q9H2M3
B5ME19,O75821
P17568,P47985
Q92922,Q96GM5
P57772,P62266
Q17RG1,Q96G21
P51575,Q9H244
Q7KZ85,Q9Y5B9
Q86Y38,Q9UBV7
P09661,Q15427
P04844,P51571
P61086,Q05086
Q14CX7,Q5VZE5
O60603,Q8IUC6
P42285,Q9BVI4
O95996,P63208
O43581,P60880
P19838,Q92793
Q8NHY2,Q96SW2
Q6XQN6,Q9BXI3
O14745,P40879
P25054,Q9Y2T1
Q96NT0,Q9Y487
P15153,Q7L576
P52732,Q02224
Q03701,Q6RFH5
Q8TED0,Q9NYH9
Q15006,Q9GZP9
Q96EL3,Q9NVS2
P15313,Q8NEY4
Q96NC0,Q9NW64
P17568,Q16718
O75529,P20226
Q96GC5,Q9P0M9
Q14524,Q8TD43
P60568,Q9GZX6
P55735,Q8WUM0
P04233,P82675
P04233,P62241
P27695,Q9NUW8
Q8NFH4,Q8WUM0
P60174,Q9NQ88
P27037,Q7Z4P5
O15397,P62861
Q14028,Q96GE6
P52732,Q15003
P10244,P28749
P28072,Q9UL46
O75832,P62195
Q6NTE8,Q9P0M9
Q9NV31,Q9NW08
Q8IXK0,Q9BSM1
P35913,Q14028
Q6P5R6,Q9UHA3
P10415,Q00987
Q07955,Q09161
P04233,P52815
P35916,P55075
Q13614,Q8NEB9
O43159,O43463
P04233,P39023
Q13232,Q9NRF8
Q02543,Q969S3
Q96JI7,Q9UBP0
P09919,P60568
P25398,Q9H0A0
O00487,O43396
O95777,P52298
P16144,P18054
P52732,Q14674
Q00987,Q8WWW0
O60563,Q8N7H5
P09341,P80162
P02647,P10909
O95168,P15954
P07099,P46439
P25787,P62191
P09919,P40763
P53803,P63272
P10606,Q8TAA5
O75391,Q7Z4H9
Q9BYC8,Q9H4K7
P06493,Q02539
Q9NSI2,Q9UNQ2
Q13423,Q9Y6E7
P22090,P62906
Q6STE5,Q8WUB8
O43914,Q9UIW2
Q01081,Q9UMS4
O94979,Q9HCU5
P16104,Q9Y5B9
O75326,P05556
P05231,P14210
Q66K64,Q9C0C7
P28482,Q68CJ9
P02649,P49768
Q13332,Q8WWF5
O60739,P62280
O15516,Q92793
P62917,Q9NZM5
Q13895,Q9BYG3
P26368,Q14498
O14929,P84243
O15528,P02774
Q07955,Q9Y3B4
O60925,Q9UHV9
Q9BXI3,Q9NPB1
P23919,Q9BXI3
Q8TB72,Q9UKV8
P01275,P07492
P82664,Q7Z2W9
P42766,Q9GZV4
P19525,P20591
O75638,P43357
O00194,Q8NFW9
Q9HCJ0,Q9UKV8
Q13148,Q7Z333
O15264,P42771
O00399,Q9NP97
Q969E8,Q96G21
P61619,Q9HB96
P33992,P78396
O00746,Q13232
O95299,Q9Y375
P19235,P40225
P15153,P31749
Q8WYA6,Q9GZX7
O00238,O95972
Q9H0U6,Q9P015
P21815,Q9NZW4
Q6ZSY5,Q9H7J1
Q4U2R6,Q96A35
O75821,P08865
P04049,P19838
P09661,Q2TBE0
Q5T6F0,Q9C0K7
O14627,Q6SJ96
Q13541,Q15382
Q05048,Q9H0L4
Q9UI17,Q9UL12
P19387,Q9NPJ6
Q96GX9,Q9BV20
Q9ULQ0,Q9Y6E0
P82664,Q96EL2
O00590,Q99616
P60468,P84098
O43818,Q9Y221
O00459,P17861
P04908,P62805
P05198,Q14152
P00747,P05546
O95168,P10606
P16220,P18846
P19387,Q9UHW5
P02708,Q07001
P03901,P10606
P06756,P49747
O60783,P82673
Q8IU89,Q9NY59
O00459,P06241
P68400,Q96ST3
P01350,P54707
P42766,Q9UHA3
P0CE72,P58743
O00161,O43752
P11233,P45983
Q14676,Q99728
P62829,P82664
P05386,P62917
Q9BYD2,Q9P015
O15397,Q92973
P02585,P10916
Q9P2H3,Q9UG01
P25092,Q86UT5
O95863,Q9Y4K0
Q13895,Q9BRS2
O43765,Q9H3Z4
P01730,P14151
O15155,P51809
P32248,P51681
P11233,P30154
P43490,Q9NWW6
P14678,Q15428
P22694,P61224
P05198,P62249
H0YHX9,Q02543
O75448,Q9NPJ6
Q14562,Q8IYB3
Q8N5B7,Q9NY59
Q96LB4,Q9Y5K8
Q13148,Q16637
Q96DZ1,Q96Q80
P14174,P61073
P63208,Q8NI29
P03905,P31930
O75143,Q6ZNE5
P62714,Q9Y3A3
P62913,P82933
Q15306,Q9BYV9
Q15031,Q5JTZ9
O43513,P36954
Q13405,Q9P0M9
P41091,P62861
P40692,Q86YC2
O95931,P84243
P07197,P48681
P28482,P42574
Q96S97,Q9Y342
Q15843,Q9UBT2
P02749,P27169
A0AVK6,P52732
Q9GZL7,Q9Y221
P40429,Q9P0M9
P04792,Q14103
O95299,P30049
P31150,P62491
P19784,Q8NEV1
P08236,Q6UWM9
Q96B49,Q9NS69
Q09161,Q15459
P62877,Q03468
P48730,Q99835
Q06278,Q08426
P41091,P49770
P19387,Q8WX92
P49720,P54578
P02100,P69905
Q8TCD5,Q969T7
P01730,P26951
P05107,Q9UMF0
Q03701,Q13601
P07910,Q9H6S0
P25398,P62854
P05106,Q9UQP3
Q6P988,Q9Y6F9
P36959,Q14432
P84243,Q9UPN9
P05026,P54707
O43447,Q15459
O15327,Q92562
O96009,P43699
P01009,P02647
Q15269,Q9UNQ2
P04062,Q9NY59
P30405,Q02156
O95837,Q00722
O00459,O15357
P09234,P83876
P00505,P31040
P51677,P78423
Q9C086,Q9Y230
P35080,P50552
Q92797,Q9Y5Q9
Q4U2R6,Q9Y399
O15239,O75251
Q15648,Q9UHA3
O94805,Q15532
Q9BYQ0,Q9BYR8
P17947,Q01196
Q13873,Q16671
P60510,P62714
Q9Y5J1,Q9Y6V7
Q96R06,Q9Y448
P01584,P18510
P49589,P56192
O96014,Q9ULW2
P46783,P69905
Q14CS0,Q9BUN8
Q96DP5,Q96GW9
P36957,Q99798
P54296,Q13114
O00479,P62917
P61313,Q9NZM5
Q02241,Q9NQS7
O15047,Q5TEC6
P45974,P62987
Q52LR7,Q9Y230
Q9BVA1,Q9H169
P54278,Q86YC2
P25398,Q9Y5J1
Q96RT7,Q9Y5B8
Q14562,Q9P013
O95822,Q9NUB1
H0YHX9,P42766
Q9HAW8,Q9NPZ5
O00401,Q9UHR4
P20138,Q06124
P30049,P56378
P07585,P50281
P62318,Q15427
P62805,Q13352
Q9NQT4,Q9Y3B2
P22087,P38432
P55789,Q6ZRP7
P10323,Q05996
Q8NEB9,Q8TDY2
P49406,Q9BQ48
P53803,Q9Y5B9
P01116,P46531
Q92466,Q96JK2
P11216,P13807
P24534,P25788
P82664,Q9HB96
P42858,P54253
P08151,Q92831
O00159,P50479
P05362,P19174
P02741,Q92496
A8MTJ3,Q9NZQ8
P11216,P35573
Q13761,Q9UL17
P09105,P16452
P18206,Q14247
P00367,P05091
Q92843,Q92934
Q8N7H5,Q92541
P47813,Q9UBQ5
P82664,P82932
O60566,P52732
Q03701,Q8IWA0
Q1MSJ5,Q8TC76
Q9NZJ6,Q9Y3A0
O00459,P10827
P05386,Q05639
P14923,Q02413
P68366,Q13509
O15498,Q96AJ9
Q01860,Q9Y261
O43511,Q92911
P62891,Q9NZM5
O75604,P0CG47
P55199,Q03111
P11216,Q04446
Q9NVS2,Q9Y2R9
O75838,Q96QU1
P22310,Q9NPZ5
P56696,P63252
P27694,Q99708
P22894,Q6UX06
P10606,Q99643
Q96A33,Q9Y284
Q13601,Q8NEJ9
O15169,P04628
P19174,P27986
O43818,Q5QJE6
P25789,Q92530
P61927,Q9UHA3
P28482,P46527
O15259,Q9BPU9
P01116,Q15052
O00585,P42830
Q9BYD1,Q9UHA3
P09919,P62191
P0CG47,P25788
P51003,Q09161
Q9NW08,Q9UHW5
P01116,Q06124
Q12864,Q15223
P25054,Q8IUQ4
P27695,P39687
P35916,Q9HCT0
O43921,P29323
P53680,Q9H0R1
O43674,Q9UI09
Q6UXN9,Q92797
P21580,Q9Y3C5
P60520,Q9Y4P8
O76021,Q9NY12
P13569,Q9UGJ0
P10645,P13521
O43572,P17612
P04844,P46977
P01024,Q03591
P62805,Q6P1J9
Q8NI27,Q9C0E2
P60520,Q9NT62
Q9BRG1,Q9H444
P08754,Q9Y272
O95210,Q9UQK1
Q9Y5J6,Q9Y5J9
P35268,P62917
P05198,Q9NR50
Q03701,Q9Y3T9
Q9H6T3,Q9UHV9
P62424,Q9Y221
Q9UHA3,Q9Y3A2
Q15843,Q9H9Q2
P39019,Q9UBQ5
O75431,Q9BUR5
O43148,O60573
O76064,O95714
P05177,Q16772
P56537,Q8NHQ9
P25963,Q15843
P19338,P22087
Q6IS14,Q9BYC8
O75530,Q9BSM1
P60059,P61803
O95267,P19174
Q15428,Q9BTD8
P25208,P54257
P26373,Q9Y221
O14503,O15055
P46937,Q04917
P82921,P82933
Q13427,Q9BZI7
O75608,Q8NCC3
P13051,Q9Y4B6
P53778,P61244
Q99741,Q9NZJ0
P01019,Q96RI0
O15121,Q9HA82
Q3KNV8,Q9UQR0
P63208,Q8NHM5
Q13490,Q92844
P09234,P52298
P15880,Q02543
Q96EY7,Q96GC5
O00622,P06756
Q92830,Q9Y6J9
O60243,Q7LGA3
P30273,Q13094
P62316,Q9BTD8
P61224,Q9P212
P04792,Q8IW41
P0CG48,Q9Y239
Q13895,Q9NVX2
Q13094,Q92918
O94906,Q9UK45
P84243,Q9UJW3
O15155,Q8WVM8
P50616,Q9NZN8
Q15398,Q96B01
P40337,Q99814
P82933,Q8N5N7
P61619,Q15041
P82664,Q9P015
O43488,P15121
Q9BXD5,Q9NR45
Q9Y399,Q9Y676
Q92871,Q9Y5P6
P02538,P13646
O95237,Q8IZV5
O14777,Q9H081
Q02846,Q9UMX6
O60427,Q9P035
P15311,Q9NZA1
Q9H9J2,Q9NQ50
Q6P2Q9,Q7RTV0
Q14596,Q8TDY2
Q9NYU1,Q9NYU2
O95299,Q16718
Q6UX04,Q7RTV0
P19388,Q9NVC6
Q9BQC6,Q9H9J2
P13569,P31946
Q8IWA0,Q9H8H0
Q5T200,Q9NVC6
P23378,Q9BYV1
P01100,P10276
P62877,Q13216
P04150,P08238
P51955,P52732
P11678,P12724
Q03701,Q9H9Y2
P09919,Q99062
P36954,Q7KZ85
Q15398,Q9BPX3
P05112,Q9BZS1
O43707,O60331
Q8TF46,Q99547
Q92830,Q9ULK2
P23258,Q66GS9
O00257,O95931
P50552,P63261
Q9BYC8,Q9H173
Q8TAD8,Q9Y3B4
P0CG37,Q13705
P40692,Q9BX63
O75204,P07949
Q8IXM3,Q9Y676
O00478,P47989
Q8N4V1,Q9P0I2
P42766,Q99848
P51948,P61218
P08138,Q96GC6
Q9H251,Q9HBB8
O15144,O15145
P13498,P63000
P30876,Q8N7H5
P28482,P46940
P27540,P35869
P20393,P56645
P82663,Q9NQ50
O75822,P62081
O60869,P46777
P33778,P62805
P56282,Q99741
P82664,Q9H2W6
Q86YP4,Q8TDI0
Q07955,Q13243
P23560,Q92793
P27694,Q6PCD5
Q92558,Q9P2A4
B9A064,O14793
P02776,P04275
P52298,Q15428
P54710,Q9UN42
P62979,Q15843
P12644,Q13705
Q8N3R9,Q9BYG4
P16219,Q08426
A0A1W2PQS6,P62917
O00548,Q15796
P33991,Q9Y294
P62877,P84022
Q9BTT4,Q9BWU1
P49771,P61619
P19883,P58166
O95997,Q14674
P82664,Q96BP2
P13995,Q3SY69
Q659A1,Q6PD62
P11940,Q9ULR5
Q13136,Q9UNL4
O00203,Q969F9
Q6ZRS2,Q9Y230
P46527,Q96SW2
Q66GS9,Q8TEP8
O60869,P62424
P49916,Q9UGN5
F5H3C5,Q99798
P07910,Q13247
Q92968,Q9Y5Y5
P52435,Q9H204
P00325,Q9HAY6
O95168,Q86YC2
P21399,Q99798
A6NK06,P00505
P82930,Q96DV4
P02649,P02654
P08069,Q9NP95
Q5JTH9,Q9H0A0
O00401,O15144
Q96JB2,Q96MW5
P06280,P54803
O75438,Q9Y375
P36507,P62714
Q96BP2,Q9BYC8
Q99879,Q9UPT9
Q99674,Q99675
P60880,Q9BV40
O43488,P14550
Q96EE3,Q9BW27
P54578,P55036
P35249,Q8WVB6
P05556,Q9UQP3
Q13148,Q96LT7
P22680,Q86Z14
P84098,Q5T653
Q8NB16,Q9H444
P18146,P28482
P28070,P62191
P16499,P49915
Q14028,Q8IV77
Q6P1L8,Q9Y2R9
Q92611,Q9NTJ4
P84243,Q8IUE6
P19438,Q92844
O15269,Q9NUV7
Q03701,Q8TDN6
O15042,Q8NI27
P15153,Q14289
Q13094,Q9GZY6
O43915,P16234
Q8IWL3,Q9UDW1
Q92508,Q9BVW5
O60814,Q8NEZ4
Q4G0N4,Q9Y6E7
P25098,P48729
P24864,P46527
P61619,Q15070
P57772,P62081
P01730,P04440
O00585,P49238
P46087,Q9UHA3
P10145,P25963
O43422,Q8WTV1
P62861,P62917
Q96DC9,Q9Y4K3
O00231,P62333
O75154,P57735
P62942,P63098
O75694,P49792
O75964,P56381
Q13242,Q16629
O75306,P06576
Q13247,Q15287
Q5VW32,Q9NZZ3
P51452,Q16539
Q92547,Q9UPP1
O15327,Q96PE3
O43741,Q13131
O00459,P46109
P51116,Q06787
Q15208,Q9H8S9
P62277,Q13895
P61247,Q9UHA3
P28161,P78417
Q96EY7,Q9Y2R9
P62072,Q99595
P49915,Q01064
P21815,Q13316
P05067,P08138
P08047,P53778
O75439,P49821
Q562F6,Q8N3U4
P98172,Q15768
P78352,Q9Y2T3
Q92979,Q9H8H0
Q12788,Q13895
Q5QJE6,Q9H8H0
P09960,P78329
P15313,P48201
Q8IUC6,Q9NWZ3
P22612,P78368
Q96EC8,Q9Y548
P52815,Q9Y676
O75394,Q9P015
Q15274,Q9NV35
P51665,P62333
P05937,P20472
P25788,Q9Y5K5
P46777,Q9P0M9
P40337,Q13617
Q8N7H5,Q96CJ1
P27037,P27539
O60518,P62826
Q92620,Q92917
P00338,Q99816
P62306,Q9UMS4
P46779,Q9Y2R9
I3L0E3,P82663
P19387,P62877
Q8TDY2,Q9GZQ8
Q9HCS7,Q9UMS4
P84098,Q15029
P08754,P09471
P00734,P05546
Q92624,Q9Y574
O75376,Q9UQL6
P57053,P62805
O60603,Q9BXR5
Q02241,Q53EZ4
O60563,Q4G0J3
O14638,Q01064
P04233,Q9P0J6
Q5H9S7,Q66K64
Q9H501,Q9H7B2
Q13895,Q9NW13
P56915,Q9Y3B9
P62805,P83916
P08579,Q9HCG8
P14780,Q07954
O43482,O43683
P63208,Q9Y2Z0
P05091,Q08426
O00161,Q12846
P25490,Q06547
P10276,Q9Y618
P07327,P41247
P07737,Q9NQX3
P28482,Q92731
P28070,P54578
P28482,Q9HBH9
Q12834,Q15645
O95405,Q15796
P62888,P82664
P23443,P49815
O95926,Q9H5Z1
P27482,Q01064
O00585,Q9NPB9
P05231,P19438
P62714,Q04206
O43818,Q96DI7
P14316,Q9H1B7
O14957,O75439
P62070,Q9NS23
P22694,Q13522
O43674,O75438
O94906,P62318
P35575,Q16822
P50914,P61619
Q15050,Q9Y221
Q9NZM5,Q9UQ80
P57772,Q8IV42
P51692,P60568
P55735,P57740
P62269,Q9NZL4
P14866,P22626
O95402,Q9H204
P37275,Q96EB6
Q02127,Q6IPT4
P21675,P51948
P30279,P55273
P82664,Q9BYD3
P17612,P25963
P61221,Q9UBQ5
O15371,P46782
P43308,P60468
O43353,P21580
P07992,P54727
P10646,P13726
Q6P2Q9,Q9Y3B4
P14174,P32754
O95931,Q06587
P11142,P50502
P62917,P84098
O75845,Q9UKR5
Q07837,Q7Z624
Q52LJ0,Q9Y224
P08048,Q05066
O00541,Q8NHQ9
Q3SY69,Q9H903
P28065,P51665
O43818,P78345
P32780,Q9NVC6
Q9BZI7,Q9H307
P62917,Q07020
P51665,Q16186
Q9NYG5,Q9UJX4
O95777,P08579
P00505,Q16878
P07900,Q02790
Q96DP5,Q9HBH1
P43686,P62333
P01178,P30559
O00472,Q03111
P14210,Q9HCT0
Q8NFH4,Q9Y3C0
P20749,Q01201
Q05469,Q13976
Q9H4K1,Q9UIF3
P63208,Q96IG2
P62899,P62917
Q03701,Q9NQZ2
O76024,Q8N5K1
Q15459,Q9BWJ5
Q02543,Q5T8A7
O14662,Q12981
P56192,Q99707
P01579,P09919
O43353,Q9Y6K9
P09016,P20719
P36578,P41091
P07197,Q16539
P20807,Q13326
O75865,Q8WVT3
Q92665,Q96EL3
P03372,Q92793
Q12933,Q96EP0
O15198,Q15796
P46779,P57772
P42677,Q00987
P35250,P43246
O75084,Q9Y6F9
Q92878,Q99728
P62805,Q12824
P06241,P09619
P83876,Q8NAV1
O75832,P54578
P08708,Q13601
O14986,P15153
O15061,P18206
P16234,Q9NP95
P00505,P53396
P21589,Q9H773
Q3KRA9,Q9BT30
P32248,P78423
P61224,Q9ULI3
Q15061,Q9NQT4
P36954,Q15544
Q7Z2W9,Q9NZL4
P05181,P78329
P19174,P49441
P09601,P48507
P23443,Q9BPZ7
P40305,Q15646
P12956,Q99728
P82932,Q99798
P09237,P14543
P62330,Q15027
P09601,P16435
Q06323,Q9UL46
P05198,P18621
O00585,O00590
Q9NRR4,Q9UKV8
A8K4G0,O43914
P30520,Q8TCD5
A8MTJ3,Q9NYW6
O75146,Q9H201
Q13309,Q9UMW8
O95628,P42285
P0CG48,P25789
Q02543,Q96A35
P01579,Q14627
O43353,P14625
Q6ZNE5,Q9BV40
P25788,P40306
P84022,Q15796
P62913,Q9BYC8
P84103,Q13148
O14958,P68106
O75182,Q5PSV4
P01730,Q9BQ51
P13591,Q92187
P09661,Q9UMS4
P84243,Q93079
P11509,P11712
P60468,P62277
P12830,P38570
Q6RFH5,Q9UHA3
P30405,Q9UQ90
P36959,Q9NPB1
Q71U36,Q99832
P21399,P48200
Q7Z4L5,Q96RY7
P23443,Q86X55
O75880,P00403
Q01959,Q16623
O14791,P02656
Q8WUM0,Q96EE3
P35557,Q9BRR6
P22087,Q99848
P15260,P60568
P02649,P02656
P84243,Q8N257
P82933,Q9NZE8
P36543,Q06055
P25787,Q15008
P60468,P62851
Q14674,Q9H4B4
P25789,Q06323
O15111,Q15796
P28340,Q9NRG0
Q96BP3,Q9NW82
P27037,P58166
P09619,P10767
P16144,Q16363
O14503,Q14995
Q8WUH2,Q9P253
P61619,P62241
O95396,P25325
Q14116,Q9ULZ3
O43752,Q8N1B4
P62318,Q8WWY3
P17676,P17947
O60504,Q9Y490
O14672,P05067
P13500,P35225
Q14515,Q99972
P05112,P29965
P62805,Q16695
Q9H0A0,Q9UKD2
Q9UK45,Q9Y4Z0
Q5T653,Q9H9J2
O60869,P62280
O75390,P09622
P53803,Q9NW08
Q969S9,Q9BYC8
O15105,P46937
P01579,P18627
P04035,Q03426
O43678,Q02221
Q96QD9,Q9BY77
P49356,Q9Y256
Q8NGR2,Q8NGR5
Q9BYC8,Q9NUL7
Q96LZ7,Q96TC7
P02452,P02458
P01584,P02741
Q15428,Q9Y3C6
Q04721,Q9NYJ7
P61254,Q9GZL7
Q15075,Q8NEB9
P30511,Q8N423
Q14690,Q9GZL7
P25786,Q53H80
P46778,P57772
Q13829,Q86V97
P46527,Q00535
O60869,P62979
P51532,Q13263
P04798,P56937
P04233,P62847
O60563,Q13889
Q8N1G1,Q9Y3B8
P08575,P28907
P61086,P62837
P56915,Q9UIF3
A6NGB9,O43639
Q9NW08,Q9Y535
Q6UN15,Q9BWT3
O75821,P61247
Q9HAW4,Q9Y248
Q8TDD1,Q9NQZ2
P42356,Q99755
O00268,O75461
Q68CP9,Q92922
O15371,O60739
P11021,P19525
Q96RD6,Q96RD7
P08514,P16671
P50479,Q9UM54
Q8TBA6,Q96JB2
P54646,Q9C0K7
Q13895,Q9UI30
Q8IUC6,Q9BYX4
P42285,Q03701
P41595,Q13936
O60573,Q9HBH9
Q9HAP2,Q9UH92
Q03701,Q9NW13
Q9BVS4,Q9UNQ2
P00533,P09619
P62424,Q9UHA3
P39019,P84098
P08575,P32248
O00512,Q71DI3
Q02539,Q6FI13
Q6UXN9,Q9UKF6
P40200,Q92692
O00268,Q9H7Z6
P02766,Q15109
Q92922,Q9UIG0
O95926,Q9UBB9
P56937,Q16678
P28330,P30084
Q8WWN8,Q96B97
Q08AM6,Q5MNZ9
Q969X6,Q9UNQ2
Q9BQ67,Q9UHA3
P10916,Q00872
P14635,Q9UKT4
P01100,P24385
P19634,P54707
P31749,Q00987
P47813,Q9HA92
Q9NX70,Q9Y3C7
P05111,Q13705
Q93034,Q96S21
Q9P015,Q9P0M9
Q14674,Q9UQE7
P14920,P59103
P09496,P63010
P78396,Q15717
O60841,P82664
P62891,P84098
P10914,P17947
A0A3B3ISG8,O75251
P55196,Q92692
Q6P597,Q9NSK0
P52298,Q86U42
Q9H0A0,Q9Y2X3
P51003,Q13242
P06576,Q96IX5
P22612,P23443
Q15398,Q96GD4
P11597,Q13790
P11172,Q9BZX2
Q96N21,Q9UPM8
P23327,Q93084
Q15012,Q86VI4
Q13247,Q16629
O43933,P50542
P02776,P13500
Q14653,Q92844
P50583,Q13232
Q13596,Q9Y5X3
P57771,Q96I99
O00203,Q96EV8
A0A0C4DH30,Q14973
P19174,Q99627
P21675,P50613
P25445,P50591
Q6RFH5,Q9NQ55
O14777,Q5FBB7
Q7RTV0,Q9P021
Q9UBV4,Q9UP38
P62987,Q9Y2R9
P10276,P29590
O14640,Q9NPG1
P07942,Q16363
O15264,P01100
Q9BVW5,Q9UNS1
O15211,P11233
P82663,Q9BYD6
P62277,Q9UNQ2
P51003,Q9C0J8
Q9ULQ0,Q9Y3A3
P51809,Q9NZ43
P00414,Q7KZN9
Q13601,Q9H0A0
Q9GZP9,Q9Y679
B5ME19,O15371
P01116,P51812
P19876,P80162
P30049,P56134
P17568,P24311
P0DPB6,Q3B726
P61201,Q15843
Q5S007,Q9UKV8
Q14469,Q9Y5J3
O00203,P53677
P01375,P05112
Q9P2X0,Q9Y673
O15235,P82663
P57772,P62753
Q92974,Q9H4B7
O43914,Q9NP99
P02649,Q92673
P00390,P28161
Q6NUS6,Q9H6L2
P20674,P31930
P20226,P51948
Q6P6C2,Q9H6S0
P43246,P54132
P50151,P61952
O00329,P15153
P09919,P41159
P08579,P52298
O95777,Q12874
P48449,Q15800
O14745,Q9NWQ8
Q9BRG1,Q9Y3E7
P60520,Q86VP1
P07992,P12956
P56192,Q7L3T8
P82663,Q8TAE8
P23409,P23759
P36896,Q8NER5
P61024,P63208
P25705,P61619
O95977,Q9NRA0
O95711,Q99467
P11712,P22309
P42575,Q06547
P12872,Q92847
A0A3B3ISG8,O75439
P31930,Q86Y39
O75593,Q9H9S0
P01730,Q07011
Q9NW13,Q9NY93
P26358,P45973
Q8TDD1,Q9NW13
O43776,P54136
P00734,P02656
P82933,Q9H9J2
Q08881,Q13094
P49427,P62979
Q5EB52,Q9GZU2
Q969S8,Q9Y618
P06899,P62805
P19387,Q12962
P16520,Q9HAR2
O14793,P07585
Q15843,Q6P9F5
P62847,Q9UNQ2
P04179,Q99798
P13500,P41597
P17275,Q9NR55
P82673,P82914
P14784,P40933
P19474,Q14653
P50613,Q96T76
O94761,P27695
P00750,Q99574
P22087,Q13601
O95777,Q2TAY7
P19387,Q92759
O00472,Q14241
P53618,P84077
Q8TCS8,Q99547
O14763,P50591
O14672,O43921
Q15172,Q9NY27
P61073,P78423
Q5T011,Q8WTW4
P62491,Q96CV9
O60508,Q14498
P09960,Q16873
P00813,Q12884
P14061,P37059
P36543,Q6P9B6
O00442,Q13601
O60512,Q9NPZ5
P36957,P82909
P57772,P62917
P14635,Q00526
P25705,P56381
P08579,Q13427
P33991,Q9NRF9
P62318,Q9UMS4
O43482,P49450
Q92917,Q9H6L4
P05111,Q03167
P46527,Q16531
C9K0I3,P19174
P31350,P52732
P48556,Q8IYT4
Q01518,Q9HD89
O60931,Q9UHJ6
P04798,Q06520
Q8IXM3,Q96EY7
O75581,Q9UBU2
P42285,Q5XG87
Q8NFW8,Q8TBE9
O60683,Q9Y5Y5
Q13507,Q8TD43
P48200,Q96LD8
P24864,Q02539
P04899,P43116
Q08378,Q9BQQ3
P21589,Q9H0P0
O94906,Q8WVK2
P62913,Q15843
P61964,Q03111
Q9GZZ6,Q9UGM1
P05091,Q8IVS8
P38919,Q9UMS4
Q9NPG1,Q9UBV4
P01112,Q07890
Q13387,Q9UQF2
Q13277,Q15836
O75508,Q16625
O95257,Q9Y6R4
P04180,Q8WUD6
P46060,Q9UBT2
P12830,Q9Y624
P62330,Q9UIA0
P78504,Q92585
Q7Z4L5,Q8NEZ3
P62277,Q9Y2R9
Q16623,Q86Y82
Q96FZ5,Q9NX76
P25398,P57772
O00533,Q9UQ52
P48556,P60900
P62913,Q02543
O14965,O43683
O15371,P62851
P10144,P68366
P07197,Q07866
Q12768,Q9Y3C0
Q12874,Q9BRD0
O76036,P01579
O14757,P14635
O95067,Q99741
Q04721,Q86Y01
P61247,Q13601
Q01831,Q9UGN5
O00541,Q13895
P16219,P30837
Q01650,Q9UHI5
P06133,P51857
O15516,Q9C0J9
P07492,P20366
P09417,P35270
O14980,P46527
P78316,Q9GZL7
Q99685,Q9Y5X9
P05121,P13500
P15018,Q16619
Q8WUM0,Q9NRG9
O43639,O75914
P54578,Q6ZVN7
Q13601,Q9Y5J1
O75787,P15313
P82664,P82930
O95931,Q99496
P28749,P30279
Q8TD43,Q9Y5Y9
P0C0S5,P36954
P39019,P60468
Q7RTV0,Q9H6L4
O43914,Q8NFY4
P82921,Q9Y2R9
P36969,Q16772
Q99798,Q9BYD1
P0CG30,P46439
P49257,Q9H0U4
P05388,P61619
Q14088,Q676U5
O00142,P21589
O43542,Q99728
P62070,Q15283
O43921,P06241
P62917,Q9UNX3
P16219,Q9UKU7
Q15398,Q96FF9
Q9NW64,Q9UMS4
P07197,P41219
E9PNW1,Q8N6Y0
P42766,P62857
Q01081,Q07955
Q9Y2R9,Q9Y3U8
B0YJ81,Q9P035
P04004,P17931
O95249,Q96AJ9
P20226,Q9BUI4
P55344,Q9Y487
Q8WW27,Q9Y235
P61803,Q13724
O43639,Q9NYB9
P04792,Q9UJY1
O60921,Q13535
O00505,Q14974
Q7Z7H8,Q9P0M9
O43623,Q15672
P25490,P60709
Q8TDI0,Q92769
Q56P03,Q6P2Q9
Q99832,Q9H2J4
P11172,Q6IPT4
P23763,P60880
O60783,Q9P015
P62847,Q9H8H0
Q13435,Q9BRD0
P08754,P41143
P82933,Q7Z7H8
P05112,P25942
Q53H80,Q9BYH8
P82664,P82921
P08311,P20160
Q2NL82,Q9H0A0
P17861,Q99941
P61221,P84098
P25398,P39019
O75907,Q86VF5
A0A1W2PQS6,Q9UBQ5
P35222,Q06945
P00747,P00748
P04844,P0C6T2
O00459,P23458
P35236,P53778
Q13895,Q14562
Q17RG1,Q9UHA3
O43283,Q9UQF2
Q8NEB9,Q9NZT1
P62854,Q9HB96
O75106,P51648
O96017,Q86YC2
P62979,Q00987
Q96D46,Q9H0A0
Q15061,Q9Y6V7
Q5TAX3,Q6ZN17
P07585,P10600
O95926,Q96DI7
P55769,Q8WVK2
B9A064,Q05315
Q8WUM0,Q99567
P00390,P0CG30
P62277,Q96G21
O95342,Q9Y6L6
P05112,P60568
P04792,P25685
O00294,Q96KN7
O43529,Q9NPZ5
O00566,Q9BSC4
O75947,P30049
P01137,P21810
P38571,Q02318
P30793,Q9NV35
P34896,P49914
O00401,P61160
O60563,Q15560
P51116,Q7L576
P25786,P62191
P01137,Q9NS15
Q12788,Q96G21
P0CG47,P25963
P16070,Q15672
P02654,P02749
P41091,P62081
O60566,Q02241
P10606,P28331
O60921,Q6WBX8
P20333,Q12933
P18627,Q9NZQ7
O14602,O15371
P00736,P01024
P04637,Q8IWT3
P22413,Q9BQG2
Q13206,Q9UHA3
P82664,Q9BQC6
Q9BYD3,Q9P0M9
Q92830,Q99525
Q13895,Q96G21
P29083,Q9BTT4
P62913,Q9BQ48
Q12918,Q9UHP7
Q92793,Q99967
P05204,Q9BYC8
P51665,P55036
Q9P2J5,Q9UGM6
P05106,P08514
P49286,Q13585
P06748,P22087
O75330,P14635
O15504,Q9H4D5
O43660,Q15459
Q86XL3,Q99986
O43818,P62701
O14641,Q14332
P27482,P51911
P62491,Q8TBN0
P24864,Q14188
Q92797,Q9BWT3
O14594,P32004
P05113,P10145
Q9UL15,Q9UNE7
P62249,Q13601
P82933,Q9NRR4
P54750,Q01064
P34896,Q9UI17
O95298,Q9Y375
Q9BWU1,Q9Y3C7
P30876,Q9H204
A5D8V6,Q99816
P35579,P60660
O43818,O75817
P35900,Q99626
P09234,Q12874
Q15397,Q9BQ67
O43930,P08048
Q96SF2,Q99832
Q03701,Q8TEA1
P19235,P23458
P25787,P49721
P12643,P27037
P00750,Q07954
P32248,P42830
O43678,P00156
P16070,Q9HCT0
O60870,Q8NAV1
O15504,Q8TEM1
Q14790,Q8IUC6
P23396,Q9Y2R9
Q15070,Q9BYC8
P21802,Q9GZV9
O75154,Q96QF0
Q99436,Q99460
O15269,Q53FV1
P16234,Q07890
O75106,P20711
H3BMQ9,Q96JB2
P51681,Q92583
Q6UWV6,Q9BX95
P52961,P59665
O95249,P46459
O00238,Q15796
Q9BPX3,Q9Y248
P84098,Q92615
P62318,Q96NC0
P51531,Q6STE5
Q6STE5,Q9H8M2
Q12996,Q9UKF6
P43686,P62987
P04818,Q9BXI3
P26718,P40933
O75934,P08579
Q9BRG1,Q9NZ09
P47755,Q9C0K3
P07992,P09874
P01133,P78504
Q13148,Q13501
Q8TB61,Q9NTN3
O00566,Q9NVU7
Q13601,Q13895
P24864,Q13309
P02649,P06858
P06731,P15941
P17844,Q8WYQ5
O60896,P10997
P22309,Q9Y6L6
P07996,P41134
O14777,Q96IY1
Q13829,Q53GT1
Q13546,Q8IUC6
P82914,Q96EL3
Q9Y3B7,Q9Y676
P27695,Q13569
Q12933,Q99683
O95299,P24311
Q68CZ1,Q9UPM9
O00459,Q08881
P46783,Q13895
Q99959,Q9UI47
P0CG47,Q70CQ3
P09661,P55769
P14678,Q9H6L4
P07942,Q16787
Q9H1B4,Q9NPJ8
P14866,P67809
P16499,P36959
Q8NEH6,Q969V4
Q8TDY2,Q9C0C7
P19174,Q08881
P04004,P05106
P42357,Q96KP4
P00973,P19525
Q13435,Q9P021
O95433,P31689
Q8IV48,Q8IZH2
P02766,P10909
P82663,Q96DV4
Q9BTT4,Q9NWA0
P19525,Q5T764
P62304,Q9BRD0
P82930,Q7Z2W9
P41220,P50148
O75563,P05556
Q5T0F9,Q9H444
Q13325,Q9Y6K5
P62318,Q15428
P28845,P51857
O43174,Q96SQ9
P01031,P02748
P00338,P60174
P62714,Q06190
P60468,P62987
Q96G27,Q9Y230
Q6UWB1,Q99665
P46781,Q9H8H0
P13725,P26441
O75251,Q86YC2
P11216,Q2M2H8
P08708,P25398
P55084,Q08426
Q02543,Q9GZL7
Q9GZL7,Q9Y3T9
Q15459,Q53GS9
Q6P988,Q9UBV4
P62380,Q12962
O43639,Q13153
P35244,P54132
P21589,P49902
P82930,Q96EL2
P22413,Q8IXJ6
P30518,P41181
O60481,P0CG37
Q16778,Q99728
O00566,P78346
O00459,P09619
O75533,Q9UMS4
P82664,Q6P161
P09001,P82673
Q92917,Q9BU61
O00116,Q9Y5Y5
P19087,P51160
P62070,Q13393
O15105,P36896
P25398,P46783
P0CG37,Q96S42
Q13424,Q9NSN8
O95954,P31939
O14979,P14866
P22612,Q86W47
O60869,P42677
O60906,Q8TDN7
Q15517,Q9UIG5
P62805,Q92993
A0A1B0GUV7,Q02543
P25398,P62263
P09496,P42858
P10721,Q9NP95
P11802,Q00534
O60673,Q9UBZ9
Q15528,Q9NPJ6
P54578,Q92905
P05198,P40429
Q07973,Q9Y2D0
P08684,P56937
P38936,P62877
P25398,Q96G21
P04233,Q96L21
P62714,P63098
P82909,Q96EY7
P16520,Q8TE23
P61619,Q96A35
Q9UI95,Q9Y6D9
Q5PSV4,Q96ST3
Q96FZ7,Q9BRG1
Q9Y294,Q9Y6J0
P09661,Q9NQ29
O15372,P05198
Q9NRH3,Q9UGJ1
Q92583,Q9NPB9
O75027,Q9NYZ2
P56962,Q9UNK0
O43741,O95822
P02452,P09486
A6NGB9,P62993
O95721,Q12846
P15313,P36543
P19525,Q13283
P16234,P55075
P20618,Q9UL46
P62070,Q9UQ13
Q86WT1,Q9Y547
Q53GQ0,Q9NZ01
Q9UHA3,Q9UNQ2
P09912,Q9UMW8
P55010,P61247
Q13895,Q9Y324
Q15003,Q53HL2
P62805,Q93077
P62805,Q12830
Q07889,Q8WV28
P62875,P63272
Q13416,Q9Y5N6
P60953,Q00587
P01730,P18627
Q14916,Q6NT16
P15153,Q92556
Q02413,Q08554
P25398,Q8TED0
P35670,Q8N668
Q8TB72,Q92904
P49257,Q15363
Q96AP0,Q9H668
P63208,Q9UKT7
P10276,P17947
O75015,P01579
P08138,P23515
Q92737,Q99501
Q13546,Q8N5C8
P06756,P13612
P43246,P43351
Q15370,Q6P1J9
P22090,P84098
O75529,Q15393
Q16560,Q8N8D1
P62877,Q8IWE4
O43242,P51665
P98175,Q8IWZ8
Q92562,Q96EF0
Q07864,Q9NRG0
P01732,P60568
Q9H9J2,Q9Y3D9
O00459,P10828
Q16875,Q16877
P22090,Q07020
Q13315,Q96EB6
P18077,P22090
P33991,Q9BVW5
P06576,Q9UII2
P0CG48,Q9HAU4
P84098,Q5JRM2
O95264,Q8WXA8
P08861,P15085
P05198,Q13347
P09914,Q9UMW8
O15342,P15313
Q00722,Q7RTX0
Q15054,Q9UI95
O14836,Q9Y275
O60603,P21730
O14777,Q7Z4H7
P61371,Q12837
Q99814,Q9H9S0
P51809,Q96NW4
P62753,Q15382
P04233,P55769
P04233,P63244
O95219,Q8TCX1
Q8N8D1,Q9UDW3
P23919,Q5EBM0
O75154,Q7L804
O14793,Q14767
P22087,P46781
P29992,P35348
O15264,P49137
P11216,Q9Y572
O95402,P20226
P61604,Q8TAA5
O75449,Q9H079
O60603,Q99836
Q9H9Z2,Q9UJQ4
P23527,P62805
O95503,Q8IXK0
O15119,Q01860
P13500,P60568
P11279,Q6PJI9
Q96SD1,Q9UKL0
P62877,Q13616
Q9NPJ6,Q9Y3C7
O75581,Q96MU8
Q06190,Q15173
P05164,P68431
A6NHQ2,Q9H0A0
O00401,Q92558
O95619,Q9HAF1
Q96GD4,Q9BPX3
P42356,Q9Y2H2
P54296,Q14164
P61619,P82933
O00161,Q86Y82
Q99807,Q9NZJ6
P56282,Q15054
P39210,Q7LG56
P51948,Q16594
P07099,Q9UQ10
Q6NUS6,Q9UPM9
P08709,Q9UNN8
P02538,P04259
Q8WUD6,Q96BZ4
P01137,P26012
P24941,P30279
P05556,P08514
P54803,Q8N5B7
Q13895,Q5T3I0
P49715,Q15744
P01178,P01189
Q07955,Q15459
Q16630,Q92797
Q13619,Q15843
P07492,P61278
O14638,P00568
P34820,Q9H2X0
O95926,Q92620
Q9BT25,Q9NVX0
P78504,Q9BXP5
P26641,P62917
O95631,Q6NW40
P20472,P51608
Q12981,Q6DD87
P42766,Q9P0M9
P49588,Q9BW92
O00472,Q8WX92
P05062,P35575
Q15022,Q9BSM1
P0CG48,P25787
Q02241,Q14680
P11712,P19224
Q9NYH9,Q9Y3A4
P83916,Q86Y97
P32302,Q9Y4X3
Q8NHU3,Q9HA82
P42766,Q9Y3U8
P82664,Q96A35
P54753,P98172
P40926,Q99798
Q8N0X7,Q96JI7
P08579,Q13435
P49674,Q9C0J9
P60468,Q9NRP0
P61073,Q9HAV0
P43005,P48664
P19387,P52435
P03999,P36575
P60520,Q96CV9
Q9Y584,Q9Y5J6
O14746,Q9H0A0
P15313,P27449
Q07955,Q71DI3
P62987,Q9H0F5
P35222,Q96EB6
O60563,P50750
P11172,Q02127
P36537,P49888
O60481,Q9H9S0
Q9Y324,Q9Y6V7
Q9H0S4,Q9NQZ2
O43399,Q969L2
O60359,Q01668
P19387,Q96CW6
P23258,Q96CW5
P84243,Q15022
Q14680,Q15645
A8MTJ3,Q9NYW0
P62244,Q9H0A0
O14519,Q16576
P35610,Q9Y6A2
P57772,P62424
P62266,Q02543
P36537,P51857
Q02543,Q96D46
O14556,Q9Y315
P24385,Q00987
O43504,Q8N122
O43818,P62266
P62805,Q71F23
P41091,P62753
O14613,P17081
O95631,Q8IZJ1
P27986,Q13094
Q9BYN8,Q9Y676
O95777,Q15427
P08621,Q8WVK2
P35268,Q9HA92
P04040,Q15493
P01588,P16471
P49450,P84243
O75251,Q9BU61
O00154,Q9NZ01
P62875,Q9Y5B9
O43615,Q9BVV7
P19387,Q96HR3
P10600,Q14766
P12830,Q14160
O75822,Q9UBQ5
P09619,Q92569
P61970,Q9UBU9
O43752,P61266
O14965,O95235
Q9P0M9,Q9UNX3
P62070,Q13009
O15397,Q14974
P42766,Q9H089
P82930,Q9P015
Q9BQ67,Q9H7B2
P30837,Q9NR19
P26599,P35637
P17936,P24593
P78540,Q03154
P02649,P05067
O43237,Q9NP97
A0A1W2PRB8,Q9Y3C7
P22087,P25398
O00144,Q9UBV4
P06239,Q13094
O00459,Q8TCU6
P04085,Q13442
P20813,Q6UWM9
P60880,Q86UR5
P30876,Q3B726
P09496,P33681
P19387,P61218
P35414,P63211
P23443,Q7L523
Q13243,Q86U42
Q13601,Q9UNQ2
Q9BUL8,Q9NVK5
P28838,P48637
P58004,Q06830
O75521,P16219
P01579,P42081
P35225,Q01638
P19387,P49406
P63272,Q92541
P17987,P53041
P14678,Q9BRD0
Q86T03,Q9Y216
O15234,Q14562
P17844,Q14498
P05091,Q96KP4
P27635,Q9HA92
P00747,Q9UI14
P46734,Q15750
P42226,Q92793
P11802,Q9BQA1
Q14032,Q9Y2P5
P11233,Q9UPT5
Q07666,Q13148
P22090,P46782
P62805,Q8TEX9
P0DP23,P51787
P14136,Q13516
O00459,Q92569
P52701,Q96BD5
O00399,Q14204
P55010,Q14152
O15498,O95721
Q15370,Q6PID8
P06731,P13688
Q13554,Q92793
P41091,P62917
Q6DKI1,Q9NZM5
Q6P161,Q9BQ48
P42766,Q14684
P0DP58,P55000
P18621,P82664
P08686,P51857
P82673,Q8N983
Q8IXK0,Q99496
P13501,P22362
P82930,Q9H2W6
Q99798,Q9Y697
Q06432,Q9UBN1
P42677,Q13601
P13500,Q07325
P16234,Q9HCT0
P00709,P47710
P36888,Q92569
O76036,Q92692
P62805,Q09472
P16234,Q06124
P31930,Q10713
P61619,P62269
O00198,Q07820
P19438,Q14790
P18146,Q9BTL4
P45974,P62979
P60468,P62249
O43707,Q99755
P28072,P54578
O60306,Q99459
A8MTJ3,Q9NYV7
P36954,Q9BTT4
P39023,P61619
A0A0A6YYL6,Q9HA92
P00491,P28907
H0YNG3,Q9Y6A9
O43909,P52848
Q16539,Q9BUB5
O15169,P49841
Q92947,Q9Y2X8
P14923,Q08554
P80075,Q9NPB9
Q9H5U6,Q9NRN9
P42766,P46778
P02533,P08779
Q676U5,Q9ULW5
P62508,Q15466
P62987,Q00987
P84098,Q02878
O14735,Q13613
Q5EBL8,Q6IQ23
Q13797,Q9UQP3
O94817,Q5MNZ9
O00401,Q96RU3
O75164,P62805
P04908,Q8NEZ4
O00217,O75807
P62244,P82933
P0CG47,P45974
P13500,P51686
Q9NRP2,Q9UNN8
P04233,P42766
Q9Y3B4,Q9Y4Z0
O60716,Q12864
P35503,P49888
O14735,Q9UGB7
O75394,Q99798
P17858,Q16877
P05455,P19474
Q14674,Q96FF9
O76090,Q16518
P46060,Q9BW27
O00567,Q03701
P62913,Q00987
P82930,Q16540
O00268,Q5H9L4
P60468,Q9UGP8
Q6PJT7,Q86U42
P40692,P78527
P35503,P51857
O00220,P01911
P12004,Q9UBT6
P18627,P37840
P00156,P10606
P49841,Q68CJ9
P16144,P56199
P19838,P22612
Q8IUC6,Q92851
A8MTJ3,Q00722
Q14498,Q8IX12
O43566,P61224
O75815,Q14511
O75643,Q14562
P78536,Q99075
P30405,Q9H0C2
P01116,P27986
P01033,P19438
P60228,P61221
P19174,P62993
O60566,Q9BPX3
Q13610,Q13895
Q92797,Q969L4
P05198,P63220
O15130,P81277
P49915,Q02127
O15372,O75822
Q13823,Q9NQ55
Q9H444,Q9UK41
Q13123,Q14498
P12956,Q9H668
P62829,P82933
O60832,P22087
P04118,P07098
P62280,Q13601
P56181,Q9Y375
P18124,Q9GZL7
Q9BYC8,Q9Y2R9
P02647,P02743
P00505,P48735
Q02127,Q86XF0
P02788,P61626
Q92785,Q92922
H3BNC9,Q9BYC8
P20226,Q16514
P21589,Q13740
P10145,Q92583
O60216,Q14674
O43818,Q9NW13
P46087,Q9BQ67
Q53H80,Q99436
P0DP23,Q8NEB9
O00194,P51159
Q13546,Q9H1Y0
O15498,Q96IW7
O00626,P32302
Q8WTW4,Q96EE3
O14980,Q9C0E2
O95219,O95721
P29033,Q9Y6H8
P25787,P25789
P17844,Q08211
P29992,Q00722
O14641,Q9ULK5
P19387,P49848
Q2NKJ3,Q9H668
Q13601,Q9Y2R9
Q13084,Q9P015
Q96GA3,Q9Y5J1
P15153,Q14185
O15498,Q7Z6K3
O75496,P20248
O15553,P59046
Q9Y3B4,Q9Y4Y9
Q8TDY2,Q9BSB4
P51665,Q6ZVN7
Q13616,Q9Y2X8
P50591,Q14790
P52815,Q9NZL4
O60921,P35250
P25490,Q9C086
P15313,Q96NT0
P82909,Q96BP2
P46783,Q9Y2R9
P35244,Q9BRT9
O75800,Q8N9W5
P20963,Q9UBK5
O60925,P48643
O60603,P22301
Q15796,Q92831
O43741,Q13085
Q15427,Q9BRD0
P62877,Q9NV06
O14965,Q53HL2
P13385,Q8NER5
P27694,P35250
P62753,Q9HA92
O95299,Q9BU61
P41226,P61086
P09488,P28161
P62805,Q9BS16
P01222,P21918
P52435,P62877
O75251,P03897
O43290,P62318
O43639,O96013
P56937,Q01581
P18206,P61586
O43290,Q9NW64
Q92466,Q9H9Q2
O14653,O43752
O15264,P35638
P60468,P61165
Q8WXX5,Q99832
O43143,Q9NY93
P10301,P20936
O43143,Q9UMS4
P19838,Q9UDY8
Q9H0E9,Q9Y230
Q16543,Q9Y243
P62877,P78395
Q03701,Q96GA3
Q9GZL7,Q9NW13
P19235,P62993
E9PNW1,Q6ZRI0
P62917,Q9P0M9
P17535,Q02930
P27694,Q9BVW5
Q14999,Q9H9J2
O95168,Q02221
O14775,P38405
P19387,Q6P1J9
P36578,Q02543
Q15646,Q92985
O95931,Q9BYE7
O15055,Q99743
P62917,Q9Y3U8
O96019,Q6STE5
P63208,Q15370
P02675,P04196
P62899,P84098
A6NNW6,P60174
P05112,P15391
O75845,P56937
P09012,P55769
I3L0E3,Q9H9J2
P78329,Q08477
P07942,P56199
P00167,P20815
Q8WYA0,Q9HBG6
Q8IWJ2,Q9NP90
Q5UCC4,Q9P0I2
Q6T311,Q9BPW5
P05166,P16219
O75191,Q96AT9
Q7RTV0,Q8NAV1
O75604,P62979
P01308,P09619
O14775,P51948
Q6ZSY5,Q9UQK1
P82664,Q9HD33
O14579,P53618
A0A0A6YYL6,P60468
P23443,Q9Y6Q9
A6NHQ2,Q13895
P02647,P11597
P13647,Q9H3D4
P82930,Q9BYD3
P16615,P23327
P62308,Q8N8D1
P49321,Q14493
P42766,P48047
Q8NEZ4,Q9UBL3
P09622,P34897
P25789,Q13200
Q8IY81,Q9Y221
P49321,P62805
P14151,Q07108
P84243,Q15047
Q8NCE2,Q92562
P09661,P49756
O00459,Q969F8
P30281,Q08999
Q8NEZ2,Q9H444
Q96RT7,Q9BSJ2
P21810,Q13326
O95299,Q9UI09
P43243,Q13148
P62241,P62917
Q8NDV7,Q96J94
Q5H9L4,Q6SJ96
P25398,Q5QJE6
O15270,Q71RH2
P30968,Q5JWF2
P47872,P59768
A6NHL2,Q9BVA1
Q9NYK5,Q9Y676
O75154,Q6WKZ4
O60266,P55011
Q16526,Q49AN0
O43674,P51970
O15264,Q15256
Q96EY7,Q9H2K0
Q16665,Q8WUI4
P28482,P53778
Q8TAG9,Q96A65
P23528,P31146
P19971,P21589
P01730,P10144
O75396,O95721
P82663,Q96E11
Q3B726,Q9NW08
P12830,P25054
P30049,P56381
O95503,O95931
P01574,Q96C10
P14635,Q15058
P62070,Q13233
P22087,Q9Y265
P04233,P61353
Q68CJ9,Q92793
O75832,Q16401
Q8N7H5,Q9C0C2
P14635,Q9BPX3
P25787,Q92530
O94788,Q8IZV5
O75643,P62318
O43765,Q7L5D6
Q9BRD0,Q9P013
P54803,Q6UWV6
P04843,P04844
P28482,P63096
Q9BPX3,Q9HBM1
P04004,P06756
O95237,Q92781
P51671,Q99616
P36941,Q9Y275
Q8IXK0,Q96GD3
P19525,Q6GPH4
P11172,Q7L1T6
O75439,P36542
Q9HAY6,Q9NYR8
P36954,Q03468
P04075,P60174
O95352,Q6ZNE5
O94805,Q4VC05
O15371,Q14152
P22087,P61247
Q13263,Q9HCX3
Q99798,Q9NQ50
O75838,Q9P202
Q15398,Q99618
P08567,P47224
Q6ZMG9,Q9HA82
P40337,Q9NWT6
Q8NHZ8,Q9UKT4
O60566,Q15398
Q02410,Q9P2E2
O75251,O75438
P52952,Q02363
P27037,Q9UK05
P19387,P62805
P51857,Q9UNU6
O14641,O75197
P33992,Q14566
P55769,Q9NY12
P62877,Q9UJP4
P25786,P51665
Q8N1Q8,Q9NZ01
O43676,O75251
O75529,Q92831
P20700,Q9Y2U8
P18621,P61619
O15371,P62249
O00574,P22362
Q9UBT3,Q9UBU2
O00231,P48556
Q5QP82,Q96SW2
P09132,P25398
P42766,P61254
P20827,P29322
P37231,Q92922
P62877,Q9C0D3
Q13686,Q9C0B1
P18206,P63261
P17405,Q9NY59
P09874,Q7Z2W4
P61081,Q13619
P22087,Q9NR30
P25205,P33991
Q9NQG6,Q9Y3D6
P09001,Q9UI43
P49411,Q9P0M9
P62318,Q13838
P01579,Q13651
P32248,Q07108
P26440,Q08426
Q15393,Q9UK45
O00206,P25963
Q96EL2,Q96EL3
P35398,Q16665
O60563,P01106
P33991,Q9HAW4
P03928,P30049
O95727,Q92692
Q9Y221,Q9Y3B9
P16219,Q6NUN0
O15254,Q08426
O43914,P08631
Q13573,Q9H6L4
O00203,P59780
P40692,Q9UQ84
Q16518,Q9UHM6
O14957,P10606
Q16822,Q9NUB1
O15054,P51532
P20160,P24158
Q8NAV1,Q9Y3B4
P54920,P56962
P16520,Q9UBI6
P27701,Q969P0
O75356,P31939
Q9GZP9,Q9P0I2
P62072,Q9Y5J7
Q8IXJ6,Q8TBE0
Q14028,Q9NZT1
O43776,P47897
O14775,O75916
O60306,Q9BZJ0
P01033,P22301
Q9H9J2,Q9UI43
O95299,P03897
P62805,Q6NYC1
P56537,Q9Y221
Q13596,Q86XE0
O00268,P21675
Q15024,Q7Z2W4
O95498,Q9H999
P51587,Q14565
P05198,P61353
P48995,Q8TD43
P09471,P57771
P23258,P53350
Q9NV31,Q9Y2R9
P18085,P84085
O15155,Q13190
O14641,Q8TAA9
O60331,P15153
O00231,O00233
P07900,P28482
O15160,Q3B726
P11362,Q9GZV9
O60566,Q15003
O14733,P53778
P10599,P27695
Q13206,Q9H501
P14678,Q8NAV1
A6NMK7,Q92797
Q8TC07,Q9HA65
P17752,P31645
Q02241,Q9H8V3
Q05315,Q14376
P25787,P28072
O15105,O15198
P10109,P22570
O43555,P30968
Q9BYG3,Q9UNQ2
P25490,Q92560
Q92793,Q92831
P16520,P63211
P54764,P98172
O95931,P35227
P17600,Q9P2U7
P60880,P78352
P54803,Q13510
Q9H583,Q9NYH9
O95050,Q16613
O75379,Q99747
P63261,Q9UGJ1
O15269,O15270
P09630,P17509
P51553,P53597
Q13895,Q5TAP6
P23396,P55010
P04637,P43246
O15197,Q15768
Q5EB52,Q9UBF2
P35250,Q13315
P46527,Q7L5Y6
Q9H0U6,Q9Y2R9
P62805,Q9BTM1
O15169,Q92837
P54098,Q7LG56
P17480,Q9NYV6
O15270,Q06136
P62308,Q9UMS4
P42766,P62841
P01033,P08962
P49721,P62191
P23560,P31645
O60869,P23396
P09914,P60228
P61371,P81877
Q96EY7,Q9NYK5
P35244,Q6PCD5
O43187,P19838
O95251,P62805
Q8IU89,Q9BX95
P11387,Q9H0C5
O75306,P17568
P35575,Q9UBK2
P62979,Q13601
P26368,Q13148
P01730,P34810
P49815,Q05086
Q99798,Q9P0J6
O14757,Q9BWT6
P62805,Q8TEK3
P35968,Q9NP95
Q66GS9,Q9NXG0
A6NJ78,P82664
P51511,Q99075
Q96PH6,Q9H1M3
Q96G21,Q9BSC4
P19388,Q9NWS0
Q13617,Q15370
O00257,Q99728
P49736,Q13416
P25789,P28070
Q969F8,Q9HC23
O43159,Q9H7B2
P14635,Q15398
Q9H0A0,Q9NVX2
P56937,Q15392
P16109,Q14242
Q9BYD2,Q9Y2R9
Q9Y2R5,Q9Y2R9
Q15418,Q99640
P37059,Q92506
P07942,P23229
Q8N5B7,Q9BX95
P05129,P62070
O43914,P78324
O00206,Q8IUC6
O43818,Q9NRX1
P20336,Q16572
P01730,P06729
P62987,Q9UHA3
P60568,Q15116
P53803,Q9Y3C7
P41002,P63208
A6NJ78,Q96EY7
P57772,P84098
Q8TEB1,Q9UKI9
P18124,Q02543
Q6PJI9,Q9Y664
P13500,Q16663
O43143,O95926
Q8TE23,Q9P2W3
O00399,P47755
P00480,P36871
P62318,Q15696
P49286,P62873
P84022,Q9HAU4
P62805,Q15648
P82933,Q8IVS2
O15519,P50591
P53990,Q9UN37
P55199,P63272
P36896,Q15796
O75832,P04637
O14653,Q12981
Q04637,Q4VXU2
P12544,P20718
Q9H2C0,Q9Y2M5
P58004,Q96EE3
Q13838,Q96QD9
P25490,Q05BQ5
O95071,Q96G74
O75947,P10606
O43914,P02746
P42285,Q9NPD3
O00533,O14786
P33681,Q53GD3
P32121,Q15750
P05114,Q9P0M9
P15289,P54803
P05113,P15248
P41091,P55010
P08842,P26439
P46781,P55010
Q86V24,Q9HD89
P04062,Q9BX95
P27037,Q96S42
P17752,P28223
P15289,Q99519
P16144,Q9UKX5
P82664,Q96GC5
P05015,P60568
P20718,Q9BYJ0
P08579,Q6UX04
O43889,Q15466
O95229,P52732
P62316,Q9H6L4
Q16695,Q92830
Q96SW2,Q9NXF7
P06756,P56199
P16435,Q08477
P22626,Q9H6S0
P00491,Q9Y6E7
P63272,Q96ST2
P0DPH7,P68366
Q96L21,Q9Y2R9
P56282,Q9UJA3
P43246,Q96BD5
P22090,P46781
P26232,Q12864
Q96RU2,Q9HAW4
P52435,Q92759
P15391,P20273
O43290,Q8WVK2
P29218,Q96PE3
P00813,P21589
P62834,Q13094
P12644,P37023
P48729,Q5JTH9
P27539,Q6ZMG9
Q14061,Q8N4Q1
P01308,P02741
P25398,P32969
P14635,Q15003
A6NHX0,Q6PJI9
Q07955,Q9NVP2
P23396,Q9UBQ5
P02795,P80297
P29322,P52799
P01730,P40933
P18124,P42766
P15313,P21283
P62829,Q9GZL7
Q8NHQ9,Q8TDD1
P02654,P27169
O00442,O43818
Q15052,Q9P286
P54136,Q9Y618
Q92530,Q99436
P15941,P17931
P21589,Q9NZK5
Q96EL3,Q9H9J2
P07741,P16499
P59998,Q9P1U1
P36954,P51946
P19388,Q9NYV6
P78406,Q8NI27
P11509,Q16772
Q16864,Q96NT0
P50150,Q9P2W3
P04150,P31948
P30260,Q9UI95
P78363,Q14028
P42766,Q8WTT2
P01303,Q92847
Q15208,Q70IA6
O94925,P19440
Q8NHQ9,Q9UHA3
Q7Z417,Q8NCA5
O15270,Q8NFR3
P61803,Q9H9S3
P12004,P40692
P15172,P23760
P39019,Q9Y3A5
P38646,Q9NS69
Q6STE5,Q92784
P01579,P23458
Q8NAV1,Q9UK45
O14735,Q9Y216
Q13435,Q8NAV1
P21917,P21964
O95453,Q9BWT3
Q9H9H4,Q9UN37
O43353,Q13490
P20132,P32929
P02766,P05543
Q6PHW0,Q92911
Q02543,Q13823
P19838,Q9Y5W3
O95721,Q86Y82
Q16543,Q969U7
P62244,Q9UNQ2
Q8TCC3,Q9BYC8
P61224,Q8IV61
Q06413,Q9UQL6
Q86V81,Q8NI27
P14621,Q9NR19
P52732,Q9BW19
Q8WW43,Q96BI3
P62714,Q8TF05
P49815,Q9UGJ0
P05166,Q08426
O15504,Q8NFH3
P51164,P54707
P36954,Q9H1A7
P13498,P62834
P16435,Q9Y6A2
O15498,P51809
O14503,Q16649
P45973,Q6NXT2
Q9NTN9,Q9ULL4
O00399,Q9UJW0
P11802,P16989
O75251,Q5TEU4
O15315,Q99728
P02749,P02760
O00746,P17812
Q9P2I0,Q9UKF6
Q8N144,Q9Y6H8
O15265,P20226
A4D1E9,Q9P0M9
P35749,P51911
O75386,Q7Z4L5
P41250,P56192
P01579,P02768
O43639,P42768
Q7Z7G0,Q9P2A4
Q12933,Q15750
Q9BRD0,Q9UQ35
P04233,Q9UKD2
O14965,Q13257
P55199,Q8N7H5
O60493,Q9UNH7
Q02318,Q15392
O43741,Q9Y478
P60709,P60981
Q96G25,Q9H204
P01275,P10645
P25788,Q14997
P56962,Q6ZNE5
P25789,Q9Y244
P61371,Q9BWG4
P62829,Q9BYC8
P41091,Q9UBQ5
Q01094,Q92793
P11142,Q02790
P84098,Q5T1N1
O14957,P56381
P84243,Q9Y294
P09001,Q9P015
Q12879,Q93086
O00472,Q9HB65
O00268,P16220
Q04725,Q08117
P62304,Q9BQA1
P68366,Q9BVA1
Q96EB1,Q9H9T3
P49771,Q9BYC8
F5GZY7,Q9HA65
P00390,Q99735
Q8N1F7,Q9BW27
P18850,P27824
O75616,P82914
O95822,Q13131
Q01130,Q86U42
P04808,Q8TDU9
Q13895,Q8TD47
O43181,Q86YC2
O43395,Q15428
P27707,Q8TCD5
P10276,Q96QH2
P09471,P62879
P78362,Q13247
Q8TE96,Q9NQZ2
O00463,Q15819
A8MTJ3,Q9NYW2
O43776,Q96GW9
Q8TDD1,Q9NZM5
Q15050,Q9BQ67
P52298,Q8NAV1
Q8IY81,Q9UHA3
O95168,P03886
Q02543,Q9Y221
Q4U2R6,Q9NRX2
Q13427,Q9Y5S9
Q93074,Q9H668
P02766,P19652
P62753,P82664
P20815,P36537
P08581,P14210
P62081,Q9UNQ2
P60602,Q9BVV7
P23443,Q92731
Q15398,Q9NS87
O95721,P60880
P50750,Q8N7H5
Q86TS9,Q9BYC8
O95602,P19387
Q9NUL7,Q9P0M9
P29322,P98172
O43776,Q9NSE4
P07585,P16989
O15169,Q9HAU4
O60921,Q9HAW4
P42766,Q6DKI1
P25791,Q01196
P54845,Q96SL8
P02788,Q07954
P00568,Q9H3S4
O60783,P82933
P18077,Q9Y2R9
Q13889,Q9NVC6
O43674,O75306
Q6ZNE5,Q7Z3C6
P10632,P20815
P31939,Q8WVQ1
Q92844,Q92985
Q13371,Q9HAV0
P05388,P82933
O75717,P33991
O75143,Q5MNZ9
P35269,P36954
Q8NFJ6,Q9HC23
P19235,P42229
P19174,Q8WV28
P19838,Q13546
O15492,Q9NZC3
P09919,P13236
P35398,P41221
P27694,Q9HAW4
Q8N9L9,Q9NZ01
P06737,P35573
P07900,P25685
O14818,P43686
P19525,Q96C10
O00303,P25398
P10144,P18627
Q9UDW3,Q9Y3B4
Q13145,Q9NPG1
Q14781,Q8IXK0
P22612,P55011
P09234,P62314
O60671,O60921
O60306,Q9Y3C6
P08581,P19174
Q13185,Q86Y97
P08319,Q9HAY6
P38398,Q92793
O43678,P28331
P01189,P43116
O14602,P05198
P27635,Q9HB96
P82663,Q9P015
Q14674,Q96R06
P00533,P07585
P62308,Q15428
Q6ZNC8,Q9UBM1
P27797,Q92611
P33993,P62877
P67775,Q15173
P21579,Q9H598
P02655,P11597
P41223,Q9UMS4
P13631,P54136
P01583,P60568
P42285,Q9NQT4
P0DP04,P29460
Q92989,Q9UKF6
O60504,Q14151
P61289,Q9UL46
P62491,Q96A65
P32248,P80098
Q07955,Q96SB4
P25398,P61221
O00401,Q9Y6W5
O75593,Q01860
P82251,Q07837
Q16878,Q9Y600
P62877,Q712K3
O00425,Q7Z739
O15047,O60341
Q96EY7,Q96RP9
Q96FT9,Q9Y366
O14795,P61266
P52333,P60568
O00505,P62826
O00429,Q9Y572
P35228,P78540
P01100,P18146
O43663,P14635
Q8NFH3,Q8WUM0
O00507,P22090
P05423,Q9HAW0
P55771,Q9GZT5
P49406,Q9H9J2
P62877,Q7L5N1
O75683,Q9NW13
Q9UMW8,Q9Y6K5
P68133,Q9UBF9
O95926,Q9UQ35
Q66K64,Q8TEL6
P40337,Q9UGP4
P42704,Q9BSH4
Q9HA92,Q9HB96
O14775,O14921
Q08AG7,Q96CW5
O60271,P62330
O14793,P36897
Q8NI27,Q99459
Q04206,Q8TBK2
P54920,Q16623
P52566,Q15669
P51116,Q7Z417
Q13123,Q8NAV1
P05198,P62913
Q9UNQ2,Q9Y5J1
Q13232,Q96DE0
P20226,Q13888
P20929,P28289
O00268,O75528
O14777,Q02224
O75533,P49756
P63211,Q9HAV0
P31350,Q9BPX3
Q9UBE0,Q9UBT2
P22314,P61086
P06132,P13716
P09601,P15559
P01106,P19838
Q9NST1,Q9Y5X9
P22392,Q5EBM0
P82663,Q9BYN8
Q13823,Q9H501
P22626,Q13247
Q6T310,Q8N8L6
P14415,P54710
Q12962,Q9BTT4
P05198,Q13144
P00390,P22352
Q9BQ48,Q9H9J2
P30279,P49841
Q16665,Q96EB6
P09619,Q07889
P20618,P28070
P49459,Q9UNE7
P21283,P36543
B5ME19,O75822
P45973,P51532
Q9NP90,Q9P253
O75947,P56381
P06756,P23229
O96001,P62714
P07992,P40692
P12830,P35222
P09012,P62310
P14061,P37058
P02533,P13647
P61247,P62917
O60675,Q9BYV9
O95478,Q9NZM5
Q01449,Q13464
Q8TEB1,Q96SW2
P18206,P21333
P18627,P33681
Q15796,Q92793
P30044,Q99757
Q9HCG8,Q9UMS4
P09630,P31274
Q02241,Q8IZT6
O15235,P19387
P08574,P30049
P22413,P43490
P25791,Q99081
O95777,P62308
P62807,Q9Y5B9
P51003,Q9H0L4
Q8NAV1,Q9NW64
O43818,P36578
P43246,P54727
P01730,P08575
Q13200,Q99436
P15173,P15884
O95777,Q5BKX5
P82664,Q02543
Q02218,Q99798
O15371,Q92905
Q06330,Q9NR61
Q8IUC6,Q9Y572
Q71UM5,Q9HB96
P24390,P33947
P51681,P63211
P13521,Q8WXD2
Q86TS9,Q9Y2R9
O43765,P34932
P06899,Q8NEZ4
P18858,P33992
Q13829,Q9P2J3
Q9NQT4,Q9NQT5
P28562,Q15759
O14776,P08579
Q8WYA0,Q9Y366
P35414,P61952
P14555,Q9NP80
P02741,Q8TD30
Q92830,Q9ULM3
P62241,Q9UBQ5
P62263,Q9NQZ2
P25963,P51668
Q07021,Q99623
P30876,P62877
O75762,Q9NWT6
O43707,O60500
P22681,Q8WV28
O00472,P63272
O43809,Q9UKF6
Q00987,Q13315
P05026,P14415
P37059,Q6UWP2
Q9H668,Q9NZC9
P21796,P30405
P48730,Q04917
P04844,Q9UNL2
P01730,P14222
P00390,Q8WUX2
O95822,Q9NR19
O00268,P19387
P33992,P39748
Q8WTW4,Q96MD2
P15085,P16233
O76093,Q86Z14
P07339,Q07817
O94913,Q92797
P13500,P19838
P19387,Q5VWG9
Q15029,Q9BTD8
Q8TE23,Q9NYW6
O15213,Q9GZL7
P35247,Q07954
P11802,P42773
P08887,P09919
P62753,Q9HB96
P19784,Q9Y5B9
Q16584,Q9UQF2
Q15459,Q9Y333
A0A087WY85,Q9HAU4
P25398,P61927
Q12959,Q16539
P82930,Q9Y6G3
O75533,Q9P021
O95249,Q96IW7
O15054,Q15910
Q9H9J2,Q9Y3D5
O15264,P46734
P02679,P08514
P11216,P27482
O15145,Q96FV2
P22090,Q9Y3U8
O43639,Q9NQU5
Q13627,Q9NYF3
P52657,Q9BTT4
P49756,Q6NWY9
Q8TD19,Q9HC98
Q8NI36,Q9NQZ2
P49917,Q9UKL0
Q16539,Q16644
P41273,Q9UNG2
Q8TDI0,Q8WXI9
E7ENQ6,O43678
O60603,P17931
P24928,P62877
O00488,P84098
P35555,Q14767
P33121,Q9Y2P4
Q9H307,Q9UKV3
P40763,Q01860
P20718,P49863
P82930,Q6P1L8
O75792,Q9Y3Z3
P17252,P28907
P01730,P04141
P56962,Q9H270
P45973,P83916
P53041,Q92574
O75439,O75489
O00507,P08048
P28838,Q9NQW7
P21281,P30049
Q8WV16,Q92466
P26368,P49756
Q02878,Q9NZM5
P23528,Q96GD0
Q9H0A0,Q9Y2R4
Q07955,Q15424
Q9NRJ3,Q9Y4X3
P35637,Q7Z333
O43688,Q96PD7
O15121,O60906
O95881,P28161
P09622,P23378
P27037,Q13485
Q96G21,Q9Y4C8
P62081,Q96G21
P30086,Q9NQ50
O43451,P11217
P84243,Q9Y3Y4
Q13416,Q9Y6D9
Q12809,Q9UK17
P11511,Q6UWM9
P84243,Q8IYH5
Q15646,Q9UII4
P17752,P41595
Q8NEB9,Q99570
Q9HAU5,Q9Y3X0
Q9NV96,Q9Y2G3
O95777,Q15428
P82663,Q9Y3D5
Q9BRD0,Q9UK45
Q13895,Q99848
Q15102,Q7L5N7
P35914,Q03426
Q96DH6,Q96EP5
Q15554,Q96AP0
Q14692,Q9GZL7
Q9H2W6,Q9P0M9
P17844,P35637
P00734,P04070
P51948,Q15545
P82930,Q9Y3B7
P55211,Q9Y239
Q03701,Q14690
P06756,Q9UKX5
P20226,Q9HAW0
P04233,P49411
O00472,P28328
P07996,P31431
Q9UBT6,Q9UBZ9
O00487,P05198
P04275,P33151
P46527,Q9NZJ0
P32969,Q9UHA3
P82664,Q9BQ48
P51452,Q8IV63
Q68CZ6,Q7Z4H7
P60880,Q9H115
O43572,P22694
O14638,Q96EB6
P04150,Q9Y6Q9
O00487,P60900
P35711,P48436
P14136,P55008
P30305,P62258
O60739,P62847
P32969,Q8N0Z6
P30305,Q9Y297
P22090,P61247
O94782,P40337
P41252,P56192
P53990,Q9H444
Q5MNZ9,Q7Z6L1
Q9NQZ2,Q9NYH9
Q14684,Q9BQ67
Q13371,Q99832
Q9NR33,Q9NRG0
P12830,P63244
P10916,P63261
P14635,P38398
P48643,P53041
Q9GZX6,Q9NPF7
O75822,P62277
P11712,P98187
O95251,P55201
O43707,P08648
Q5VZM2,Q6PJI9
P01024,P36980
O95931,Q6NXT2
P05198,Q7L2H7
P28062,P43686
P82673,Q9BYD1
P19387,Q9H3P2
P42224,Q9UMW8
H7BZ11,P62917
P62875,Q3B726
P25398,Q13601
Q9HB96,Q9NPI8
O75822,P62851
O43716,P10606
O00459,P52735
O60930,O75792
P48556,Q6ICB0
O15260,Q15363
P40424,P55317
O15360,Q9HB96
P22087,Q9NYH9
P11802,P46527
A6PVI3,P49756
P60228,Q8N3F8
P15289,Q9Y3R4
P0CG48,P46527
P54619,Q05469
Q3B726,Q9Y2Y1
O95406,Q9BXI3
P19174,P52735
O43402,Q9NPA0
P10600,P58166
P41223,Q15428
O00442,Q9NYH9
P14635,Q14980
Q8TCC3,Q9BQ48
P01116,Q15109
P25788,P62195
Q01860,Q96SZ4
P25789,Q9Y5K5
O75489,O95168
O43913,Q9Y5N6
P25789,P35998
O60928,P51787
Q8NI36,Q9NW13
O14662,O95249
Q12874,Q9UK45
O43174,Q4G0S4
Q9BX95,Q9NXE4
Q52LR7,Q8N5Y2
O95249,Q9BV40
O43818,Q9Y2P8
P62877,Q8TEB1
O15514,Q9NW08
O15155,O43752
P62873,Q9P2W3
O43187,P01583
Q96GC5,Q9P015
O43187,P08138
Q13424,Q14524
O60896,Q5JWF2
P05496,P56381
P46736,Q9UJX4
P62805,Q7L2Z9
P82664,Q14197
Q10570,Q9UKF6
P04233,P16070
Q99613,Q9UBQ5
P50613,Q9ULK4
Q8IWL3,Q9UMS0
P28330,Q08426
Q13573,Q8NAV1
O15514,P62805
O43818,Q96HR8
P33897,P40855
O00487,P25787
P15311,P35579
P52732,Q14203
P50914,P57772
Q9Y324,Q9Y5J1
P20042,Q9UBQ5
P10606,P21912
P14784,P42229
P57772,P62277
O00585,Q9Y4X3
Q9NVC6,Q9NWA0
P62829,Q9BQ48
O14602,O75822
O75581,P58335
P62917,Q8IYK2
O75019,P10321
P02741,P11226
P01116,P09619
Q13546,Q9UHD2
P07996,P18827
P51161,Q14973
P52790,Q96EK6
P22087,Q14692
O60906,Q8IU89
P25398,Q969Q0
P62805,Q86Y97
O75970,Q8N3R9
P35998,P60900
P62873,P63211
P84243,Q86U86
P33991,P39748
Q96PE3,Q9NYA4
Q5TAX3,Q9BWT3
P19174,P63098
P02656,Q13093
O00478,P78410
P52434,Q9Y3C7
P84243,Q96HA7
P01579,P38484
Q8WZ74,Q9P2B4
Q15061,Q9GZL7
P17174,Q16822
P16520,Q14123
Q12809,Q8WWG9
P51857,Q9HAW8
O00399,Q9NZ32
O75554,Q15428
P0CG48,Q15040
P07585,P10767
P04844,P43307
P62191,Q99460
P61966,Q9H0R1
P42330,Q6UWM9
Q15800,Q9UBM7
O94788,Q9NR63
P08151,P10071
Q15796,Q9HAU4
O60664,P11142
O14556,P06744
P20338,Q9H1K0
O43353,P08238
P35080,Q8N8S7
P08253,Q99075
Q9BU61,Q9Y375
Q15796,Q9Y2U8
P01106,Q01860
P55769,Q96G21
O00541,Q9UHA3
O75431,Q9NX63
P24390,P53618
P28289,Q9UEY8
Q7RTV0,Q9Y3B4
P00395,P12074
P01116,Q9UQ13
P19838,Q04206
Q9H0A0,Q9H8H0
Q8TEA1,Q9GZL7
Q8IWZ8,Q9UQ35
P00568,P23109
P10646,Q9UNN8
P06731,P35900
P83436,Q8TBA6
Q02543,Q9UHA3
Q12907,Q15363
Q12788,Q13601
O75084,P56703
Q02548,Q9GZX7
Q99708,Q9BX63
P31930,Q99623
Q86TB9,Q9UK45
P43307,P51571
P49458,P62917
P40933,P60568
P19784,Q8N488
P82930,P82933
P19387,Q6PD62
P11215,P17947
Q13427,Q9BRG2
P01584,P19438
O15264,P15336
P51686,Q13477
O00401,P16333
Q8N6Y0,Q9HCC0
Q86WX3,Q96EB6
Q9BZM1,Q9NZ20
O00626,Q9NPB9
P62136,Q96KQ4
O75431,Q6UXV4
Q15370,Q96JC9
P52732,Q9NQW6
Q8N3U4,Q9NTI5
O15534,P62877
Q8TAT6,Q9BUN8
O43741,Q53ET0
P62877,Q96JP0
P15144,P28838
P01579,Q14765
P41235,Q15466
Q8IXJ9,Q9UQR0
P08519,P11597
P12644,Q13873
O15504,Q8NFH5
O60674,P09619
P56524,Q9UQL6
Q99848,Q9Y221
P16234,P22681
P31948,Q99832
P49588,Q5T160
O75072,Q9Y2B1
P06732,P10916
Q9BRD0,Q9NW64
Q7RTR0,Q9H6R0
Q8TE02,Q9H9T3
P49721,P51665
O14775,Q2M5E4
P62491,Q15907
P63211,Q9P2W3
Q06609,Q14565
P49588,Q9HA77
P54136,P56192
P25789,P40306
P24385,Q16665
P62847,Q13601
Q00597,Q9HB96
P46013,Q02241
P06576,P08574
P0C0S8,Q8NEZ4
P18084,P26012
Q96DP5,Q9Y673
P15090,Q05469
P01106,Q13526
O60925,P50991
P10070,Q96FV9
P01031,P10643
P62877,Q86XK2
P02656,P08519
P46977,P61803
P30279,P30281
P82933,Q9HA92
O14818,P54578
Q9BSC4,Q9H8H0
P09661,Q92620
P25963,P68400
P19174,P42680
P02730,P16452
O00585,Q9UBD3
P35916,P35968
P82933,Q9Y676
O75581,Q9ULT6
O43299,Q9NZD8
P28482,P29350
Q9Y3D3,Q9Y676
P61073,P61952
Q13438,Q96CS3
O94906,O95777
P08247,P14136
Q15370,Q659A1
P62888,Q9Y2R9
Q6ZVL6,Q96QD5
Q8IYB8,Q9NQT4
P04150,P19838
O60783,Q9BYC8
P41597,Q9Y4X3
P55010,Q13347
O95926,Q6IQ49
Q13075,Q9ULZ3
Q8NF50,Q96N67
Q4VC05,Q92785
P30876,Q92759
Q6UWM9,Q9UGB7
P42766,P63241
Q6W5P4,Q9GZL7
P18146,P37231
O43674,P28331
O15553,P51878
P62249,Q9NYH9
P25205,Q99741
O95390,O95633
P46527,Q9NV06
P31371,Q86Z14
P60709,Q6STE5
Q15427,Q7RTV0
Q9HBG4,Q9Y5K8
O60810,P62861
Q8IXJ6,Q9UNH5
P35222,Q15796
P54803,Q99519
P62140,Q15435
Q15843,Q16531
P09960,Q08477
Q9NSC7,Q9NY28
Q96AJ9,Q9P253
P19387,P53803
O43463,O95863
Q9BYC8,Q9GZV4
P08579,Q8WWY3
P51857,Q9H2F3
P42766,P62280
O60739,P60228
Q9BXM7,Q9NS69
P98172,Q12923
P25963,Q9NYR9
Q16623,Q7Z7G2
Q8TED0,Q9H0A0
P25490,Q53TQ3
O60921,P27694
Q16739,Q9NY59
P04808,Q8WXD0
P02768,P04275
P05129,P19174
O75379,Q9UEU0
P12004,Q9UBZ9
Q12874,Q9NW64
P23434,Q9UI17
Q8IUX1,Q9Y375
Q96DV4,Q9BYC8
P07585,Q05707
O00512,Q04724
P08151,Q9Y297
Q9UGM6,Q9Y2Z4
P62861,Q9NZL4
P04798,P11712
P19784,Q9HAH7
P51809,Q12846
P07949,P19174
P24864,Q08999
P12956,P27694
P26599,Q07955
Q15843,Q8IWT3
P04637,Q8NEZ4
Q5HYK3,Q9NZJ6
P84098,Q9GZV4
F5GZY7,Q8TDY2
P25054,Q9ULH1
Q9NY93,Q9Y4C8
O43482,Q8NCD3
P03891,P31930
P00505,P17174
P02489,P55344
Q6ZRS2,Q9GZN1
P13385,Q15796
O00217,O95168
P22694,P48436
Q32P41,Q9NV66
P04406,P34810
P00533,P08620
P09001,P82930
O00566,Q9Y5J1
P36873,Q9UKF6
P05091,Q8WYK0
O14610,Q9HAV0
P62750,Q9NZM5
P23921,Q7LG56
Q8IXK0,Q99728
P04271,P14136
P60468,Q9UNL2
P54136,Q15046
P48651,Q9UBM1
P35557,P37837
P11926,Q9BSE5
Q07108,Q12918
P62877,Q9C0C7
P84243,Q96LA8
O95926,P62318
Q96FV9,Q9Y3Y2
Q9BYC9,Q9H9J2
P62877,Q9Y4B6
O75342,P78329
Q6W5P4,Q9BYC8
O95926,Q9NW64
P00439,P00505
P22090,P61254
P05412,P17947
P52732,Q9UIL4
P15336,P18846
P11926,P21673
P04141,P78423
P0CG47,P61086
P14678,Q9Y3B4
Q13895,Q9H583
P13612,P16144
P41743,P62714
P84098,Q9UHA3
O43186,P35243
O75146,Q13492
Q15796,Q9H9S0
O75880,Q14061
O43741,Q9UGI9
P82930,Q9HD33
P61326,Q9UMS4
P05112,P17181
O75578,P06756
O43914,Q9NZC2
P09601,P53701
Q96H96,Q9NZJ6
P19387,P51948
P55212,Q9Y572
O43291,P14210
O75251,P19404
O00425,Q9Y6M1
Q03701,Q8N9T8
O75461,Q969R5
O00204,P05181
P51668,Q9H6Y7
P46527,P50613
P51148,Q8NEB9
P10415,Q15172
P35968,Q9HCT0
P51636,Q03135
O60841,O75821
P05387,P42766
P01137,P01375
P06576,Q16795
Q9H0E9,Q9NV56
P29459,Q14213
P18075,P19883
P01116,Q92569
Q14916,Q9NRM0
Q99466,Q9NYJ7
P16234,P27986
P10721,P20138
Q7RTV0,Q9UK45
P83731,Q9Y2R9
O00330,P11177
Q9HCN8,Q9Y4L1
P30990,Q9BYT8
P42285,Q9H7Z3
Q13895,Q9H7B2
P20618,P35998
P35270,Q03393
Q15370,Q9HC16
Q13496,Q92562
Q96CS3,Q9BQE4
P05412,P13500
O15155,Q12981
P62273,Q02543
P61619,Q8N8Q8
O75431,Q9C0E8
P62877,Q9P2N7
P62487,Q9BTT4
P32320,Q9BXI3
P15880,Q9Y2R9
P33991,P33992
P15172,P17844
P17081,Q13905
P30279,Q00534
Q6P1A2,Q6P1J6
Q5T200,Q9BWU1
P49753,Q8N9L9
P82663,P82930
Q13546,Q8NB16
Q8WZ74,Q9Y6E0
P05388,Q9Y2R9
O60885,Q15370
P55344,P61421
P82663,Q5T653
O43818,Q99575
O75764,P63272
Q96A72,Q9UMS4
O75899,P18505
P62241,Q9HA92
O00505,P52294
O60840,Q9BXT2
O00330,P10515
P54136,Q9NP81
P04196,P21549
P28482,P31749
P41273,P43489
O00401,Q8IZP0
O43678,P56556
O43752,Q13277
O43704,P52848
P51787,P62861
P62906,Q9HA92
O75916,P63211
Q9UI95,Q9UM11
P20226,Q9Y6A4
Q96EL3,Q9BYD2
O15155,Q9P2W9
P09683,Q5JWF2
P46597,Q16613
Q00G26,Q05469
O43237,Q14204
P10635,Q13427
P28330,P42765
P50750,Q9H204
P84243,Q99525
Q8IWT6,Q8TDW0
Q92466,Q99627
O95180,P45974
Q9NY93,Q9Y6V7
P42766,Q9UQ80
P51398,Q9P0M9
P62877,Q15796
Q8TED0,Q9Y5J1
P82663,P82921
O95390,Q8N100
Q13326,Q16586
O60885,P84243
P84243,Q9UNP9
P46934,Q99816
O14641,P32121
P47872,Q4KMQ2
P63208,Q5XUX1
Q8N1I0,Q9Y2R9
O00292,P0CG37
P28331,Q99798
P01138,P08138
P42766,Q92901
P07311,Q9NR19
P10301,P10415
P09234,P55769
P55317,Q04726
P06576,Q7Z4Y8
P01588,Q99062
O60573,Q13541
O14777,Q96BD8
O75586,P20226
Q5MNZ9,Q9BSB4
P62318,Q92620
P08842,Q08623
Q8TD30,Q9BYV1
P11021,P25685
O43493,O75379
P09683,P43220
P41743,Q9NPB6
O75899,P78334
O43889,P28482
P62736,Q15746
P09622,P53597
P08579,Q9UMS4
P07205,P60174
O75251,P03886
Q13123,Q7RTV0
P16499,P62873
P19438,Q8NFZ5
P14324,P49356
P01911,P06340
Q92499,Q9NY93
Q8NHP6,Q96TC7
P13500,P51677
Q53GQ0,Q9P035
O94826,Q9NS69
Q8N5N7,Q96EL3
P11216,Q9NZT1
O14880,P00390
P0DPB6,Q9NW08
P19387,P82933
P27824,Q96DZ1
O75197,O75581
O00566,Q13895
Q8TAE8,Q9Y676
Q8NA23,Q9HB96
Q6ZP65,Q9NZ32
Q8IZ52,Q8N6G5
O60832,Q03701
P84243,Q8N6T7
Q00403,Q9BTT4
P17980,P20618
Q9H9Y6,Q9NW08
P51854,P60174
P45984,Q16539
O95479,P00390
O14733,P15153
Q8TF30,Q9C0K3
P09471,P30518
O95249,Q96MW5
Q15796,Q7Z3T8
P33991,P52732
P12544,Q12918
P03923,Q86YC2
H0YHX9,P62917
P46776,Q9Y2R9
P48448,Q9NR19
Q9UBD5,Q9Y5N6
Q06330,Q92830
O00587,Q04721
Q6P1A2,Q9Y6K0
Q9H501,Q9UNX4
O60739,O75821
P09683,P61278
Q6P5R6,Q9HA92
P05412,Q16539
Q9P015,Q9UI43
P56703,Q9Y5W5
P42568,Q15370
O95843,P51841
P00533,P01116
P62805,Q9NSP4
O43278,P14210
P62877,Q9UH77
O60573,Q7L576
Q99835,Q9Y6C5
P30876,P42766
Q8WYR4,Q9H0K4
Q12946,Q15465
P13929,P60174
P10916,P35579
O14730,Q13895
P20393,Q16526
Q13409,Q9NZ32
P62829,Q9Y221
P19388,Q9NUG6
P62917,P63241
P22612,Q9UPR5
P05161,Q9Y6K5
O43818,Q5TAP6
P60468,P63173
Q03701,Q9NVP1
P18621,P82933
P49588,P49591
P25685,P50502
Q9HD42,Q9NZZ3
P14927,P17568
P42336,Q12933
Q07864,Q9UI95
P12036,Q9NSK0
Q8NEB9,Q96GC9
P35249,P43246
O43187,Q9Y616
P01116,P10398
P10767,P14210
P01185,P07327
O14965,P06493
P28907,Q4G0N4
O95994,P55317
O15116,Q9UK45
Q03701,Q9H583
P42766,Q6IS14
P28482,P50548
P19387,Q9NQG5
P82930,Q9Y2Q9
P14210,P35968
O60341,P84243
O75832,P48556
O60683,P60520
Q969T7,Q9BXI3
P60468,Q99442
Q13829,Q9P2N7
P07992,Q9H9Q4
O94778,Q96PS8
P35968,Q12864
Q92901,Q9BYC8
Q92562,Q96PE3
Q03701,Q13610
P29401,P35557
P62829,Q00987
O75379,P32856
Q13098,Q15370
Q9H7B2,Q9UNQ2
P12830,Q16625
P20815,Q9NR63
P30049,P40926
P14678,Q9UK45
P15153,Q9HCM2
O43264,Q9NP72
P11172,Q5MY95
P19387,P50613
P09012,P09238
O00161,P54920
Q96EN8,Q9Y697
P51684,Q12918
Q14690,Q9NQZ2
Q9BYC8,Q9NYK5
P25788,P38936
Q9BTT4,Q9ULK4
P12830,Q15796
P13612,P26012
A6NHQ2,O00566
P03928,P56381
Q96CS2,Q9BT25
O75165,Q96QK1
P11217,Q04446
O95139,P17568
P33992,Q9H211
O00626,P32248
O75694,Q8N1F7
P62917,Q96EH5
Q9NPH9,Q9UHF4
Q8IWA4,Q8TB36
O43583,Q9Y3D6
Q52LR7,Q9H7Z6
O95777,Q15393
A8MYK1,Q9P0M9
Q10469,Q16706
O95249,Q8WVM8
P49720,P62191
O43193,P12872
Q7Z3J2,Q9Y6G5
P42766,Q9HA92
O95167,Q9Y375
P56192,Q5T160
Q96BD5,Q9UKL0
P08238,Q13546
P07996,Q07954
P61586,Q8IUC4
Q8N5N7,Q9H9J2
Q5TEC6,Q9UKL0
Q7RTV0,Q9NW64
P54098,Q9UI95
Q8N0X7,Q9NZD8
Q13895,Q9Y3B2
O95406,P01135
O94817,Q6ZNE5
O95777,Q07955
O00541,Q13601
O75717,Q99741
O43660,P09661
P31939,Q99832
Q9BTT0,Q9H0E9
Q15361,Q9P031
P36954,Q9H9Y6
P49792,Q9BW27
P14920,Q96EM0
O95391,Q9NW64
P02649,P98164
P19878,P28482
O43921,P54756
P20336,P50395
O60894,P10997
P13498,Q15080
P22362,P49682
P51688,P54802
Q96FT9,Q9NQC8
O94805,P29374
Q9NRG9,Q9UKX7
Q13601,Q6RFH5
P00439,P35270
O75419,P33991
Q53GS9,Q9BTD8
P49588,Q13155
P14866,P51991
P15173,P23409
P60228,P62753
Q68CJ9,Q99941
P05141,Q00325
Q9UN37,Q9UQN3
P62306,Q9BQA1
O60869,P62847
P62070,Q7Z569
P84243,Q9Y6F7
Q52LR7,Q9NPF5
Q99848,Q9UHA3
P27361,Q9UN42
P01116,P40692
P26373,Q9NZM5
Q92665,Q96EY7
P52732,Q96Q89
Q01201,Q99558
P61326,Q9H307
P19440,Q14032
Q14155,Q15052
Q15428,Q8IYB3
P51003,Q12996
Q96F07,Q9P2A4
P25398,P61513
P01019,Q9UBR2
P62750,Q8N0Z6
O60244,Q9BTT4
P22362,Q92583
Q96CS3,Q9Y263
Q9P0M9,Q9Y399
O15342,P36543
P82914,Q9Y676
P24752,Q9NR19
O00268,Q9HBM6
P10916,P19429
P43246,Q96SD1
P25788,P54578
O60783,Q9BQ48
Q9BTT4,Q9UHV7
P13569,P40879
Q6P1A2,Q9UBM1
O43242,O75832
Q16706,Q9BYC5
O14733,O75293
O00623,Q9Y5Y5
P15538,P51857
P28161,Q86UG4
O60508,Q07955
P62854,Q02543
P00352,Q9NR63
O43683,Q02241
P14415,P28482
Q8TDQ7,Q96EK6
P11712,P34913
P04233,P22090
P50914,Q9Y221
P30520,P31939
P35557,P52945
O14654,P19525
P20929,Q9NZR1
P82930,Q9BYC8
O75899,P63096
Q96EM0,Q9BVC6
O43920,Q9Y375
P49207,Q9GZL7
O00459,Q9UKC9
P0CG47,Q9UJX4
O75747,P42356
P23443,P27361
P16219,Q9H6R3
O75376,P10276
P07992,Q06609
P04899,Q9Y5R2
P18206,P33151
P22090,Q6DKI1
Q02543,Q969Q0
P04150,P34932
P14635,Q99618
O14788,Q8N474
P60842,Q7Z478
O00189,Q9Y587
Q96A72,Q9H307
Q9HB96,Q9NVI1
Q9BY43,Q9NZZ3
O00231,P28065
O75582,P18846
P27540,Q9H6Z9
O00459,P29350
A0A087WUM3,O75251
O75306,Q7L592
Q96DV4,Q9BQ48
P22612,P60520
O15498,O60763
O75787,Q96NT0
Q4G148,Q9NYU2
P04118,P19835
Q9BRG1,Q9H9H4
P61962,P62877
Q15428,Q7L014
P31939,Q06203
O94788,Q92781
Q13315,Q9BX63
P24298,Q9BYV1
P10109,Q02318
Q92901,Q9Y2R9
P45379,P63316
P62917,Q9UQ80
P60228,P62841
P10636,P49840
Q13563,Q9Y496
O14610,Q9P2W3
O00566,Q9NPE3
P46013,Q9BPX3
Q8NES3,Q99466
P08133,Q07954
P00739,P27169
P25788,Q9UNM6
Q86VF5,Q96PD7
O43776,Q9P2J5
Q15427,Q9UK45
Q8N9T8,Q9H501
O15492,P09471
P62875,Q9Y3C7
P02708,Q13702
P37287,Q9BRB3
P17275,P17535
P27824,P34932
O95931,Q15910
Q02543,Q9BYG3
P26718,Q92692
Q8WYA0,Q9H7X7
O60566,Q9NSP4
O76021,Q02543
P24928,Q9NVC6
P49888,P56937
Q92585,Q92830
P04004,P10451
P29965,P36941
O95219,Q9Y6G9
Q14118,Q9UKY4
O75935,P47756
P49336,Q9NPJ6
Q9H098,Q9UNW9
P08754,P43116
P24557,Q16647
Q8IY81,Q9NW13
P63208,Q93034
Q969X6,Q9BQ67
P11802,P31947
P54803,Q9Y3R4
Q15398,Q8IYA6
O15397,Q9UL18
Q02543,Q9Y3T9
P13995,Q96DP5
P13501,P49863
P12268,P21589
P08138,P23560
Q13895,Q14686
P54577,Q9UGM6
P08579,Q15428
P43487,Q9HD47
P82933,Q96EY7
O60906,Q86VZ5
Q5T0N1,Q8TD57
O60568,Q8NBJ5
P51948,Q9P287
P50552,Q70E73
P28482,Q15080
P04844,P61619
Q969P5,Q9Y548
Q8N442,Q9BYC8
P62714,Q9Y2T4
O15105,Q96PU5
O00459,Q8TCG2
P33991,P49642
P42574,Q13546
O75381,Q9Y5Y5
Q13427,Q9UQ35
P49023,Q05209
P04818,Q8TCD5
O76071,Q9H6Q4
O60524,P84098
O00585,P51686
Q86YC2,Q8IVS2
O75581,Q8N474
O75015,P60568
P49815,Q9P0N9
P51884,Q00987
O43463,P41091
P21359,P62070
P38936,Q92793
P82930,Q7Z7F7
O00566,Q15269
P16219,Q15067
A5LHX3,Q99436
Q9H0H3,Q9Y2M5
O14756,P56937
O15037,Q15843
P20339,Q96HU1
P09012,Q15029
Q08378,Q16626
O43482,Q9BXS6
P32926,Q99959
P39023,Q9BYC8
O14578,Q02241
O15016,P84243
O75355,P11172
O43752,Q12981
P63272,Q15370
P19387,P60002
P25685,Q9UNE7
P52732,Q8NCD3
O00566,Q9UNQ2
P05412,P53539
Q8N257,Q9UPT9
P62877,Q8NFZ0
P20226,P36954
Q08426,Q9BYC2
Q15696,Q8N8D1
Q13322,Q5EB52
P32418,Q9UPR5
O14598,Q9Y6F8
O76021,P42766
P23526,Q9H2M3
P05091,Q9H6R3
P12882,P68133
Q03701,Q969X6
P42766,Q71UM5
P19438,Q9Y5S8
O00459,P15153
P06280,P10253
O95198,Q96J92
P26842,P41273
Q6ZRS2,Q9Y4A5
O60306,P08579
P16662,P51857
A6NE52,P56937
P28482,Q99956
Q9H6R4,Q9NW13
A0A1B0GUS4,P62877
P42356,Q9BTU6
Q13554,Q9Y572
P82930,Q9Y2R9
Q02543,Q9H9Y2
Q13621,Q96J92
O43818,Q14690
P78316,Q9NQZ2
Q07955,Q99459
Q15172,Q9Y5P8
Q9NQ55,Q9UKD2
P63241,Q9C0E2
O14777,O43683
P02675,P05546
O94907,Q9UBT3
Q5VTH9,Q8TD57
Q71DI3,Q9Y5B9
P42357,Q9Y2T3
P62750,P84098
P02649,P11150
P82933,Q9NX20
P19525,P55265
P36957,P51553
Q09472,Q8IXJ6
O95229,Q96B01
Q2TAY7,Q9BRD0
P61204,P84077
Q6NXT2,Q9Y294
Q15466,Q96RI1
P19957,P31749
O43602,Q9BVA1
P19438,Q13490
P23443,Q8TB45
Q5TAX3,Q9NRJ5
Q7Z7F7,Q9P015
P08842,P22680
P63208,Q9UK22
O15528,Q15788
P00156,Q12887
P25490,P49711
P61586,Q9P2F6
O75822,P62249
P26640,Q9HA77
O43353,Q12933
P05412,Q92793
O00220,P36222
P04921,Q9UKJ1
P29350,Q13094
Q8TEM1,Q9BTX1
P01034,P02741
P14635,Q96GX5
P09234,Q15393
P10916,Q9NPC6
P49591,Q9HA77
P09914,Q9BQI3
Q6P1X5,Q6SJ96
P62917,P83731
P07992,P43246
P04233,P05388
O75489,P30049
P20226,P68431
P62805,Q71DI3
O75899,Q14654
P25490,P26367
P31930,Q9UI09
P84098,Q969Q0
O60260,Q9UNE7
Q15750,Q9NYJ8
Q96DI7,Q9NW64
O00292,P01137
Q15370,Q15843
Q12824,Q6STE5
Q99436,Q9Y244
P60468,P61803
P18031,Q96TC7
P30533,Q92673
O60443,P10144
Q12906,Q13148
P62318,Q9NX01
Q9UKL0,Q9Y6H3
Q8IY37,Q9NYH9
Q03111,Q8N7H5
P48643,Q13371
Q15370,Q9BT78
P25788,P62979
Q9BYC8,Q9UNX3
P50150,Q00722
A5LHX3,P25787
O43674,P56556
P24864,P38936
P43490,Q9BQG2
P84243,Q8TAQ2
P07900,P11802
Q659A1,Q9Y2F5
P24385,P42772
P04233,P62750
P62277,Q9P0M9
Q02318,Q9UBM7
P50583,Q02846
P25398,P49771
O43707,P35221
O14617,Q9Y587
Q07864,Q9Y248
P62906,P82664
P62805,Q12873
O75192,Q9Y5Y5
Q6IA69,Q8IXJ6
P10244,Q6MZP7
P19387,Q15542
P01222,P29274
P06756,P16070
P32248,Q9Y4X3
O00401,Q9UNF0
O43674,Q9NPL8
O15235,P04233
O75385,P62714
Q96E11,Q9HA92
O00148,Q9BY77
P98160,Q14112
P82933,Q9HB96
P14635,Q8WWL7
Q6P161,Q96EL3
O00472,Q9UHB7
P21802,Q9NP95
A6NJW9,P30511
Q96E11,Q9Y676
Q9HCG7,Q9NY59
O43463,Q96EB6
P49356,Q86SQ9
P42766,P80217
P42766,P68104
P45973,Q9Y6K1
P18206,P35609
P61020,Q8TB24
O60462,P35916
P63252,Q9NR82
Q7Z434,Q8IUC6
Q96GA3,Q9UHA3
P15153,Q9NQU5
P11233,P20936
P62318,Q9P013
P04637,P51784
P42766,Q9UHB9
P08579,P55769
O15264,Q9UBK2
O15379,Q92793
Q15370,Q92624
P13500,Q04206
P06737,P54840
P62829,Q9UHA3
O43921,Q16620
P61247,Q9HA92
Q13057,Q9H999
P02751,P09486
P05198,P61313
Q16082,Q16539
P02652,Q8WTV0
P24928,Q92576
P29083,Q92759
P04049,Q15382
Q9BYG5,Q9NPB6
Q13573,Q9Y3B4
P12644,Q9BQB4
Q15070,Q96EL3
Q8IWT3,Q9UM13
P42766,P62495
P49771,Q9UHA3
Q86U86,Q92785
Q969U7,Q99436
Q92922,Q92925
P01137,Q9BXN1
P17948,Q9NP95
Q92831,Q9UPT9
P02654,P02656
P20226,P52434
Q07864,Q8WVB6
P09564,P20138
O75161,Q9BPU9
P20226,Q5H9L4
P02008,P68871
Q9UBB5,Q9Y6K1
P40337,Q9Y2N7
Q9BTT4,Q9NPJ6
P19387,Q9BYC8
P82675,Q9HA92
O76031,Q16740
Q14498,Q15365
A0JLT2,P51948
Q9BYC8,Q9H3J6
Q8TAE8,Q96EY7
Q9HAU4,Q9Y3C5
P01730,Q9Y6W8
P55344,Q8N8Y2
P23258,P38398
O75394,P82663
Q04721,Q8IZL2
P62917,P63220
Q8NEB9,Q8TD86
P30301,P55344
P62917,P63173
Q86YC2,Q9NVI1
P29992,P46663
O15514,P20226
P01375,Q9HD89
P46779,P62917
Q93077,Q9Y5B9
P04792,Q16539
P09919,P21583
O43561,P19174
Q86U42,Q9BWT3
P14635,P33981
P03971,Q05066
P62318,Q9BQA1
Q9P015,Q9Y3D5
P02647,P0DJI8
P18054,P51589
P40189,Q14213
O43395,Q9BRD0
P55199,Q9BRG1
Q86XE5,Q9BYV1
P25789,P62333
P33240,Q9UKF6
P14784,Q13261
P55000,Q86Y78
P25054,Q5JTC6
P09622,P11177
Q5TAP6,Q9NW13
P56192,Q13155
P10916,P12829
P19438,Q92636
Q02127,Q6ZVE7
P19387,Q15545
P33992,Q9BQI6
P51946,Q14004
P61619,P62829
P04637,P11802
P17516,Q02318
P36954,P62877
P23258,Q96RT7
Q15061,Q9Y221
Q9NW64,Q9P013
P18621,Q9BYC8
O76093,Q9GZV9
A0A087WUM3,O43678
Q5T200,Q75N03
P33151,P35916
P02778,Q9Y4X3
O15144,Q9C0K3
Q7Z7H8,Q9P015
Q13496,Q8NEB9
P01024,P02768
O60563,Q9NYV4
O75683,Q9NZM5
O75832,P62191
P05129,P10301
P83916,P84243
O60830,P62072
P01137,P05231
P35241,Q14242
Q6P161,Q9H9J2
P82930,Q9NVS2
P21399,P51553
B5ME19,P55010
P50548,Q9H7N4
P18077,P84098
P31350,Q99741
O60346,Q02790
P08579,P62312
P14635,Q9NS87
P32248,Q9UBD3
P01024,Q9BXR6
Q86YF9,Q9NQZ3
Q13033,Q99832
O75581,Q9BQB4
O95926,Q6P2Q9
P22087,P42677
Q0VG99,Q8NES3
O14745,Q15599
Q8TEQ8,Q92521
P30305,P53778
Q13601,Q8TDN6
Q16623,Q6PUV4
Q9NQT4,Q9Y580
P09661,Q9UQ35
P84022,Q01860
P59533,Q9NYV7
P08100,Q16518
P19387,Q13503
P16035,P22894
Q03111,Q03468
P22466,P30990
Q96J02,Q9Y3C5
Q13823,Q9NYH9
P00505,P07148
P18847,Q00987
P04908,P36954
P20936,Q99704
P82930,Q9BQ48
Q9H6L4,Q9Y388
P82663,Q9HD33
O14879,Q5EBM0
P40337,P51532
P05107,P26012
Q15269,Q9NYH9
P11215,P20138
Q9H1C4,Q9NR97
P15018,P26441
O75496,Q99741
P37231,Q15466
P05388,Q9Y221
P42285,Q9H0A0
O60921,Q9BSD3
Q8IXK0,Q9H1A4
O95602,Q9NY12
Q96RT7,Q9NRH3
P63220,P69905
Q12809,Q9H252
P63252,Q14500
P36543,P55344
Q15428,Q9Y388
Q13601,Q9H501
Q4U2R6,Q9BYC9
P30305,P78396
P62249,Q9HA92
O14836,P49069
P41180,Q00722
O15047,Q8NEZ4
P05112,Q14627
O15042,Q15459
P36873,Q6ZSY5
Q9H6L4,Q9Y3B4
P50914,Q9UHA3
Q14686,Q92793
G3V2F7,Q15750
Q00987,Q92831
Q13569,Q92793
P21589,Q5EBM0
P15498,Q13094
P16144,P48509
Q15006,Q9P0I2
Q86U44,Q9H6S0
P01880,Q03426
P49841,P63098
O14842,P29992
O00401,O43516
P63252,Q8IWT1
P51812,Q99640
Q15428,Q9Y3B4
O43451,P11216
P10301,Q07890
O00626,P51679
O00217,P30049
P00505,P15090
Q9UNQ2,Q9Y221
Q8NAV1,Q9Y4Y9
O14795,Q8NB66
P11150,Q9Y5X9
O15105,P42224
P17947,Q99062
O75251,Q8TB37
P17481,P17509
Q13829,Q9H3F6
P01112,P09619
P62857,Q9NQZ2
P08579,Q96I25
P08311,P48594
P24385,P42773
P16234,P23458
O95169,Q9BVV7
P20336,P37840
P19387,Q9Y2R9
P01116,P05129
P08708,P82664
Q8N126,Q9NZW5
P18124,P22090
P62316,Q9Y3B4
Q9BRD0,Q9HCG8
Q8NFW8,Q9NR45
O75439,P25705
O15239,P17568
P01375,P60568
P10916,P13533
P35658,P57740
P63241,P84098
P49354,P49356
P33240,P51003
P46531,Q8NES3
P26373,P84098
O43674,P07919
P22003,P27037
O00410,Q86V81
P42766,P62891
P17405,Q9BX95
P22090,P27635
P56182,Q96G21
P30530,Q96S59
Q96FT9,Q9NWB7
Q96QF0,Q9BXC9
O43543,Q86YC2
O75907,Q16518
O14641,Q9H461
P04908,Q9H9F9
O95390,P36896
O43174,Q8IZV5
O43353,Q9BX69
Q14562,Q9UNP9
P24928,P62805
P60468,P61619
P60866,Q9BYC8
P13725,P42702
Q96G21,Q9Y5J1
Q92504,Q9UNE7
O60285,Q15831
Q15435,Q96RG2
B5ME19,Q9UBQ5
P07339,P11717
Q9H501,Q9NY61
Q99259,Q9BYV1
P61956,Q15843
O00585,P25106
P18621,Q9Y2R9
P12830,P16070
P26368,Q8IWZ8
P01732,P05113
O43924,P36959
P19838,Q13464
O60258,Q9GZV9
P05164,P49913
P35637,Q00839
P29597,Q13651
P19387,P26640
O43174,Q6E213
O60656,P49888
P20132,Q99707
P49458,P84098
Q8NDX5,Q9BSM1
O43914,P43405
P82673,Q9BYD6
P04233,Q5JRM2
Q9HCE1,Q9UKV8
P21579,Q15836
Q4U2R6,Q8TCC3
Q6P5R6,Q9HB96
Q12815,Q86Y91
O75072,Q8WZA1
P07737,P23528
P38398,Q9GZX5
Q9BXI3,Q9UIJ7
O75880,Q7KZN9
P49736,Q9BVW5
Q14999,Q8IWT3
P51665,Q99460
O15527,P13051
Q9BXI3,Q9H773
P04118,P54315
P25398,Q8N1I0
P62917,P68104
P02649,P02766
O00459,Q6ZUJ8
O60869,P63244
Q2TAY7,Q8NAV1
Q53ET0,Q68CJ9
P62306,Q9UK45
P25398,Q15061
P03971,P23945
P62917,Q96E11
P07919,P31930
O75385,Q6ZNE5
P26373,Q9HA92
P12830,P49841
Q16539,Q9H257
P11172,Q9UGH3
P17568,Q99685
P11142,P25685
O60353,Q9GZT5
Q9NWS0,Q9UHV9
P39019,P42766
P36959,Q13370
Q13405,Q99798
Q9BYC8,Q9NZE8
P56381,Q9UDW1
P04233,P05386
P05093,P08842
P56962,Q13277
Q13084,Q9BQ48
P11802,P14635
O00585,P01732
Q96M98,Q9UIF3
P27694,Q06609
P19544,P48436
P02788,Q15744
O15235,P82673
P30405,Q07812
P25788,Q969U7
P25398,P62753
P00738,P69905
Q8WYA0,Q9NWB7
O75822,P41091
P01116,Q12967
P42285,Q9Y5J1
Q14164,Q8IUC6
Q9BPX3,Q9H0H5
P08709,P38435
Q99436,Q9Y5K5
P47897,Q13155
P08709,P10646
O14519,Q86YP4
P0DP23,P11216
P24385,P46527
P35548,Q96T58
O15037,Q7Z2W4
Q8WXE1,Q9BW66
O75582,P84243
P51003,Q16629
P0CG30,P28161
Q96ST2,Q9Y5B9
P46459,P61266
P09661,Q96A72
Q9ULV1,Q9Y6F9
O00204,P50225
O43678,P08574
P42345,Q15382
Q6NUQ1,Q9UFG5
O95721,P54920
P15880,Q9UBQ5
P62306,Q14562
Q6ZRS2,Q9UEE9
P53539,Q96EB6
P02768,P04004
Q9P0M9,Q9Y3D9
P27037,Q13705
O00268,Q8IZX4
P26718,Q6H3X3
O00463,Q9H0F6
P82663,Q9Y2Q9
P12074,Q9Y6M9
Q9NP98,Q9UBF9
O15514,Q9Y3C7
P02765,P08493
P16662,Q9NPZ5
P10606,P56385
P54257,Q9NSK0
O94761,P27694
O15105,Q9NYJ8
Q9Y4A5,Q9Y4R8
P33991,Q14691
Q96PC5,Q9HCU5
P01019,P08311
P01116,Q07817
O00422,Q9H307
P09661,Q9Y333
P62805,P62875
P18621,P57772
P49888,Q86US8
O95863,Q13485
P42766,Q9HB96
Q8N163,Q96EB6
P62318,Q9UQ35
Q8TDY2,Q9H0Y0
O95399,Q9UKP6
Q13416,Q14566
O00585,P47992
P84243,Q86UG4
O14777,O95235
P62913,P62917
Q9H6S0,Q9Y6M1
O15541,P09661
P43686,Q99460
Q96MX6,Q9NWS0
O60258,P07585
P53539,Q13547
P51452,P53778
O00459,Q8TBX8
P29460,Q99665
P07992,P51587
Q99741,Q9UBD5
P25398,Q9Y324
P15056,P62070
P49286,Q9P2W3
P50613,Q6P1X5
P0C0S5,Q9Y5B9
Q04323,Q96CS3
P0CG48,Q70CQ3
P61204,Q9UJY5
P35398,Q99743
O94817,Q8NEB9
O00182,P18627
P15313,P38606
P46782,Q13895
P12882,P14649
P25398,P62917
P60981,Q12792
Q6PHW0,Q969G6
P63208,P78396
P17947,Q15306
P10606,P56181
P09012,Q15365
P07942,P11047
P25398,P62841
O14662,Q16623
O15528,Q15648
O95777,Q96DI7
Q8WZA1,Q9UKY4
Q15645,Q96FF9
P13569,P63104
O60906,Q8TCT0
P62805,Q9UER7
A0A1W2PQS6,P04233
P18206,Q8TBX8
Q9BRA0,Q9UK45
O95390,P36897
Q14674,Q8NDV3
Q8TAG9,Q96KP1
O95822,Q02252
P19387,Q6UXA7
Q7Z494,Q8TD19
Q15006,Q9Y3B6
P23443,P60484
Q86WV5,Q9H668
Q13326,Q9H9S5
O95178,O95299
P22090,P40429
Q96TC7,Q9BZF1
P31025,Q9GZZ8
O00401,P20929
P14635,P33552
O15105,P37173
P12956,Q15554
O14807,Q07890
P19784,P25440
O75330,Q9Y5Y7
P35606,Q16706
P46527,Q96JK2
O75832,P11802
A0A494C100,Q99741
P62877,P63208
Q92793,Q9Y6Q9
O14775,P09471
O94927,P23258
P02749,P02768
P00740,P07204
O00268,Q6P1X5
Q9NVU7,Q9NW13
P08151,P22694
Q9BVJ6,Q9H8H0
O15520,P16234
P62851,P69905
Q15648,Q9HB96
O75251,Q99685
P27986,P36888
P60520,Q92609
O60869,Q02543
P15884,P23409
A5YKK6,Q9UKV8
P52701,Q01831
Q14562,Q99459
Q9H8H0,Q9Y3A4
O15169,Q15172
P23378,Q9UI17
P62424,P63272
P62888,Q9UHA3
P82932,Q9P0M9
P26373,P60468
P08254,P21815
O75400,Q14498
Q8WWQ8,Q9Y5Y7
P51531,Q92922
P42766,P62913
P11233,Q96A65
P01266,P43699
O60494,P02647
Q9H9F9,Q9Y5K5
P01732,P18627
D6RC18,O60306
O60506,P14866
O75694,Q9BW27
P04233,P62081
O00401,Q9NZQ3
P82663,Q96GC5
Q9NW64,Q9UQ35
Q13356,Q9H6L4
O96008,P02649
P54578,Q99436
P35913,P36959
Q9H9S4,Q9Y376
P61964,Q96J94
P62917,Q9Y3D3
Q8WUW1,Q9P2A4
P29083,Q9NVC6
P22090,Q92901
Q6P582,Q9NRH3
O00238,P03971
P62136,Q9UQK1
Q04917,Q9GZV5
P36954,Q92759
O43353,Q15654
P09012,Q7RTV0
O43395,Q8NAV1
P05198,Q9NPE3
P18206,Q07157
Q92917,Q9UI33
Q9BQ67,Q9UNX4
P62987,Q96G74
P21589,P22413
P12004,P30279
P13612,Q13477
Q7L014,Q7RTV0
P28482,Q9P0N9
Q9NPA0,Q9Y3B6
Q9NVC6,Q9Y2W1
P04406,Q15382
P51857,P54855
P01730,P04439
Q86UE8,Q9Y294
O15169,Q6ZNA4
Q9GZL7,Q9NVP1
P09038,P15018
Q16363,Q9UMD9
P09661,Q9NXE8
P31997,P49913
P05089,P11926
O43818,Q9H6R4
P01033,P09238
Q14999,Q99728
P62917,Q7Z2W9
P28072,P48556
P23526,Q6YP21
P01579,Q16552
P42285,Q13895
P06576,P30049
Q5JUK2,Q9Y2T7
P47989,Q13410
P11712,Q9NR63
P61254,P62917
Q9NR19,Q9NTX5
P20618,Q16186
O43678,Q16795
Q9ULQ0,Q9Y228
P62380,Q16514
P78396,Q99741
P27694,P43246
Q13601,Q9BQ67
Q96IZ7,Q9HA92
P15531,Q13232
P17858,P49753
P33992,P56282
P25205,P56282
Q15554,Q9NYB0
P04233,Q02878
Q13618,Q969K4
Q92917,Q96DI7
O60869,P42766
O75581,Q9Y6F9
O43683,Q15003
O75554,Q9BRD0
Q96E11,Q96EY7
O00746,P22392
P61927,Q9HB96
Q9BQ48,Q9Y291
P50613,Q96G25
P15924,Q02413
P01033,P08253
P08047,P23443
O75251,P28331
P01137,P08476
O95433,P25685
P09661,Q9Y383
Q96G21,Q9BV38
Q6P9A2,Q9NSC7
P04798,P14061
O00744,O75581
Q02413,Q9NQ38
P82933,Q9UPY3
P51451,Q7L513
O94808,O95394
P31040,P55809
P42345,Q02790
Q99459,Q9NW64
P11387,Q07955
P14635,P30305
O43174,P47895
O95721,P56962
Q52LW3,Q5U651
O75306,P10109
P61244,Q99583
P20648,Q9H2U2
Q14498,Q66K64
P06307,P30990
O00410,Q8TEX9
P08253,Q15080
P16050,P78329
Q8IWA0,Q9NY93
P62805,Q9H9F9
O75694,Q5SRE5
O75379,Q96AJ9
O14756,O94788
O75955,P12830
O94808,P46926
P28907,Q9BQG2
P63211,Q00722
O00590,Q13477
Q02790,Q92990
H3BNC9,P25398
P41091,Q14152
Q9BQG2,Q9NRC8
O75643,Q96BP3
P62837,P62877
Q16822,Q9NR19
P20815,P33260
P08151,Q6IQ16
P25398,Q96GA3
O14939,P15153
P30279,P42773
O14777,Q53HL2
P49643,Q9NRG0
Q15645,Q9UQ84
P20290,P62917
Q02779,Q9Y496
P09914,Q9Y6K5
P11802,P78396
P10767,P22455
O75419,Q99741
O15160,Q9NW08
O75880,P00395
P80217,Q15646
P42677,Q9HA92
P25787,Q9Y5K5
E9PNW1,Q9UKN7
P82664,Q8IXM3
P25787,P35998
O43818,P62277
O95219,Q13596
Q9BX95,Q9NRA0
P10301,Q15052
O00161,O14662
P62241,Q9NZL4
O75351,Q9HD42
Q9H9J2,Q9Y2R9
P41221,Q8N474
P12931,Q9NWQ8
P82663,Q7Z7F7
Q08945,Q8N7H5
P62805,Q96GM5
P62805,Q03164
P41091,P62249
O43674,O96000
Q8IXJ6,Q96EB6
Q05329,Q9BYV1
P28838,Q8NHS2
P63208,Q5H9F3
P09661,Q6IQ49
P19387,P62263
P49411,P82664
Q14469,Q5TA89
Q9BZE4,Q9UI43
O14625,P80162
P05388,Q9UHA3
O00401,O43639
P28358,P31277
Q99848,Q9NQZ2
O14925,P10606
O15405,P33241
O15054,Q9UL17
P67870,P68400
P23975,Q16623
Q9BYC8,Q9P0M9
Q02809,Q7Z624
Q15172,Q5FBB7
O00746,P54819
Q08945,Q9Y5B9
P18827,P28907
Q8NEJ9,Q9H8H0
Q15800,Q99720
P16520,Q15147
Q96A08,Q9UPT9
O00233,Q16401
P08311,P12838
Q15029,Q9H6L4
O75935,Q13561
P08138,Q9Y5V3
P00505,P49448
Q99798,Q9NRX2
O14641,Q13467
P15121,P35557
P25398,P61011
P82663,Q9Y2R9
O00221,P25963
P19387,P23193
P55039,Q92616
O43707,Q9Y490
O00327,P43490
P12755,Q15796
P60468,P62910
P19320,Q13477
P37268,Q03426
O00487,P25788
P04233,Q9BYC9
Q9BYD1,Q9P015
O43464,P19438
P31260,P31268
Q9H7X7,Q9UG01
P12830,P18206
P09038,P36888
Q5TAP6,Q96G21
O00716,P78396
P63208,Q8NCQ5
P40337,P51531
P62266,Q96G21
Q8TDY2,Q96B36
O95433,Q16543
P05198,P08708
P49406,Q9Y676
Q8N1I0,Q9UHA3
Q13362,Q13522
P57740,Q7Z3B4
Q9UM47,Q9Y6R0
Q6P2Q9,Q9BTD8
Q9BT49,Q9NVV9
P61619,Q86TM6
P35243,Q15835
O14503,Q49AN0
P07992,Q92889
Q969N2,Q9H490
P50148,P63252
P61619,P62266
P17535,P45984
O75072,O95461
P30613,P60174
O94779,P51693
O75106,P05091
P16234,Q92569
O43752,Q9HD26
P06576,P47985
O75807,P49821
Q99798,Q9ULD0
O14641,O96014
P32246,P80162
P01579,P49682
Q9BUL8,Q9ULQ0
P62318,Q9UK45
O75376,P19838
P09661,Q9NW64
P61619,Q9NV31
O95295,P60880
P10109,P99999
O15553,P57764
Q96JI7,Q9NZD8
P28066,P54578
O75915,P43005
O60895,P10997
P04180,Q9UBM1
Q8TC12,Q92781
P27037,Q15796
P04637,Q15796
Q9H6I2,Q9H9S0
P14678,Q15459
P28907,Q8IXJ6
O14561,Q9H9J2
O94805,O95619
Q6SJ96,Q92994
P30279,P46527
P63151,Q15173
O75027,P22557
P49588,Q96GW9
Q15040,Q9H3M9
P27694,P35249
O43818,Q5C9Z4
Q9BQ67,Q9NX24
P01222,P16066
Q12834,Q9UJX4
Q9NZM5,Q9Y221
P48995,Q13563
P25705,Q9Y5K8
O94805,Q969G3
P35579,P67936
O15105,P01137
P22362,Q9NPB9
P12931,P24385
P84243,Q96KQ7
O43542,Q86YC2
O95251,Q9HAF1
P05198,Q9Y2R9
O95926,Q13427
P04798,Q16772
P10636,P35637
P46782,Q9UNQ2
P19440,P49448
O14641,P50148
P28799,Q13148
O00762,Q15398
P19387,P32780
Q15398,Q9ULW0
P12074,P14854
Q2NL82,Q9BQ67
P48200,Q9BYM8
P04233,P62906
P06756,P11047
O75822,Q9Y262
O60828,P54253
Q02543,Q9Y450
O14776,Q15428
Q9H2M9,Q9Y4E6
P25398,P50914
P51617,P62714
O15371,Q7L2H7
Q9BRG1,Q9BY43
O00198,Q13794
P05386,P42766
Q8WZ74,Q9ULQ0
O14646,Q9Y5B9
P25787,P40306
Q8N653,Q9Y2M5
P32321,Q9BXI3
P52732,Q96KB5
Q969X6,Q9NYH9
P62318,Q14562
P42772,P46527
O75746,Q9Y5L4
P60484,Q8NEB9
P04275,P29279
P84243,Q7Z2G1
Q99848,Q9NW13
O15264,O43524
O00471,Q96KP1
P16144,Q13753
Q16526,Q9C0J9
P05412,Q9NR55
P41091,Q9NR50
P56915,Q9Y3S2
Q9H944,Q9NPJ6
P30049,Q96IX5
P35443,P49747
P28749,P62191
P62318,Q9Y383
Q14562,Q9BZJ0
Q13601,Q14684
P12544,P27695
P32881,P60568
P22090,P63173
O00238,P12644
O75616,Q8NC60
Q00534,Q16543
P32248,P61073
P62701,P69905
Q9NW64,Q9UK45
P02741,P12821
P82675,Q9HB96
O14975,Q96GR2
P54727,Q9UKL0
Q8IXW5,Q9NWS0
P46777,P82933
P05091,P46597
P02647,P07148
O60486,Q92854
Q03111,Q16695
O14791,P35579
Q07973,Q9ULX7
O95863,Q13547
P35637,Q13283
P40616,Q13439
Q96G23,Q9NY59
Q8N511,Q9Y5K8
Q30201,Q9NP59
P0CG48,Q9UBZ9
P60520,Q9HA65
P14635,Q13257
Q13242,Q86U42
Q12788,Q9NYH9
Q9UBM1,Q9Y6K0
Q16576,Q9Y294
Q15650,Q93074
P00451,P04070
P07202,Q92911
P52701,Q13216
Q86Z14,Q9NP95
Q96GA3,Q9H501
P09919,P35998
Q15363,Q9BVK6
Q96AJ1,Q9UG01
O00541,O43818
Q8N7H5,Q9Y2F5
P04004,P26012
P03886,P17568
P05121,Q07954
P00505,Q8N142
Q8WUM4,Q9UN37
O00479,P42766
P30047,P30793
O95343,Q15465
P35222,Q9H9S0
Q9NW64,Q9NXE8
P20700,Q8NF91
P82664,Q9NV31
O60244,Q9H668
P43403,Q16539
P42766,Q9H009
P05198,P57772
Q9NQZ2,Q9Y6V7
P07327,P49189
Q7Z404,Q96N66
P05230,P21579
Q8IY81,Q9NYH9
P22087,Q9NY61
Q13686,Q3KRA9
O14558,P04792
P15153,Q8NFA2
P21917,Q01959
O00401,P68133
O96028,Q9UJQ4
P49815,Q9NQL2
P38398,Q92547
P05198,P62906
Q5TCH4,Q9NR63
P68363,Q9H4B7
Q9HD33,Q9P0M9
Q9NVK5,Q9P289
O00442,Q9NY61
P46087,Q9GZL7
P63208,Q9UKT8
P62266,P62917
P17600,P20336
P02778,P22362
P06748,P62805
O43159,Q9ULX3
P13995,P49914
Q7L5N7,Q8WUD6
Q00987,Q9UER7
P00450,Q9NP59
P33993,P56282
P78396,Q9H211
O43914,P30273
P42898,Q9H2M3
P17844,P43243
P42766,Q96CT7
P08842,P24462
Q8N983,Q99798
O75489,P10606
Q16842,Q9NSC7
Q16539,Q9UDY8
P19388,P36954
P62847,Q9NYH9
P00750,P04275
P60468,Q6NUQ4
P16520,P59768
P51575,P56373
Q92785,Q92925
P03372,P35869
O95299,P49411
P61011,P62917
Q14674,Q496M5
O15372,P25398
P50213,P51553
P02452,P02751
O95168,P31930
Q13895,Q14692
Q96G21,Q9H8H0
P18206,P35222
P08311,P29508
P02647,P02749
Q96FT9,Q9UG01
P82663,Q9NVS2
Q00973,Q8IZ52
Q8WZ74,Q9BUL8
O75717,P56282
Q02543,Q8N1I0
P62249,Q9HB96
Q03111,Q9UHB7
Q01668,Q9BXT2
Q5QJU3,Q8TCT0
P07900,Q9Y239
O60603,P02751
P49721,Q9UL46
P11597,P98155
P62841,Q9UBQ5
P62857,Q96G21
P49588,Q12904
P35637,P52272
P09601,Q12887
P07327,Q9HAY6
P63027,Q15836
O00459,O60331
P62304,Q13427
P25398,P46777
P05198,P39019
P08253,Q99727
Q8WZ74,Q9P289
P07996,P14780
Q15542,Q9NVC6
Q13114,Q15750
P78406,Q9UKK6
Q86XT2,Q99816
P15153,P19838
O00300,P50591
Q13155,Q96AE4
Q6IPU0,Q9NSP4
P82663,Q9BQ48
Q9NQZ2,Q9Y3B9
Q9P0M9,Q9UI43
P09234,Q6NWY9
A4D1E9,P49406
P62913,Q9NZM5
P00738,P02008
Q9BRX5,Q9Y248
P42766,Q969S3
P56539,Q13326
P62318,Q9NW64
P14784,P60568
P18206,Q9BX66
P25398,P47813
P01024,P08174
P19429,P62714
O00463,P19438
O75152,Q8NI27
P55769,Q15428
O00463,Q9UHD2
Q00796,Q8IZV5
O00505,P55060
P14784,P40763
P17948,Q9HCT0
Q08AG7,Q96RT7
Q8WYA6,Q9Y2W2
P21781,Q86Z14
P36405,Q96G28
P23588,P41091
Q9BRD0,Q9HCS7
Q96SZ4,Q9UJQ4
A0A0A6YYL6,Q02543
P49368,Q8WZ74
P11712,Q9HAW8
Q16566,Q68CJ9
P62877,Q13619
Q5VZY2,Q9Y5X9
P35398,P48664
O43186,Q16518
Q13610,Q9BQ67
O00203,Q9UPM8
Q14697,Q9UJJ9
P23526,Q16773
P28340,P40692
P38919,Q9NW64
P40429,Q9BYC8
Q5VSL9,Q9NVK5
P15172,Q99750
Q13546,Q15750
P62714,Q9Y570
Q16539,Q92731
P54727,P62191
P00533,Q9NP95
Q16539,Q9HBH9
O95721,Q16623
P21926,Q99075
P17752,P35270
P08579,Q13523
Q96EU6,Q9Y5J1
O00268,Q14CW9
O95665,P30990
O14775,O43665
O43143,Q7RTV0
P05113,Q16552
P62072,Q9Y5J9
O14965,Q9UM11
O75431,Q9NVH1
Q13769,Q96QD9
P27635,P42766
Q96SZ4,Q9H8Y1
Q13573,Q9BQ65
P46782,Q96G21
P04150,Q16526
Q96Q80,Q9BUN8
O43143,Q13895
P23434,Q13203
Q14242,Q92896
O60563,Q58F21
Q9BYD2,Q9P0M9
Q96KP1,Q9UHD2
P10606,Q96I36
O75530,P25490
O14745,Q5T2W1
O00567,Q9H0A0
O95863,Q9UKL0
Q8TDY2,Q99570
Q96RT7,Q96RT8
P05112,P42081
O15111,P25963
P13349,P23759
P42766,P62241
H3BMG3,Q9P0M9
Q96EL3,Q96EY7
P24941,P33991
P82933,Q6P161
P62805,Q8WXX5
P25791,Q9BXY8
P19174,Q08209
O15247,Q9NZA1
P04844,Q9H9S3
P62979,Q9HA92
O14641,Q8NEV1
Q8TDN7,Q9HA82
P63244,P82664
O15265,O75529
P62316,Q9Y2W2
Q13698,Q9UBN1
Q03164,Q92793
P52272,P62318
P62424,Q9HB96
P06732,P68133
P19367,P35557
O00626,Q9BZS1
O43513,P20226
P11712,Q16772
P11802,P30279
Q8IXB1,Q92611
A0A0A6YYL6,P42766
O14508,P36888
O95983,Q9UBB5
Q9H8H0,Q9Y5J1
O60603,P25942
P62805,Q14676
P62917,Q9BZE4
O95433,P13569
P22090,P62495
O15379,P24385
Q15836,Q86Y82
Q15038,Q96EP5
O00459,O00750
O75821,P55884
P0DP23,Q8IZF0
O43678,O95139
P07225,Q9UNN8
Q15024,Q99547
P01282,P30990
Q14123,Q9P2W3
Q8N1F7,Q8WUM0
Q96IV0,Q9BUN8
P53708,Q9UQP3
Q9NPA8,Q9UPT9
P62979,Q96DC9
P01730,Q13094
P60900,Q9UL46
P56703,Q9NPG1
Q16518,Q8IZV5
P54577,Q9HA77
Q05823,Q9Y6K5
O95983,Q8TDI0
O00585,P14151
O15254,P05091
P10242,Q92793
O75385,Q8NEB9
P02749,P06727
Q96L21,Q9P0M9
P0DP04,P18627
Q12887,Q9BSH4
Q16401,Q9UNM6
Q9H7B2,Q9NQ55
Q13976,Q86W47
Q8TDX6,Q9P2E5
Q5M775,Q8N5H7
P07992,Q9UKL0
P62753,Q02543
P60468,P62861
P26718,P43405
P22087,P56182
P01111,P28482
Q9UKV8,Q9UL18
O95822,Q9UGI9
P09661,Q8WVK2
B4E171,P27701
Q9BWT3,Q9P2I0
P11215,P31997
Q9H0A0,Q9H7B2
P25101,P63252
Q8TDN6,Q9NY93
P82664,Q9H9J2
P01579,Q99836
O60925,P61758
P15923,Q15672
P11712,P16050
P61006,Q8N3F8
Q9NP99,Q9NZC2
O00562,P0CE71
P49796,P98172
O95926,Q9HCS7
O14949,O43678
O14625,P32248
B5ME19,O60739
Q9NVC6,Q9UHV7
Q96GA3,Q9NW13
Q9Y2R9,Q9Y3B7
O00206,P01579
Q96I59,Q9UGM6
P05013,P60568
P50750,Q92759
Q9NPD3,Q9NQT4
Q68DV7,Q9ULW2
O00231,Q8IYT4
Q96EL3,Q9NX20
O14610,Q00722
P62072,Q9HAV7
O75764,P20226
O14775,Q96I99
P09496,Q9NZN4
O14775,Q5JWF2
O43174,Q9NR63
O60563,P55199
Q9BRD0,Q9Y4Z0
O00231,Q99436
O15498,O43752
P01019,P02649
P04921,Q08495
P02808,Q8TAX7
P63208,Q9H469
O00519,P21554
O60882,Q3MJ13
Q15650,Q9NPJ6
P42285,Q13901
Q13131,Q16526
P07476,P22735
Q01581,Q08426
Q96A72,Q9BRD0
Q9UJS0,Q9Y5L4
Q7Z6M4,Q9UI43
P04233,Q5T1N1
P54198,Q9Y294
P62308,Q9BQA1
P40429,Q9Y2R9
P84243,Q16576
P02652,P02656
P01033,P02751
P62314,Q9UMS4
P14920,P50440
P48029,P50440
Q9H0E9,Q9H7Z6
P17612,P41181
Q66GS9,Q6UVJ0
P51679,Q92583
O14641,Q99466
O75821,O75822
O00178,P02786
P62714,Q92736
P00390,P35754
Q9HC29,Q9Y239
P05198,P62263
P82930,Q86TS9
Q96CN9,Q9Y5J1
Q9H0E9,Q9Y4A5
O75581,Q03431
Q05D32,Q8N165
P19440,Q9Y600
P07996,P18084
O60220,Q9Y5L4
O15235,Q9HB96
P82933,Q5T8A7
P22413,P28907
Q9C086,Q9Y265
O00231,P60900
Q13418,Q15052
P04234,P49863
P82930,Q9H2K0
P01133,P09619
Q92499,Q9Y3I0
Q13427,Q6P2Q9
P01106,Q9UNE7
P09919,P40238
P25685,Q02790
P33991,Q9UJA3
P58876,Q9UPT9
P22362,P32248
P23458,Q13651
O14756,P51857
P82933,Q9P0J6
P04908,P19387
P05496,P15313
P78345,Q9H0A0
P43490,Q9BXI3
P08047,P20226
P62917,Q96CT7
P32248,P42081
P32246,P32248
P61962,Q92466
Q52LR7,Q9Y265
P07099,P11712
O94888,Q9H3F6
P08238,Q9NZL4
O00189,Q9H0R1
Q03701,Q8IY81
O00401,P06396
O14735,Q00722
O00311,P33991
Q14739,Q9UKR5
P42771,Q07021
Q9H0E9,Q9NPF5
P14920,P34897
P02730,P11171
Q8TEQ8,Q9H490
O00567,Q9Y5J1
P84243,Q92769
Q9NZM5,Q9UHA3
P19438,Q12933
P19440,Q9BUX1
O43159,Q15397
O14775,Q08116
P49588,P49589
P11488,Q16281
P62829,Q9H9J2
P08579,Q9BRD0
P29992,Q969F8
O43791,P62877
Q676U5,Q9Y239
Q13895,Q9NY93
P98172,Q15375
P82933,Q96A35
Q9BVA1,Q9Y284
P19387,Q00403
Q8IXK0,Q9UJX4
O43678,P14854
P19387,P62273
P27986,Q12933
Q9C086,Q9NXR8
O95777,Q9NX01
O14757,Q9BX63
P0CG47,Q96RU2
P15172,P23759
Q15370,Q86VP6
P62877,Q14999
Q05209,Q05397
Q16665,Q92793
P01583,P05113
P32121,Q00987
P06493,Q02241
O60306,Q8IYB3
O60921,Q14191
P49406,Q96EY7
O14640,P25054
P28074,P48556
P84243,Q9Y6F8
Q52LR7,Q9NXR8
P15090,P37231
O75251,P56556
P08579,P55081
O60566,Q9UI95
O60306,P62314
P50552,Q13237
Q13510,Q9BX95
Q8NFH4,Q8TEM1
Q9BYC9,Q9HA92
Q7L3T8,Q9UGM6
Q00722,Q9HAV0
Q15542,Q92830
P06239,Q12933
P04808,Q9HBX9
Q96EY7,Q9Y676
O00585,P51677
P62318,Q9BZL1
P61619,Q9NWU5
P12004,P27694
Q8N4C6,Q9Y224
P63244,Q9HB96
P08247,P10645
Q8WVK2,Q9BUQ8
P25490,Q09472
Q6PJI9,Q96S15
P08670,P12830
P23443,Q9UHD2
Q12962,Q92759
P43686,Q99436
P19438,Q9UER7
P62269,Q9UNQ2
P46779,Q9HA92
P12882,P35580
P09104,P10645
P25789,P43686
P62877,Q969M7
Q13115,Q16539
Q16539,Q8NEM7
Q13323,Q16548
O00626,P41597
O43353,Q96P20
O43172,Q15428
Q9NPJ3,Q9Y5Z9
P0DP23,P63098
P68363,Q9UPY8
P02708,Q04844
Q03701,Q14978
P15391,P31997
P08865,P60228
O43927,Q99616
P22309,Q9NPD5
O75533,P62318
P42336,Q9UBK5
P05556,P16144
Q8TDY2,Q96LT7
O95777,P62316
P02008,Q09472
P51665,Q5VYK3
P01375,P19838
Q13112,Q9Y294
P08684,Q16772
Q9BWT3,Q9BZB8
P15880,P22087
Q96IZ7,Q9HB96
O95685,Q9UQK1
P61812,Q14767
P36897,Q15796
Q9H6R4,Q9NWQ4
P19404,Q86YC2
O15264,Q9Y243
P40616,Q9Y6D6
P36959,Q9BY32
Q6NVY1,Q9BQ48
P22087,Q08J23
Q13884,Q16586
P14635,Q9NQW6
O00232,Q8IYT4
Q96DS6,Q9NXJ0
P19387,Q7Z7C8
P20226,Q5TEC6
O00555,Q06432
P33992,P49736
P23025,Q9H668
O00232,Q99436
Q9BW27,Q9UBU9
P01116,P31749
Q9NP79,Q9UN37
P49427,Q969H0
P48739,Q9BZ71
P01730,Q99731
Q13601,Q8IY37
P40337,Q09472
P35398,Q92753
P25398,Q8TD47
O00585,O15444
Q96NT0,Q9Y5K8
P22087,Q8NEJ9
O43639,P60763
O95445,P11597
P38432,Q15020
O95786,Q13546
P09619,P21781
P00747,Q96IY4
P32856,P60880
P06756,P18564
P43490,Q96P26
P51575,Q96G91
O14936,Q9P2E2
P33778,P84243
Q15800,Q9UKR5
Q9HD42,Q9UN37
Q6Q788,Q96S06
P48556,P62195
P53778,Q9H257
P49643,Q13416
Q8NAV1,Q8WYA6
P19419,Q16539
Q9HA82,Q9NY59
Q00987,Q13619
O60603,P05109
P62714,Q9UL03
P45973,Q5FBB7
P12882,Q96A32
P62318,Q8WVK2
O14548,P31930
P62805,P84243
P56182,Q9UHA3
P08048,Q8TD47
Q7Z2W9,Q9BYC8
O60934,Q99728
P78345,Q9Y5J1
P46527,Q5QP82
O14965,Q8NE35
P17844,P42285
Q9BQ48,Q9NX20
P03923,P17568
P42677,Q9HB96
P78316,Q9NZM5
P01024,P27918
O95168,P08574
P19087,P62879
P56192,Q12904
O00401,Q9BPX5
P01579,P42226
P57772,P83731
P05814,P47710
Q9BQ48,Q9NP92
P19387,Q71DI3
P08621,Q15428
P49756,Q15459
O15296,Q08477
Q8WXI9,Q9UBB5
P42356,P60484
O95045,Q9BXI3
P06576,P38606
P27695,Q53HV7
P32246,Q99616
Q15691,Q9UPY8
Q8NI27,Q9NQC7
P52657,Q92759
O43914,Q13241
P08138,P52803
P30837,Q08426
P08579,Q9Y5S9
P43246,Q13216
P63208,Q9UKC9
P62324,Q9UFF9
P02689,Q9BXM0
Q8IYK2,Q9HA92
Q969R5,Q99496
O15235,Q9P015
P62877,Q8N5Z5
Q8N441,Q9HCT0
P05112,Q13651
P33947,P53618
P52655,Q9BTT4
Q13427,Q9HCG8
P61006,Q9NQX4
P43686,Q5VYK3
O15155,O95249
P15313,P54707
Q15029,Q8NAV1
Q3B726,Q9UHA3
Q5VZY2,Q9NST1
P01344,P04004
O15550,Q8NEZ4
P00505,P17735
P62877,Q15370
P46439,Q9H0R1
Q13601,Q96GA3
P82664,Q9NWU5
P14415,P50993
Q02078,Q9UQL6
P10275,Q92793
Q8IUC6,Q9UHD2
P08514,P49747
Q8TDY2,Q9ULG6
Q6ZRS2,Q9Y265
Q9H501,Q9NV06
P62072,Q9Y2R9
Q9P0Z9,Q9UI17
Q6PIY7,Q9BWT3
O15169,P56704
P22897,P34810
P49589,Q9HA77
P35354,P78329
L0R819,Q9NUG6
P05112,P22897
O14735,Q9BRC7
P26368,P62318
O95251,Q9UNL4
Q14137,Q96G21
O00232,Q5VYK3
P49441,Q00722
P51003,Q13247
O75822,P63220
O95298,P10606
P46779,P60468
Q6YP21,Q8N5Z0
P51003,Q9BWT3
Q01780,Q9NQZ2
P36954,P62805
P33316,Q13232
P62280,Q9HB96
Q03701,Q9NY93
O00463,O43353
P82673,Q9Y3D3
K7EN88,P40692
O75581,P56706
P24928,Q9NWS0
O94805,Q9Y230
O43933,P28328
O15264,O95999
O60220,P62072
P12931,P26012
O00401,Q9NZM3
Q9NQZ2,Q9Y3A4
P54707,P54709
Q9H0M0,Q9Y3C5
Q9BTT4,Q9BUE0
O95760,Q01638
Q16594,Q9UPT9
O60814,Q9UPT9
Q92614,Q9NVK5
O43776,P41252
P05112,P48551
Q9H583,Q9Y5J1
P78527,Q9UKL0
Q9NZA1,Q9Y4F9
P22894,P31997
Q13936,Q9UBN1
P62495,Q02543
Q92985,Q9UMW8
O15294,Q9UH92
O14641,P19784
P60228,P62277
P25398,P46776
Q16576,Q5PSV4
P36956,Q9Y5U4
P19525,P40763
O00231,Q8WVY7
P23219,P78329
P06576,P18859
P13501,P78423
P35813,Q15796
O95972,P19883
P29084,Q92759
P02452,P56199
P49796,Q15768
O00566,P42285
Q9UBT3,Q9Y6F9
Q7Z6W7,Q9NZ01
Q13347,Q99436
O43684,Q9UI95
A0A0J9YYA3,P69905
O75616,Q9Y399
P13693,P25398
O60563,Q15370
Q01860,Q06945
O75581,Q13467
P33991,Q9BV38
Q14807,Q9Y6A5
P62487,P62877
P05091,P07327
P51003,Q8N3Z6
Q96MX6,Q9NUG6
P25789,P48556
P22087,Q9Y3A4
O96017,Q9Y294
Q6UN15,Q9UKF6
P41091,Q9BY44
O43402,Q9Y3B6
P07992,P27694
P60520,Q8TDY2
P10606,P31040
P42766,Q8NC51
P42766,P46779
P09622,P12694
Q12846,Q16623
P27695,P29372
Q03111,Q9GZS3
O60359,Q06432
P18031,Q12864
O00220,P19438
P00505,Q16762
P22090,P62913
O00442,Q9Y3A4
P09012,P14678
P00709,P02788
P02763,Q8N138
P00747,P02749
Q86YC2,Q9BYD1
P06753,Q92734
Q9NVU0,Q9NW08
P25788,P28066
Q05655,Q12933
P62913,P84098
O43818,P62249
Q6XQN6,Q9NV35
P57772,P63220
A0A087WUM3,Q86YC2
P09661,Q6P2Q9
P57772,P63173
O43678,O95178
P13498,P19320
Q8N474,Q9Y6F9
P18206,P60673
Q14807,Q9NPH6
O00716,Q08999
Q8NAV1,Q9UNP9
P10599,Q9BS26
O00471,Q8TAG9
A4D1E9,Q9BYD3
O95067,P14635
P30153,P62714
P01009,Q96DZ1
P51530,Q86YC2
O75832,Q99460
Q9UG01,Q9Y366
P07686,P51606
P13639,P62917
O95168,Q16795
P06576,P31040
O43914,Q9UBK5
O75496,P25205
P62269,Q96G21
O75306,O95168
O14638,P51841
Q70JA7,Q8IZ52
O00401,Q9P1U1
P63211,Q5JWF2
Q14973,Q9Y6L6
P30926,Q9UGM1
Q15831,Q16543
Q92782,Q92785
P09496,P61601
P01375,Q9Y572
Q9NRN9,Q9UI30
O14776,P49756
P03971,Q9H2X0
P20648,Q13488
P24863,Q9H204
O43837,P09622
P84243,Q96A08
Q13501,Q8TDY2
P16333,Q13094
P05198,P20042
Q56NI9,Q9H0A0
Q8N5N7,Q9Y676
O00401,P17081
P62877,Q5XUX0
P30305,Q9UKB1
P20226,Q9NPJ6
P35575,Q9BUM1
P35125,P49815
O43914,O76036
Q96S59,Q9UL63
O43143,Q14562
P46527,Q5MJ70
P30085,Q5EBM0
Q01780,Q13895
O43679,P25791
P18545,Q14028
P02649,Q14114
O15055,P04150
Q13829,Q8N5Z5
O60927,Q15435
O14543,P09919
P28562,P53539
P23921,Q5EBM0
P11712,Q9Y6L6
P50148,P57771
P62987,Q9HA92
O00585,P25025
P16234,Q07889
P17676,P28482
O60869,P62910
P09471,P49798
P09234,P62316
P08217,P15085
P19022,Q9NP95
P98187,Q08477
P01116,P17252
Q13247,Q15696
P38159,Q9UMS4
O43678,Q9Y375
O15105,Q9Y3F4
P51809,Q15836
Q9UHV7,Q9Y3C7
P32320,Q8TCD5
P05198,Q92879
O60583,P51948
P62877,Q66K64
P62987,Q96DC9
P11216,P19961
Q9H2W6,Q9P015
P67775,Q8WZ74
Q4KMQ1,Q9NZA1
Q9BSM1,Q9UQR0
P82675,P82930
A6NHQ2,O43818
P25208,P33076
Q8N0Z6,Q8N9B5
Q9BX63,Q9NPI8
P32243,Q01860
Q02543,Q9NZM5
P10914,P57764
Q9UP38,Q9Y6F9
P43686,Q8WVY7
Q14790,Q9ULZ3
O75152,Q96FV9
P60900,Q14997
Q96DA6,Q9BVV7
P30049,Q9Y5K8
O00330,Q96HY7
P42766,Q96A35
P62979,Q16401
O95168,P48047
P09661,Q9UHX1
P00326,Q9HAY6
P07737,Q9UI08
P09874,P27695
P49747,Q9UKP4
Q9BXY0,Q9Y221
Q00722,Q9NZQ8
P13500,P46094
Q7RTV0,Q8IWX8
P55010,P55884
P62877,Q8TEL6
Q15370,Q99814
Q12933,Q9Y4K3
P04150,Q9UNE7
Q96RP9,Q9H9J2
P18054,P33261
P51606,Q9BXD5
P10515,Q16822
Q9NP92,Q9P015
P04233,P62273
Q13573,Q9UN42
P11161,P53539
P05091,P27338
P19474,Q13501
P09471,P62873
P01375,P36941
P04004,P14543
Q15003,Q99661
O15371,P05198
P15153,Q13009
P23763,P61266
Q9BWT3,Q9UKF6
Q8IWA0,Q9NQT4
P17535,Q8WYK2
P05112,P23458
Q9BQ48,Q9BYD1
Q14714,Q16586
O14745,Q9HD26
P27482,Q14028
P25789,Q53H80
P46777,Q02543
P30084,Q99714
O75342,Q08477
Q7Z7F7,Q9BYC8
P16520,P63215
O96014,Q9NPG1
O75554,Q7RTV0
O95926,Q96BP3
P63252,Q13936
Q00722,Q9P2W3
P24941,Q15843
Q15428,Q96DI7
P11712,Q9HAW7
P63220,Q9Y2R9
P04141,P13500
P33981,P52732
P20226,Q9HBM6
Q05932,Q9NV35
P54136,Q7L3T8
O00311,P11802
Q96CA5,Q9NR09
P42224,Q92793
Q06546,Q06547
P10606,P38646
P01106,P25490
P62318,Q16637
P62877,Q96L50
P11362,Q9HCT0
O15217,P28161
P00505,P25325
O15372,P62917
P83876,Q9BTD8
Q99741,Q9Y5N6
Q03164,Q9Y5Z7
P09601,Q9H3M7
O15119,P48431
Q7RTV0,Q96LT9
P41226,P49427
Q13416,Q9H211
O43395,Q9UK45
P19838,Q15025
Q6ZQY3,Q9BYV1
Q13285,Q15466
O60925,P17987
Q99685,Q9Y4D2
O14556,P07738
P14635,P24522
Q8TEA1,Q9NW13
P04844,Q5BKT4
A0A087WY85,Q99728
P10301,Q13972
Q9NYH9,Q9Y2R4
P55884,P60228
O00566,Q13601
A6PVI3,P09234
P21589,P43490
Q5SRE5,Q8TEM1
O15047,Q15291
O00567,Q9UNQ2
O95072,Q15173
O14933,Q9UMW8
P42766,P82933
P08476,Q8NER5
Q92922,Q9BQE9
O95299,P07919
O94826,P62072
P33121,Q4L235
P06576,P38646
P04233,P20036
P63173,Q02543
P14866,Q9BYW2
P32929,Q9H2M3
P0CG48,P19474
Q09028,Q8IXK0
O14744,Q9UKN5
Q9H251,Q9P202
Q8WWH5,Q9NY12
P05388,P25398
A1Z1Q3,Q9NZU0
P07585,P08620
Q00978,Q9Y6K5
A8MW95,Q8TDY2
Q2NL82,Q9NYH9
Q16533,Q92966
P13686,Q969G6
P82673,Q9P015
O15211,P62070
P36543,Q9Y5K8
P05198,P15880
P13804,P16219
Q07866,Q9UQF2
O14965,P52732
P51398,P82664
O95721,Q9UNK0
P33991,Q9UQ84
P38936,Q00987
O94973,P09496
O14594,Q96GW7
P08559,Q16654
Q86U38,Q9BQ67
P0DP23,P19174
P19387,P62829
P09001,P82663
P06400,P30279
O60739,P60866
Q15274,Q9BXI3
Q00722,Q13554
P11802,Q96S94
P01178,P20366
P06493,Q9BPX3
Q8IY17,Q96JI7
P14927,P31930
P38398,Q05048
Q99816,Q9Y3E7
Q9GZL7,Q9H8H2
Q9BXI3,Q9NZK5
O75943,P27694
P82921,Q9Y676
P30273,Q9UBK5
Q16877,Q9NQ88
P38435,Q14393
P25398,P60468
O14682,P62877
P84090,Q9BQA1
P00505,P32754
P62308,Q9UK45
P20336,Q86UR5
P30050,P60468
O95298,Q86YC2
Q15058,Q9BVA1
P07197,Q15759
O95757,P25685
P16035,P45452
O60739,P62266
P14649,Q9Y623
Q00987,Q96PM5
P29692,Q05639
Q9P015,Q9Y2R9
Q16526,Q9Y297
P01588,P51692
O14654,Q9NYM4
O14656,Q9NVV9
P57772,P61353
O75935,P47755
P60568,Q9UL17
P15153,P51805
P27986,P61224
A0A1B0GUV7,P84098
P36873,Q9UD71
A0AVK6,Q96AV8
P09488,P20815
O15155,Q15836
P68400,Q92769
P62805,Q6PL18
Q08334,Q13651
P63211,Q03113
Q13362,Q15172
Q02156,Q12933
P68400,Q9Y5B9
P09622,Q9P0J1
P20248,P62877
P08684,Q9Y6L6
P02647,P37840
P02647,Q13093
O94788,Q6V0L0
P46779,P82664
P49588,Q9P2J5
Q13895,Q9ULX3
O60783,Q9H9J2
P30279,Q00535
P18206,P56945
O76024,P18850
Q03701,Q9NVN8
P04233,P18077
O43752,O95249
P16298,Q9UD71
Q00987,Q9H2X6
P61619,Q9BYD2
P19387,P62875
O43639,P98172
P19174,Q9UNS2
P06899,P84243
Q15370,Q8WX92
P20618,P48556
P17174,P28838
O15270,Q7Z5G4
O95168,Q9Y6M9
Q14865,Q15744
P54803,Q9HCG7
Q68CQ4,Q96EU6
P25398,Q71UM5
P43246,P54278
P62308,Q14562
Q9NXB0,Q9UPM9
P09038,P09919
Q9ULK2,Q9UPT9
P52657,Q9NVC6
O00329,Q9UBK5
O43678,P47985
P10244,Q5TKA1
Q8NDV7,Q9UKV8
P56182,Q13601
P22087,Q9BVP2
Q9NUG6,Q9UHV9
P25789,Q9UNM6
P78549,Q969S2
P36776,Q16740
P05556,Q8IZW8
P20674,Q12887
P32302,Q92583
P59827,Q96DR5
P82664,Q04837
O60231,P17844
P02008,P02100
O00763,Q9NR19
Q96DV4,Q9H9J2
P62191,Q9Y5K5
Q8IWL3,Q9HD34
P61619,P83881
P51587,Q9HB96
A0AVK6,Q01094
Q86X52,Q8N6G5
P07585,P09486
P01579,P24394
P09430,Q9Y4C1
P62487,Q92759
O60583,Q659A1
Q6ULP2,Q9UPM8
O60359,Q9UBN1
Q06547,Q8IY57
Q92797,Q9UKF6
Q9NPB9,Q9Y4X3
P25208,Q9H160
O15145,Q9NZQ3
O14994,P21579
P03973,P08311
Q9BQG2,Q9NWW6
Q14623,Q99835
O60760,P11712
Q8WWB5,Q9H6T3
O95777,Q96A72
P27694,Q13315
P02741,P13726
P04554,P09430
P04233,Q30154
Q15648,Q9Y3C7
P18510,P27930
Q8N488,Q969R5
P04792,P42574
P42704,Q9GZT3
Q6ZNE5,Q9HBF4
Q93077,Q9UQR0
P07992,P18887
P50613,Q5VWG9
P22087,Q9H0A0
Q9BVG9,Q9UBM1
P07814,Q5JTZ9
Q15831,Q96EB6
Q8NFM7,Q9UHF5
Q92979,Q9GZL7
Q96M91,Q9UIF3
P15924,Q08554
O95777,Q9Y333
P49321,P68431
P18146,Q96RU8
P30566,Q9BXI3
P07996,P08514
P31939,Q9H903
P28161,P30041
P62829,P62917
P52434,Q9NYV6
O60869,P61927
P02452,Q9UKX5
P11161,Q13506
Q13596,Q96QK1
Q15370,Q5VXH4
P00533,Q9HCT0
P46087,Q8NHQ9
Q13895,Q9BVJ6
P19387,P36954
Q16850,Q9BXS1
O60547,Q9BT22
Q71DI3,Q8NEZ4
P19438,Q13114
Q96PE3,Q9Y2I7
P15289,Q16880
P0C0S5,P20226
O75762,Q02156
P35244,Q06609
P29084,Q9NVC6
P17568,P21912
P04198,Q13287
P56381,Q53HL2
P14920,P23378
O76021,Q13895
O95843,Q9UMX6
O15123,P16234
Q05048,Q86U42
O94888,Q8IYT4
P01567,P17181
A6NMK7,Q05048
Q9Y221,Q9Y3T9
Q13751,Q16363
P62306,Q13427
Q8N157,Q9BPU9
P08253,P16035
P02741,Q9BXR6
O60894,O60896
Q99798,Q9BYC8
Q3MUY2,Q9BRB3
P00414,P12074
O15432,P35670
Q99816,Q9H3S7
P04406,Q92626
P15880,Q9P0M9
O43159,Q9BZE4
O00574,O00585
Q16763,Q99728
Q8WUM0,Q9UBU9
Q96FV9,Q96QD9
P15153,Q13233
P33991,Q9UNS1
O15235,P82930
O00487,Q9UL46
P82663,Q9H2K0
Q6UWY2,Q9BRG2
Q9BYD6,Q9Y676
P20936,P36405
P23443,Q15382
Q01860,Q99626
Q96MM3,Q9H9S0
O60603,P21810
Q9H583,Q9UNQ2
P82664,Q9BYD2
P24941,Q99741
Q9NPJ6,Q9Y2X0
P13232,P14784
P09919,Q16186
P26358,Q9UBB5
P63208,Q9UJT9
Q9NQZ2,Q9NV06
Q8N8Y2,Q96NT0
P04150,P0DMV8
P21580,P25963
P00750,P04004
P17535,Q9NR55
P48556,P54578
P48066,Q9NSD5
P10301,P27986
P29084,Q9NPJ6
O43290,P09012
P17947,P41182
Q9GZV9,Q9UEF7
Q9H6T3,Q9Y230
P36405,Q13432
P62877,Q96GG9
Q9BYV1,Q9UL12
O14836,Q96RJ3
O95777,Q9UK45
P11912,P20273
P21281,P55344
Q99496,Q99728
P62491,Q86YS3
P10114,Q6Q788
Q7L1W4,Q8IWT6
P62266,P84098
Q9GZN1,Q9Y230
Q9BYC9,Q9HB96
P22413,P54840
Q8NEB9,Q9GZQ8
O95210,P46976
Q6NVH7,Q9UKL0
Q16659,Q8IW41
P09661,Q9Y4Z0
P15153,Q13177
O00767,Q9NZ01
P25398,Q9H583
P25963,P62987
Q9UBU2,Q9Y6F9
O95299,Q9P032
P35475,Q2M3T9
Q8TC59,Q9BXT4
Q13158,Q9Y572
P62917,Q9H9S3
P38646,Q9BVV7
P78396,Q00534
P20618,Q53H80
Q9BY43,Q9H444
P11362,Q92793
P04233,P25025
P61244,Q969R5
P15085,P40313
P55344,Q13488
O15400,O15498
P22309,P51857
Q15050,Q3B726
P07741,Q01064
Q8N427,Q8NEP3
O14944,P01133
Q5T6L9,Q99832
P62917,P82933
P60900,P62195
O14777,P06493
P28222,P31645
P00505,P27708
P08151,P49407
O14827,P10301
P62308,Q9NW64
P53778,Q92731
Q08AG7,Q9UGJ1
Q86W47,Q9Y691
P63272,Q8IXH7
Q96CS3,Q9GZP9
P08069,P14210
Q86XP3,Q9Y3B4
Q3B726,Q9Y3T9
Q13618,Q9BTE7
P57772,Q9NX07
P12277,P48029
P11279,Q8WTW4
O95954,Q96DP5
Q9NQZ2,Q9Y5J1
P17947,P23769
Q6P161,Q9Y676
Q9BZE4,Q9H0A0
O14842,P50148
P01579,P16410
Q71F56,Q9NPJ6
P82673,Q4U2R6
Q9P0J6,Q9P0M9
Q3SYC2,Q5VZY2
O43678,O75947
P25398,Q9H6R4
P39019,Q9H0A0
P28062,Q99436
Q8WZA1,Q9Y2B1
Q9NYH9,Q9Y3T9
P01574,P19838
O00566,Q9H501
Q8IXK0,Q9NXR7
Q96EH3,Q96EL3
P01189,P04150
P29992,P30968
A0A0B4J1Y9,P15018
O75821,P46783
Q9NPJ8,Q9UBU9
P04233,P84098
Q8NEB5,Q8WUD6
O43633,O75351
P00505,Q02218
P36578,Q8N0Z6
P62877,Q9BQ90
Q96EU6,Q9BQ90
P06756,P35443
P06576,Q5TC12
O43826,P35575
Q92793,Q99814
P07900,Q9NWS0
Q76KP1,Q9H2A9
O60763,P53618
P49448,Q9Y572
P09661,Q9Y4Y9
P25398,Q8NA23
P31939,Q8N142
P05129,Q9H6Z9
A6NHL2,P10144
P19387,Q9P086
Q96GQ7,Q9Y5J1
P50914,P62917
P08069,P19174
P50748,P52732
Q15833,Q16623
Q6P1L8,Q9P015
O14495,P54803
P06493,P50613
O15054,P61964
P29460,P42701
Q6PIL6,Q9NSA2
P16219,P23786
P05181,P18054
P28062,P60900
O75251,P21912
P02452,P29279
P46734,P61224
Q53G44,Q9Y6K5
P47756,Q9NZ32
Q2TAY7,Q9Y2W2
O43674,P56385
Q6P5R6,Q9GZL7
P49588,P54577
A0A0J9YYA3,P02008
P82930,Q9NZE8
P10767,P22607
Q99816,Q9NZ09
P26641,P42766
P22087,P62847
P10144,Q03252
P28482,Q68DD2
O60825,P35557
P06737,P11217
Q13895,Q9BSC4
P53367,P84085
O94778,Q8NBQ7
Q12933,Q9NR28
P54803,Q86VZ5
Q9H9S5,Q9UKY4
P25490,Q9H981
P06737,P36871
Q15029,Q7RTV0
O15498,Q9H267
O14543,Q15370
Q969R5,Q9BYE7
O75094,O95631
P18206,Q9HBI1
P0CG48,P61086
P12830,P42574
P02730,P16157
P63098,Q13522
Q16594,Q6SJ96
P08708,P60228
P01282,P43116
Q9P2A4,Q9Y6W5
Q04721,Q9UBG7
P49720,Q9UL46
Q9H9F9,Q9Y265
Q8HWS3,Q9Y4Z2
O43174,P33260
P09012,Q15459
P19387,P52434
O76094,P84098
P08620,P11362
P14920,Q9UL12
P60468,Q02878
Q9H9J2,Q9NYK5
O43264,Q12981
P36954,Q16594
P05771,P28482
Q99848,Q9NZM5
P46778,Q9HB96
Q7KZF4,Q96J94
P28482,Q99717
O75940,P09661
Q96A35,Q9P0M9
P25398,P62277
P63272,Q03468
P27986,P42356
O43674,P56181
P21579,Q99689
O43299,Q9H0R1
O43920,O75251
P0CG47,P60900
P62805,Q7KZ85
Q7RTV0,Q8WYA6
P07992,Q00597
P04118,P09093
Q13895,Q15397
P82930,Q96EL3
P06756,P08123
P05093,P51857
P10144,Q14790
Q13427,Q9HCS7
Q03701,Q9BVJ6
P10606,P14406
Q9H875,Q9NW64
Q9GZL7,Q9NWT1
P28907,Q9BZQ4
P01116,Q9NZL6
P05388,P19387
P42766,Q15648
P08621,P49756
P84243,Q99879
Q96ST3,Q9UKL0
O75616,Q9Y3D9
P36894,Q16671
O43264,Q9P2W9
O00487,O75832
Q92889,Q9BQ83
Q13093,Q7L5N7
Q01101,Q9UKL0
P20701,P26012
P17844,Q9UKV8
P62701,Q9UNQ2
P62244,Q9NYH9
O75554,Q9UK45
P09341,P22362
P62714,Q99832
P56282,Q9NR33
O60220,Q9Y5J6
O14561,Q9Y375
Q8IUF1,Q9BRT8
P23677,P27987
P26367,Q92793
P25789,P32297
P10244,Q12834
P10720,Q99731
Q86VI1,Q96KP1
O75251,P08574
P57740,Q5SRE5
O60493,Q4G0F5
Q12770,Q9Y5U4
P07992,P19447
P09919,P19875
O00566,P46781
P19474,P62987
O43639,Q15768
Q86XI2,Q9BPX3
P51659,Q9NUI1
P29965,Q9GZX7
Q13651,Q9GZX6
Q07812,Q96EB6
P42766,Q9GZL7
P22087,P46087
O43186,Q96NR8
P0C0S8,P84243
Q13895,Q9NVU7
Q92793,Q92985
Q9BX95,Q9HA82
P09012,Q9BUQ8
Q8NAT1,Q9UKY4
Q3B726,Q8TDN6
P61353,Q9HB96
Q9Y5W5,Q9Y6F9
Q13601,Q9ULW3
P82663,Q8NBR0
P17861,Q9NZJ5
P37198,Q9UKK6
P10606,Q9NX14
P25787,P62987
Q13546,Q9NYJ8
Q92989,Q9UKV8
O43174,Q9BTZ2
P15153,P27361
O14777,Q8NCD3
P43246,P51587
P61619,P62424
P05198,Q99613
O00459,P06401
P08913,P09471
Q93074,Q9Y3C7
P19438,P20333
P00568,P30613
Q86YW5,Q9NP99
P15104,Q9BVC6
Q92979,Q9Y6V7
Q9Y2B1,Q9Y6A1
O43929,P33992
P61619,Q8TCJ2
P15374,Q15843
Q92831,Q96EB6
P61081,Q8IWE4
Q96BP2,Q9P015
P02538,P13647
P17980,P54578
P51003,Q9NRJ5
Q3B726,Q9H501
P62877,Q8N668
P42285,Q9UHA3
P04921,Q16570
P06756,P16671
Q96G27,Q9Y265
P10071,Q99835
P14866,P35637
O43323,P08151
P82932,Q9HA92
Q9NYH9,Q9Y324
O95777,P62318
P48556,P62979
Q04609,Q9ULI2
P12036,P53778
P07237,Q32P28
P04233,Q6W5P4
A4D1E9,P09001
P62318,Q9Y4Z0
O95817,Q9UNE7
P25788,P60900
Q96NZ1,Q9HD90
P35250,Q14181
P36578,P84098
P16070,Q16363
Q5T200,Q9UHV7
O15042,P09661
O94906,Q9BRD0
P56282,Q9BVW5
O14745,P07550
Q00839,Q07955
P14625,Q96DZ1
P63252,Q12809
P27361,Q13115
Q4U2R6,Q9H0U6
Q04721,Q8NES3
Q01201,Q15653
Q96FT9,Q96RY7
P20132,Q16773
P15153,Q9BYG4
Q08209,Q13522
P62249,P82933
O95249,Q12981
P84098,Q9UQ80
Q8NFR9,Q9P0M4
P30405,Q14643
P62277,P82664
O75330,Q15398
P13501,Q9NPB9
P19447,Q9NVC6
P50613,Q15543
P22694,Q99819
O14818,P62191
P42858,Q02779
P0DJI8,Q8WTV0
P42766,Q9BYC8
P62805,Q5QNW6
P82664,P82914
P84098,Q92901
P78346,Q9UKV8
Q8N7H5,Q8WX92
P15954,Q9BQ61
P00505,P16671
P08648,P26012
P42330,Q9UQ10
P25398,Q969X6
P20618,Q9NRR5
P34932,Q9NZL4
P0DP23,P51636
P51636,Q96GE6
A2RU49,P25789
P26718,Q29983
P42356,Q5T9C9
Q92901,Q9P0M9
Q99877,Q9UPT9
P02647,Q8WTV0
O60508,P62318
Q99470,Q9UBS4
O43918,P84243
Q8WYQ5,Q9UKV8
O60783,O75616
Q15788,Q92793
P62877,Q9UK73
P10301,Q9NS23
O00401,Q9NYB9
P35398,Q92993
P01730,P11215
P49815,P63104
P62318,Q9Y4Y9
P62805,Q68D10
O00268,Q15543
O75452,Q9HAY6
P29728,Q96DX8
P00167,Q13427
O60603,P51617
P47804,Q8IZV5
P41240,Q03135
O00566,P25398
O95140,Q9Y3D6
Q15646,Q9UMW8
P62987,Q9HB96
P23515,Q9NS68
Q7Z7H8,Q9BQ48
P41223,P62318
O60895,Q7Z4H4
P25054,Q96N96
P10606,P20674
P41223,Q9NW64
P55010,P57772
P35244,P35249
O75695,P36405
P67775,Q15172
P59998,Q9C0K3
P08579,Q7RTV0
Q8NEY4,Q9Y5K8
P84243,Q5VWG9
P62487,Q9NVC6
P23919,Q13232
O00268,P20226
P54727,Q92466
P62847,P82664
O75251,Q16795
P60228,P62241
P13385,Q01860
P19525,Q16236
P58418,Q9H251
Q14642,Q96PE3
P41208,Q9UKL0
O43707,P60709
O43447,Q15428
Q96K21,Q9UN37
P61927,Q9GZL7
P01137,P84022
P20226,Q8IZX4
P11488,P63211
O43914,P41218
P22670,Q13547
O00501,P04275
P35637,Q01130
P62318,Q13427
P02749,P19823
P09488,P46439
P38606,Q96NT0
P05114,P82933
O14836,P29965
P18124,Q8N0Z6
P20618,P62191
P62273,P62917
P25398,Q9HB96
P04264,P35908
P13010,P62805
P01732,P27701
Q96EY7,Q9BYD3
Q99880,Q9UPT9
O14745,P05129
P84098,Q9BRX2
P19838,Q9UM47
P11233,P45984
P49643,Q9UI95
O43776,P49588
P62269,Q9UBQ5
Q14674,Q8IZT6
Q8N0V3,Q9Y676
O43741,P13807
P55769,Q9BRD0
P16989,Q92797
P17861,P61619
Q15646,Q8TCB0
P05181,P11712
O43504,Q92546
O00148,Q96QD9
Q53H47,Q9UMS4
Q13247,Q9UBU9
Q08AM6,Q9Y2I7
O75264,O75521
P35998,P51665
Q96I59,Q9HA77
Q8IV45,Q9HAR2
Q15544,Q9NPJ6
O00231,Q14974
O60716,P15153
P28482,P49815
Q9GZL7,Q9NY93
O60573,Q8N5X7
O14775,O94910
P04275,P10145
P82933,Q14197
Q5EBM0,Q9UMW8
P62308,Q8WVK2
P09622,Q15120
Q14999,Q9UJX4
P10600,Q03167
Q9HCG8,Q9NW64
O75351,Q96FZ7
Q96GX1,Q9H6L2
Q96D21,Q9HCU0
P82933,Q8WVM0
P56377,Q9UPM8
P07910,Q13148
Q96EL3,Q9P0J6
P33681,P60568
P62701,Q96G21
O95777,P09234
Q13423,Q8IXJ6
O75935,Q9NZ32
Q13885,Q8NG68
P52701,Q6NVH7
P06132,P36551
P01730,P01920
O60762,Q96DP5
P11712,P23219
O15371,P08708
Q9BYC9,Q9NZL4
P06576,P21796
P26842,Q07108
P61371,P78426
O75494,Q07955
O00459,O75747
Q8NBM4,Q96CS3
P0DMV8,Q9NZL4
P01579,P08700
O43914,P06239
P07585,P51884
P22102,P31939
P15172,P51532
P62917,Q15648
P84098,Q9HA92
P62879,P63211
Q15029,Q9BYC8
P12004,P24864
Q86X19,Q9H6L2
P08138,P51617
P10275,P24385
P49815,Q92574
P10276,P13631
P42701,Q99665
Q5TC82,Q9NZN8
O60869,P62750
Q02224,Q14674
O43747,Q9Y587
P62068,Q96B01
Q15008,Q8IYT4
Q7L7V1,Q9NQZ2
P52701,Q9UIF7
O95977,Q9NYA1
P02649,P49810
Q9UK45,Q9Y388
P20472,P29377
O94808,Q8TDQ7
O00189,Q9UPM8
Q15008,Q99436
P56962,Q96AX1
P07900,P62491
P28838,P48507
P37837,P60174
P05198,Q13601
O14638,Q9H999
P10636,P68366
P61081,Q92905
O14777,O43264
P01579,P61289
P01903,P06340
P62829,Q9NZM5
O60832,Q9H0A0
Q92673,Q9UJY4
Q9BQ48,Q9NQ50
P62380,Q5H9L4
P62277,Q9HB96
Q8NCA5,Q9Y224
O95478,P42766
P60880,Q15836
P35244,Q3B726
P07339,P25774
P68431,Q03111
P09919,P55036
H3BNC9,P82673
Q6YP21,Q93088
P63208,Q9NRD1
P12883,Q9Y623
P51948,Q9NPJ6
O00305,Q9UBN1
P09012,Q53GS9
P22087,Q9GZL7
O15235,P82933
P09619,P42338
Q9HBW1,Q9Y2I2
P43246,Q92889
O60925,P50990
P35579,P63261
P01116,P17931
Q96LD8,Q9Y2B2
P01137,P07585
P07686,Q00973
P01567,P05015
P56937,Q14534
P10914,Q13547
O75190,P11021
A0A096LP55,P12074
O15498,P60880
P62841,Q9P0M9
P03971,P51460
Q8IXJ9,Q8IXK0
Q15014,Q86YC2
P35914,P55809
P05113,Q01344
P62877,Q96BM1
P01568,P60568
O60783,P62917
Q96EB6,Q9BQG2
P05388,P62917
P35249,P52701
P62805,Q16778
P07992,P13010
P09234,P62318
Q7RTV0,Q99459
O15553,Q9C000
Q9ULW3,Q9Y5J1
P51787,Q9Y6J6
P04141,P09919
O15160,Q9Y2R9
O00203,Q9NQG7
Q13363,Q9UKL0
P17844,Q9NRR4
O75164,P84243
Q8IY37,Q96G21
O95777,Q9BZL1
O76021,Q96G21
P46781,P82664
P56182,Q9BQ67
O14965,Q9BZB8
Q9H9Y2,Q9Y221
Q8NCR0,Q9UKY4
P00533,Q9HAU4
P18827,Q9GZZ8
O95219,Q86Y82
P42766,P57772
O60602,P19838
O00303,P41091
O75818,Q99714
Q8TCD6,Q96GD0
O95926,Q9Y421
P14920,P22557
P62847,Q9HB96
Q13895,Q9NSI2
O15527,P78549
P49841,Q9UKA4
P50552,Q14847
O14735,P42356
O00459,P42338
P21728,Q9NYX4
Q9H0A0,Q9NYH9
O15027,Q9HCU5
O95168,P56385
P56962,Q9H1Y0
O43365,P31268
P62917,Q9BYC8
P00450,P35670
P62805,Q16777
O15169,P35790
Q9NRF9,Q9NRG0
H3BNC9,Q9HA92
Q96HR3,Q9Y3C7
P48200,P63208
P18206,P50552
P42766,Q02543
P25398,P62888
P09016,P09630
O43679,P61371
P36888,P42338
P38398,Q8IXK0
P00533,P09919
Q92785,Q9BQE9
O95168,Q9Y375
Q7Z333,Q9UPN6
P21817,P28907
P18621,P25398
P08708,P57772
P37173,P62714
P50613,Q9Y3C7
P19174,Q68DD2
O60841,P62917
P10276,P54136
P00450,P09601
P23025,Q92759
Q13416,Q9UFC0
Q15029,Q9Y2R9
P28799,Q99523
P07900,P68400
Q9BUF7,Q9NPB6
A0JLT2,P36954
Q01094,Q08999
P09622,Q9ULD0
P01579,Q14116
O43865,Q9H2M3
Q9NZN8,Q9ULM6
P25398,Q9BVI4
P28330,P45954
P32969,P82664
Q7Z2W4,Q9NQT4
Q02543,Q9NVP1
Q5T200,Q9NPJ6
O43776,Q9Y2Z4
O43422,Q96EK4
P04233,P05067
Q13601,Q8N9T8
P10114,Q9UKE5
Q92844,Q9Y6K9
P32004,Q96S59
P08708,Q02543
P07327,Q8WZ04
P62805,Q71UI9
P11912,Q02548
P57772,P62910
P0CG47,P62191
P07992,Q92466
P78371,Q8WZ74
P82914,Q02543
O75874,P00505
Q6UXB2,Q92583
P19474,P51965
O60603,Q9Y239
P12830,Q01860
P15313,P55344
O14965,Q02241
Q02543,Q9H583
P05067,Q9UQF2
P07099,Q16772
P25398,Q15041
P07954,P09622
P09661,Q13435
Q7Z417,Q9UN86
P08514,P29965
P01579,P48023
O43677,O43678
Q53EZ4,Q9BPX3
Q6IE81,Q8WYH8
O43913,Q99741
O00165,O43464
P0C869,P19174
Q9BZE4,Q9GZL7
P09496,Q14677
P01732,Q29980
P55735,Q9NRG9
O00268,P50613
Q13601,Q71UM5
P36897,Q9HAU4
P01730,P29017
B1AL88,Q8IZF0
Q9BTD8,Q9Y333
O43927,P78423
Q14137,Q9NQ55
Q7L1V2,Q86VX9
P01033,P50281
Q8N5H3,Q9UJX4
P54756,Q15768
P11233,Q96KP1
Q08426,Q9H6R3
Q9P2W3,Q9UBI6
Q29980,Q9BZM6
P46531,Q9NR61
Q9HCQ5,Q9NSC7
P13646,P19013
P84098,Q71UM5
Q08426,Q99424
P25685,Q13451
P25789,P61289
P50281,Q99075
Q8WUB8,Q92785
P40197,P54296
O60739,P62753
P62841,Q9NZL4
Q02543,Q9H6R4
O43678,P31040
O75821,Q96G91
Q13546,Q15628
O75936,P05091
Q96EL3,Q9BYD6
P09884,Q8WVB6
P54803,Q16880
Q16881,Q99757
P49815,Q7L523
P60900,Q8TAA3
Q15370,Q7Z7L7
O15169,P31749
P54760,P98172
P63316,P68133
O60563,Q8WVC0
P35637,Q99700
Q8NEB9,Q9C0C7
P62304,Q9BTD8
P00505,P28838
Q9H6T3,Q9HCN4
O00566,Q9NRX1
P20226,Q9UBG7
P07492,P30550
P49588,P49590
O00459,Q05397
P25963,Q13616
O95139,O95168
P68400,Q8IY57
P49286,P50150
O15514,P36954
P49286,Q9UK08
O60884,P25685
P36959,Q9BXI3
P01133,P07585
P13501,P32248
O43678,P03915
Q86TM6,Q9UBU6
P28907,P32302
P52732,Q02241
O43237,P51149
A0A0A6YYL6,P22090
P01137,Q16552
P05164,Q96HJ5
P01375,P05113
Q06830,Q99757
P35568,Q07890
Q16695,Q9Y294
H0YIJ7,P42766
P61165,Q14165
P19174,Q9UP65
Q13895,Q9Y6V7
P27824,Q14697
O43143,Q9UHA3
P42345,Q96EB6
P56704,Q9ULW2
P62877,Q5H9S7
P62917,Q9Y2R9
P18206,Q05397
Q96BP3,Q9BZJ0
P82673,Q6P1L8
P54274,Q15554
P54803,Q8TCT0
P62318,Q9HCS7
O43678,P24311
O14777,Q9BXS6
P13639,Q9HA92
Q6W2J9,Q8IXK0
P25788,P62191
P00480,P78540
O75376,Q13263
P15018,P42702
P55084,Q99714
P57740,Q9H1M0
Q96G23,Q9BX95
O60229,P19021
P39019,Q9UNQ2
P22090,P61313
P05412,P25963
P01588,Q9GZT9
O60674,P01579
P08620,P35916
P04637,P68400
P09619,P41212
P01730,P10321
Q86U38,Q9NYH9
P06737,P22413
P98161,Q15139
P22090,P62854
P00491,Q9BXI3
Q13546,Q96FA3
Q96I99,Q9UGC6
O14735,P27986
P23396,P61619
P42336,P62070
O43752,P56962
Q15459,Q9UMS4
O43516,P50552
P03372,Q15466
Q96A72,Q9UK45
Q14690,Q9P0M9
Q8NEH6,Q9H4K1
Q05639,Q9UJ37
P51398,P82930
P29692,P84098
P21579,Q9P2U7
P82673,Q9Y3B7
P02649,P27169
O60671,P35250
P35557,Q13562
P17931,P18627
O95255,P38435
Q9H668,Q9UKL0
Q8TEA7,Q9NQ89
E9PNW1,P58418
P60033,Q99816
P62333,Q99436
P61619,P84098
P62913,Q9NZL4
P13569,P22694
P11172,P27708
Q9BYD2,Q9HA92
P25963,Q9UKB1
P23396,Q9NW08
P25205,Q9Y5N6
P19440,P28838
P10997,Q16602
Q6RFH5,Q9GZL7
P02776,P80162
P11413,P60174
P61619,Q07020
Q14512,Q9HCT0
P02649,P02652
Q9Y2R5,Q9Y676
Q8TDI7,Q9H251
P22894,P50454
Q03701,Q9UKD2
O43752,Q99747
Q15370,Q9H9Q2
Q12824,Q92922
P55769,Q8NAV1
Q03111,Q8N5P1
Q13601,Q9NVP1
P25490,Q00987
P30990,P61278
P19784,Q53GL0
Q99683,Q99757
P07098,Q9Y5X9
O75934,P62318
P02765,P04196
P62877,Q13309
Q8NHQ9,Q9BZE4
O95619,P55197
P04275,P10720
Q13822,Q8N9F7
O43914,P08637
Q6NXT2,Q92830
P26368,Q13247
P41597,Q9BW27
O14662,O95219
O60282,P07197
O75364,Q9Y6H8
Q13310,Q86U42
O75563,P13612
P06732,Q9UKX2
Q66K64,Q8WV16
O75419,Q9UBD5
O94788,Q9HAY6
P01100,P28482
P01308,P23443
P26951,P60568
P32969,Q9HB96
P0C1Z6,Q9C086
P02786,P48200
P25787,P43686
P10809,Q99798
Q9H9J2,Q9NZE8
O15444,P10720
O75027,P53384
Q00722,Q05655
Q13614,Q92562
Q96IY1,Q9NRP2
O15055,P49674
O60437,Q02413
P12074,Q9UI09
P82933,Q9UKD2
O00244,Q14061
Q9HCE7,Q9NPB6
O95168,P47985
P46781,P61619
P42766,P62263
Q15796,Q9NYA4
P62318,Q969L4
Q9UQL6,Q9Y466
Q13601,Q9NX24
P62269,P84098
Q8N5Z5,Q9Y2M5
P28065,P48556
Q7Z7B1,Q9Y2B2
P19447,Q92466
P35609,Q9UBF9
P62424,Q9GZL7
P10124,P10144
P32780,Q9NPJ6
P12830,Q9Y6R0
Q04724,Q14469
P13725,P23458
Q7RTV0,Q9BZJ0
O95721,P61266
Q13601,Q9H6R4
O95926,Q9H2H8
O14775,P34969
P57054,Q14442
P29992,P47901
P16871,P60568
P01579,P13591
O00399,O75935
Q6ZRH7,Q9H7T0
P84098,Q9NX24
P51684,P78423
P01920,P04233
P61081,P62877
Q13275,Q9UIW2
P23280,Q9H2A9
O43818,P55769
P10109,Q6P4F2
P46781,Q9NW08
P10721,P14210
P01024,Q9P296
Q8WTW4,Q9Y664
O95168,Q16718
O95232,Q14498
O00401,P50552
O75251,O95167
P15336,P28482
Q13485,Q15796
P30153,Q14674
P62318,Q13435
P62072,Q3ZCQ8
P00414,P31930
P43897,Q9P0M9
O00585,P02775
A6NHQ2,Q9NY12
P62913,Q9Y3A5
O15169,P36402
P14635,Q96KB5
O96020,P11802
Q92793,Q9UBK2
Q13895,Q9BZE4
P05198,P62857
O00519,P07814
P61244,Q16539
P08579,Q14562
P49137,P53778
P16050,Q08477
O15371,P46783
P00390,Q9H4Y5
P62333,Q5VYK3
Q9NYL5,Q9Y6A2
P43246,Q9UKL0
Q08554,Q15517
P62191,P62333
P0CG47,P49427
P09913,Q9Y6K5
Q08426,Q86V21
P56915,Q96NB1
P84243,Q09472
O15371,P62263
P41240,Q99704
P42285,Q06265
Q9UJX3,Q9UKT4
P43686,Q6ICB0
P60900,P62979
P10721,P19174
Q14690,Q9NZL4
O14965,P46013
P29322,P52803
P05114,Q9BYC8
P05113,P08700
Q5TD94,Q8WYR4
O75935,P60709
P19440,Q99259
Q6IEG0,Q7RTV0
P61962,Q66K64
P02649,P45844
P82664,P84098
Q15428,Q9UQ35
P84243,Q9NPG3
Q9H1A4,Q9Y547
Q05048,Q92797
Q5JWF2,Q96RI0
P20226,P52435
P29466,Q9H6R0
P22090,P62269
P82664,Q07020
O43482,Q15398
P05198,P46781
Q15645,Q9UI95
P13500,P51671
Q13829,Q9Y2M5
P02452,Q8TDD2
O15503,Q9Y5U4
P27824,P39656
Q5T1N1,Q9UHA3
P15502,Q08397
Q15750,Q7Z434
O95972,P58012
P16144,Q03001
P01730,P09564
O14686,P62805
P32969,Q9NW08
P40692,Q9NXL9
P02760,P02763
O14775,P35414
P45983,Q16539
O43818,Q9ULX3
P13569,Q5XXA6
P61326,P62318
P82664,Q8N983
P02647,P16671
P78362,Q8NAV1
O15169,Q9Y2T1
P61326,Q9NW64
P52948,Q9BW27
P20226,Q9BUE0
Q14687,Q9UKL0
P20226,Q6SJ96
P01579,P31785
O60603,Q12841
Q9HAW0,Q9NW08
Q9BZE1,Q9P0M9
O95619,Q15906
P11586,Q3SY69
O95168,O95298
P60866,Q9P0M9
P46781,Q9Y6V7
Q7L5N7,Q99487
P62955,Q06432
O60869,P62081
P61247,Q02543
P08637,P28907
P55145,Q9HCN8
P60174,Q9ULN7
Q659A1,Q6P1J9
P50613,Q15542
P50990,Q9NPJ1
Q06547,Q13509
Q96RD7,Q99572
P14920,Q9GZT4
P09919,P78423
P46783,P82664
P09001,Q9H9J2
O95931,Q9BSM1
Q9NV06,Q9Y6V7
O15498,P0DI81
P35575,Q12778
P15311,P18206
P45984,P53778
P68400,Q9Y3A4
P01100,P11161
P82675,Q02543
P15153,P45983
P43246,Q9UIF7
O00574,P32248
O96019,Q9H0E9
Q96A72,Q9NW64
P01042,P20309
Q86VP6,Q9BTE7
P39019,P57772
P08700,P19235
P11172,P19971
P09012,Q9HCS7
O43318,Q16539
O00206,Q9HD89
Q8TCD5,Q9BQG2
P00505,P11498
P61081,Q9Y3C8
P62273,Q9UBQ5
P84243,Q9NTG7
O00231,P20618
Q53GS7,Q8WUM0
O95050,P27338
P25398,P62241
Q9H9Y2,Q9UHA3
Q9H4K7,Q9H9J2
Q13596,Q96L92
O75439,P17568
P40933,Q13651
P19883,Q96NZ8
Q5T2W1,Q8WTV0
O43482,Q15654
P04183,Q5EBM0
O00401,Q05397
P36959,Q16774
P38435,Q8N0U8
O00268,Q15542
O60869,Q02878
P19438,Q13158
P20963,Q13094
O00232,P25788
P62829,P84098
P30049,Q7Z4Y8
O15498,O60499
Q9H7J1,Q9UQK1
P25398,P39023
P14635,Q9UJX4
O75251,P14854
P07919,P10606
A4D1E9,Q9BYC8
O00472,P42568
O75439,Q9H425
O14818,P51665
O95777,Q6P2Q9
P08134,Q99819
Q02413,Q15517
P40227,P61604
P09661,Q96BP3
P13984,Q9BTT4
P62829,P82673
Q13247,Q8IYB3
P25787,P48556
P62834,Q8WWN8
P42677,P60228
P43246,Q9UHC1
Q9BXY0,Q9GZL7
Q2MV58,Q9UPM9
P78329,Q5TCH4
P20618,Q15008
P55011,Q96J92
P19447,Q9BX63
O43264,O60566
O43818,Q9BVJ6
P68431,Q9C086
P10301,Q9UQ13
P10276,Q13547
P61812,Q03167
P62805,Q9UPP1
O00585,Q92583
O43889,P18846
P33991,Q13416
Q6PIF2,Q92904
P12882,P24844
O14777,O14965
P07992,Q9BUH6
P09012,P62304
Q00987,Q9Y6R0
P78396,Q01094
P16219,P38117
Q9ULZ3,Q9Y6K9
P12236,P30405
P05198,P25398
P24385,P31749
P35579,Q7Z406
Q9NPH3,Q9NZH7
Q8WXE1,Q92547
P08579,P62318
Q07955,Q8TEX9
P08579,Q9NW64
O94986,Q66GS9
P17568,P22695
P01241,P09919
P35475,P51688
Q71UM5,Q9NQZ2
P35250,P40692
O95292,O95772
P62805,Q09028
O15169,P25054
P22362,P51948
O95299,P00403
Q9NQ55,Q9UHA3
P31751,Q00987
Q8N2M8,Q9UDT6
P60228,P62847
P20248,Q9UKT4
P41247,Q8IZV5
Q8WTT2,Q9Y221
P39023,P62917
Q9GZL7,Q9UET6
P54578,Q96AP4
P82932,Q9P015
H3BNC9,P82664
Q13158,Q8IUC6
P08962,P27701
P55060,Q9C0E2
O75394,P82673
O94808,O94925
O60841,P55010
P36959,P49915
P62249,Q02543
P05423,Q9NW08
P19525,Q9Y4K3
Q96G21,Q9Y3B2
P36873,Q13522
Q9H2M3,Q9NZL9
P36959,Q01433
P62266,Q9P0M9
O75821,Q99613
Q13601,Q96EU6
Q15054,Q9NRG0
Q15375,Q15768
P24752,Q08426
P21333,Q7Z7B0
P49771,Q9HA92
P00738,P02741
P36404,Q13432
Q9BYN8,Q9H9J2
O75116,Q01449
P50591,Q13158
Q15050,Q9GZL7
P19174,P43403
O00459,O15530
O43159,Q13895
P09471,Q9HAV0
Q9P013,Q9UMS4
Q99436,Q9UNM6
O14777,Q96KB5
P04150,Q49AN0
Q9NPG3,Q9NVP2
P16298,Q13522
P19438,Q14164
P23942,Q02846
Q9P1Z3,Q9UL51
O15047,P84243
P14324,Q03426
P07900,P30405
P62081,Q9HA92
P48556,Q16401
Q9H7B2,Q9NYH9
Q8N3Y7,Q9HAY6
P06576,P40926
P84243,Q96GD4
O00501,Q12864
O43187,Q15750
P31749,Q9NYT0
P60763,Q15052
Q13614,Q96PE3
Q15428,Q9Y333
Q9BYC8,Q9HB96
P31930,P56556
P09622,Q8N5Z0
P19174,P43405
P82673,Q9HD33
Q15427,Q9BTD8
O14965,Q9BPX3
P01730,Q9UL17
P78364,Q99728
O60262,Q9P2W3
P25490,Q71DI3
P31939,Q99707
Q96FX2,Q9H9T3
O43766,Q6NXT1
P35637,P38919
P49411,Q9BQ48
Q86TS9,Q9Y676
P67775,Q9ULQ0
Q15560,Q659A1
P04233,Q9P0M9
P42766,Q9Y221
P19838,Q9BYH8
P22090,Q15648
O60231,O60306
P15172,P62380
P21579,Q9H3Z4
O14981,Q6SJ96
O75795,P20815
P54252,Q15040
A0A140T963,Q9NZZ3
O43752,Q16623
O14672,P56817
O60262,P49286
Q7L590,Q92547
Q9H6T3,Q9NWS0
O00566,Q8IY37
O75394,Q9Y676
O14756,P14061
P27824,Q9BV94
P52732,Q96B01
P46783,Q9HB96
P84098,Q9HB96
O15264,Q02750
P48729,Q13895
P42285,Q9Y3B2
P17568,P49821
P62312,P62318
P22087,Q8TED0
Q9BXY0,Q9NW13
P82933,Q4U2R6
P00748,Q96KV7
O15055,Q16665
P06746,P27695
P19387,P61254
P04264,P07476
Q5TEU4,Q7L592
P27694,P54132
Q9UBM1,Q9UG56
P43626,Q9H8W5
P28370,Q9UGU5
P31939,P48728
P04233,P62987
P04808,Q14641
P57740,Q8NFH3
O60921,Q92547
P31213,P51857
Q02224,Q9Y448
Q15382,Q9UBS0
P60468,P62273
P35557,P35575
P25787,Q53H80
Q5VZM2,Q8WTW4
P62805,Q15059
Q9NYH9,Q9ULW3
O43776,Q5JPH6
O43818,Q9BSC4
P17612,Q99819
P27694,Q92547
P48431,P62805
P41597,Q92583
O95249,Q86Y82
O43674,P03915
P01730,P48023
Q7Z6M4,Q9BYC8
P51911,P63267
P25100,P29992
Q9BUL9,Q9UKV8
P09619,P40763
P36954,Q15545
P52732,Q15058
P62424,Q02543
O75822,P05198
P32942,Q9H2X3
P09132,Q02543
P02452,Q32P28
P01588,P23458
Q01860,Q15796
P04216,P21589
O00168,P14415
P12644,P22004
O95777,Q9HCG8
P28070,P43686
P51451,Q96KS9
P61812,Q15796
P01160,P43116
P09429,Q9NP99
O00566,Q8WTT2
P26373,Q02543
Q86TI0,Q9UGI9
P02545,P10144
P16219,P40939
P16220,P53539
P30838,Q9NR19
P84243,Q8NEZ4
O60925,Q99471
P60604,Q96CS3
P08240,P61619
P08684,Q6UWM9
P00750,P01730
P09661,Q6UX04
P29322,P52798
Q14767,Q9UBX5
P62491,Q9BXF6
P52732,P68363
P01282,P09683
O14920,Q9BQI3
O75582,P28482
Q9H444,Q9NZZ3
P49888,Q9HAW8
Q16514,Q6SJ96
O75355,Q7LG56
Q99871,Q9BT25
Q96AD5,Q9Y5X9
P04233,P61247
P09919,P48556
P01579,P23771
O75581,Q93098
P49588,Q15031
Q13042,Q14674
P63272,Q96EB1
O43707,Q15942
O95992,Q9Y6A2
P49189,Q9NR19
P25963,P62877
O60260,Q13155
P08238,Q99816
P04637,P30405
O75554,Q15459
P28482,Q16828
O00233,P51665
Q9NP71,Q9UH92
P01133,P08620
Q9NS69,Q9Y5L4
P17752,Q8IWU9
O60573,Q9BTL3
Q8NI36,Q9NY93
P14222,Q70J99
P46781,P69905
O95602,P42766
Q147X3,Q14CX7
O95237,P07327
O15371,P20042
P62491,Q9H267
Q15393,Q9P021
P01350,P07492
P60900,Q969U7
Q5C9Z4,Q96EU6
O15392,Q14807
O15239,O95168
P27824,P43307
Q9NR61,Q9NYJ7
Q9BW66,Q9Y5B9
P01036,P01037
P78423,Q92913
P14866,P26368
Q9NWA0,Q9Y3C7
P62854,Q9UBQ5
O00329,P62070
Q9H9J2,Q9NWU5
O00459,Q13418
Q92830,Q969I3
P16435,P20815
P36954,Q16514
P50219,P61371
O43660,Q15428
O60925,Q99832
P01579,P13500
P19235,Q9Y639
O43174,P54136
O75251,O95178
P11712,P35503
P36888,P40763
P08263,P11712
P05177,Q9NR63
P08311,P24158
Q13315,Q99728
P16220,Q92793
P43490,Q9HAN9
Q6AI39,Q6STE5
O75909,Q14004
Q14562,Q86V81
P09234,Q6P2Q9
O95931,Q9HC52
Q9GZS1,Q9NYV6
P26373,P42766
O15455,P01579
O00268,P42858
P61927,Q9Y221
P01024,P17927
O14933,Q96EQ8
P84243,Q8TEK3
P57735,Q9BXF6
P63208,Q15796
O15020,Q9UBB4
Q9UGP4,Q9UKV8
Q13427,Q16850
P22087,P62244
Q9BYC8,Q9BYN8
P35557,Q2TB90
P05386,Q9Y2R9
O95243,P40692
O43660,O95926
P05198,P18850
O14556,P60174
O43674,P03901
P06737,P11216
O43674,P03905
O43294,Q9BUZ4
P82664,Q9UNX3
Q13510,Q9HA82
O43921,P54762
P04233,P46778
Q9BYC8,Q9H2W6
Q13601,Q9NY61
P56645,P63208
Q96QD9,Q9UBU9
P49450,P62805
P62805,Q9BTT4
O95969,P38571
Q15382,Q9HB90
P62877,Q9Y2U9
Q13416,Q9BV38
P12004,P51948
Q13131,Q9C0K7
P11912,P12018
Q15393,Q92830
P68366,Q92974
P14618,Q16822
P08621,P51003
P23677,Q96DU7
P54803,Q8IWX5
O95096,P61371
O60603,Q9NR97
P02766,P02771
P20815,Q5TCH4
P23771,Q92754
O14641,P48730
Q6FI13,Q9UQR0
P0C1H6,P84243
P08047,Q16539
O95169,P10606
Q96DX8,Q9UMW8
Q9UKY4,Q9Y2B1
O00506,Q8WZ74
P61224,Q8WWN8
O60306,P41223
P18621,P62917
P05177,P28161
O95292,Q96TC7
P50993,Q9UN42
P16520,P63096
A8MTJ3,Q9NYW4
Q07325,Q9Y4X3
Q9GZL7,Q9NVU7
P82673,Q9Y2Q9
O43143,P22087
P56703,P56704
Q8IY21,Q9Y6K5
P28066,Q53H80
Q92979,Q9Y5J1
O75556,O95969
O14979,P35637
Q5QJE6,Q9Y5J1
P17980,Q16401
O60563,Q96MH2
P04637,P19838
O00303,O75821
O43889,Q9Y5Z7
P05108,P08842
O15211,P10301
O00459,P16234
O43166,P61224
O43290,Q9BRD0
O00566,Q9NYH9
P01375,P10144
P15090,P49715
P06899,Q9UPT9
P20226,P30876
O75251,Q9Y375
O43683,Q9UI95
Q4L235,Q9ULC5
O15554,O60928
Q9Y239,Q9Y2Z0
O75197,P36955
Q13405,Q96EL3
Q6P1A2,Q7L5N7
O43674,O43677
P00352,P20815
P01024,P05156
Q4U2R6,Q9NQ50
P20382,Q99705
P16499,P51841
Q05048,Q9UKF6
P63027,Q9P2U7
Q9BQ83,Q9H9A7
P02549,P02730
Q8NFD5,Q92785
P17861,P20226
Q6NVY1,Q9H9J2
Q16678,Q99972
Q9BXT2,Q9UBN1
P13569,Q15599
P02458,P45452
P42285,Q9BQ67
P62308,Q13427
P0CG48,Q99816
O00762,Q99728
P12644,P27037
Q96T76,Q9BX63
Q00722,Q14571
P24530,P29992
P09619,Q15389
O00587,Q8NES3
Q16543,Q9BXM7
P36542,P42766
P10398,P62070
Q7Z5P4,Q9NST1
Q8NEB9,Q92562
P60880,Q16623
O00750,O14735
Q15843,Q9Y5A7
P46782,Q9P0M9
P04150,Q92769
Q5T200,Q96MU7
O14983,P23327
P07737,Q70E73
Q15836,Q16623
P02776,Q99616
Q16854,Q9BXI3
O15498,O95249
P09038,Q01860
P62318,Q8WYA6
P47914,P82664
O14775,O15539
P33992,Q9NVP2
P51532,Q92793
O75143,P58004
Q9HBH1,Q9P0M9
Q8WVK2,Q9BTD8
P25398,P41091
P17861,Q9Y4L1
P28070,P48556
P35579,Q4KMQ1
P06493,Q9NSP4
P84098,Q15041
P18754,P61970
P82664,Q8NA23
O43405,Q96PL2
O75807,P68133
O00401,P42768
P16520,P50148
P09110,Q9NR19
P13765,P30511
P62191,P62987
O75154,P62491
P13591,P20138
P18206,Q9UI47
O95786,Q9UMW8
P51677,Q92583
P08476,P09529
Q9BQ48,Q9Y3D9
O95999,P48729
Q08426,Q9BYV1
Q7KZ85,Q8N7H5
O00459,Q9UKW4
P00505,Q6YP21
P14635,Q00535
O95167,P10606
P62877,Q99814
P84098,Q08211
O00410,P62750
O14775,P49795
P62273,P84098
P42766,Q9BXY0
P28330,Q9NTG7
P29084,P51948
P22087,Q9Y221
P35749,P62736
Q05932,Q92820
P35269,Q9Y3C7
O60683,Q08426
Q92922,Q9NPI1
O75400,Q15459
P25788,P51665
P08621,P35637
P10124,P14222
Q14204,Q9NZ32
P21802,Q86Z14
P68366,Q71U36
P20618,P49721
O14641,Q9NZC7
P27037,Q7Z5Y6
O15371,P62273
O95931,Q6ZN18
Q9BYC8,Q9Y3D5
P20339,Q9H1K0
P13073,P17568
O43174,P11766
P56282,Q07864
O15400,O95721
A6NGB9,Q8TF74
P22362,Q07325
Q9NZR1,Q9UEY8
O75638,P78358
P07992,Q9BQ83
P82673,Q9BYC8
O15504,Q9UBU9
O75177,Q92785
P55735,Q6PJI9
O15155,Q9UNK0
P09067,P17481
P16499,Q14028
Q7Z4H7,Q9BT25
P25490,Q96EZ8
P14927,P30049
H3BQ15,Q96EK6
Q92624,Q96JP0
P08865,P22090
A6NGR9,Q9NV35
Q00722,Q13237
O75533,O95777
P60520,Q8IXH6
O00408,P36959
P19174,Q9UBW8
Q96PD4,Q9NPF7
O15265,P54253
P01111,P36888
P29965,P41273
P42766,Q5JVS0
Q9BX63,Q9HB96
O14497,O94805
O43674,P00414
P22362,P51686
O43837,P51553
P01137,P42226
P53041,Q969U7
D6RC18,Q9UMS4
O96019,P62805
P02008,P02042
P18077,P82664
Q13356,Q15459
Q92611,Q9BUN8
P19438,P98170
O43143,Q9H501
Q07955,Q96NC0
Q15370,Q8N7A1
P04233,P62249
O43463,P45973
P46527,Q5T6F0
P01730,Q96PD4
Q8WUD6,Q99447
P12882,P45378
Q8NFU7,Q9H9S0
P09471,Q9P2W3
P82933,Q9H173
Q5M775,Q9BRG2
Q12809,Q9Y6J6
Q15003,Q15021
P20138,Q9NZC2
P08151,Q6P1J9
P61421,Q9Y5K8
P35579,P60709
O95749,Q03426
Q8NC60,Q9Y2R9
P84098,Q9BYD3
O14495,Q9NY59
P82664,Q96EY7
O75306,O95299
P13051,Q16531
P27694,Q8N2Z9
Q8WTT2,Q9UHA3
P84098,Q9BZE4
O95139,P30049
Q99731,Q9NPB9
P51668,Q00987
P00846,P30049
O60238,P60520
Q9NPG1,Q9NYQ6
Q14191,Q92547
O43242,P48556
P19387,Q7KZ85
P06748,Q00987
P84077,Q9UPM8
A0A087WUM3,O43674
P03905,P10109
P28300,P35555
P34932,Q12809
O14965,Q96GD4
O00399,P47756
Q13618,Q9H3F6
P21589,P27707
P82673,P82909
Q9BWU1,Q9H204
P01042,Q07021
O00567,Q13601
P63208,Q9UKT4
O14965,O95067
O00626,P02778
Q03701,Q13206
P01137,P02751
O43678,P03923
Q14674,Q9UM13
Q96L21,Q9HB96
P10276,P35222
Q9GZZ1,Q9NX55
O00459,P22681
O15504,Q53GS7
O95279,P51787
O60673,Q9UBT6
P15313,Q9HBG4
Q07955,Q15428
P01375,P34810
P48048,Q96J92
O75027,Q9Y5Y2
P30049,Q16864
B7U540,P63252
P25963,P51784
P19174,P22681
P07741,P36959
P14784,P51692
O94906,Q9Y3B4
P82673,Q7Z7F7
Q16543,Q8WXX5
P05067,P10997
O75865,Q8IUR0
P26006,P26012
P01111,Q07890
Q92830,Q96ES7
P09430,Q05952
O43741,Q86TI0
P36578,Q9Y3A5
Q96EF0,Q96PE3
P62280,Q02543
P28300,Q9UBX5
Q5MNZ9,Q9H1Y0
O14818,P20618
O43353,P45983
Q13547,Q8IXJ6
Q8N2Z9,Q9HB96
P28070,Q53H80
O43674,Q9P0J0
P13498,Q8NFA2
P09471,P49802
P47813,P55010
Q8TAD8,Q9UMS4
P09601,Q16595
Q02539,Q75WM6
P02741,P12318
O14905,O75581
Q13232,Q5EBM0
P21589,P31939
Q9H204,Q9NVC6
Q99816,Q9UK41
P13051,P18887
Q7Z3J2,Q9UBQ0
Q9NX20,Q9P015
O60716,P12830
P82664,Q9NX20
P33897,P56589
P28482,P49585
P02786,P02788
Q13562,Q9Y4Z2
O00161,O76038
P13569,Q9UNE7
P16144,P60709
P49771,P82664
P18146,Q15742
P50591,Q13546
O43752,Q9UEU0
P30153,Q8WZ74
P36543,Q99437
P27694,Q15054
O95067,Q9UJX4
Q01449,Q32MK0
O14929,Q9UBD5
P05161,P19474
P08253,P35442
Q9BVI4,Q9Y6V7
P19388,P63272
P47914,Q9HB96
Q7Z4L5,Q8WYA0
P82673,Q9Y2R9
O14638,P13686
O75916,P19087
Q8IYI6,Q8TAG9
Q7Z5K2,Q8WVB6
O94889,Q13618
P08238,P62805
P10632,P18054
O94788,P05177
O00442,O00566
P17252,P62070
O75496,Q9Y5N6
Q96AD5,Q9NST1
P36543,Q9UI12
P62277,Q9H0A0
P62081,P82664
P25398,Q9NV06
O60462,Q9H2E6
O75529,Q9HBM6
O43677,P10606
P01106,P24864
P62191,Q08999
O15488,P06737
P35504,P51857
O75396,O95249
P02585,P63316
Q86WI3,Q9BYX4
P14060,P56937
O60508,Q13427
O14686,Q92793
O95168,P03915
O15520,P14210
P50750,Q15370
P01579,P35225
Q96CS3,Q96DZ1
Q9NWS0,Q9Y4R8
O15273,P10916
P26012,P56199
P42766,P62899
Q15645,Q9ULW0
P28300,P55001
O14641,Q9H2H0
P82673,Q9BYC9
Q6FHJ7,Q9UBV4
O60841,P84098
Q13895,Q9H0A0
Q6ULP2,Q9NR82
P21439,Q12908
Q8WTW4,Q9UHA4
O15055,Q9C0J9
O75078,O95970
P68400,Q8IVP5
O60603,P10145
O75394,P82664
P62318,Q86UA1
P60228,P63244
P05388,Q9HA92
Q9NQT4,Q9NV31
O95050,P14902
P31948,Q02790
Q99467,Q9Y6Y9
Q15637,Q9Y3B4
O60783,Q9Y676
O00482,Q15466
Q68CZ6,Q9NVX0
Q8NEM7,Q9UPT9
Q14137,Q9BQ67
Q5VSL9,Q9ULQ0
O14735,Q13614
P62753,Q9H8H0
P07737,Q9Y281
P13569,Q9Y478
O75616,P82930
Q8TEL6,Q9C0C7
O14920,Q12933
O95166,Q8TDY2
O00220,Q14790
P00390,P48058
O14939,Q8WUD6
O15111,Q92844
P82664,Q92665
Q2I0M5,Q9BXB1
P28066,P62191
P31327,Q02127
Q5TDP6,Q9BVC6
Q13617,Q92830
P11926,P78540
O00767,Q9P035
P47914,P61619
Q8NEB9,Q9P2Y5
Q96KS9,Q96QG7
P17947,Q02556
P0CG47,Q00987
O15511,Q9P1U1
Q02241,Q15058
Q13838,Q14562
Q8IWA0,Q9UNQ2
Q02241,Q9BPX3
O15541,Q9UMS4
P25398,P62847
O43818,Q9Y2X3
P84098,Q969S3
P61009,Q9Y6A9
O43639,Q14155
Q16555,Q9Y6R0
P22314,P61081
O76021,Q9NQ55
Q6RFH5,Q9Y221
P15144,Q9BZR6
O75251,O95298
P07585,P15502
P62877,Q92990
P19838,P42224
P46100,P84243
P49863,Q16617
P01042,P07492
O75610,P10600
Q96DV4,Q9Y676
P05198,P62753
P48023,P50591
Q2PPJ7,Q86X10
P60880,Q6PUV4
P27824,P49257
P02743,P02751
O75616,P82921
P03372,P23443
P62805,Q6NXT2
Q8WWH4,Q9BXT4
Q6P1A2,Q8IY17
O00330,Q02218
P57740,Q8NFH5
Q9H0S4,Q9Y6V7
P07327,P47895
Q01064,Q9P2W3
P40937,Q8WVB6
P15531,P27695
P60568,Q9BYF1
P05164,P08311
Q99741,Q9Y6N6
O15264,P12036
Q15436,Q9HCU5
Q9HCN8,Q9Y5X3
P41252,Q9HA77
O43174,Q6V0L0
Q12778,Q96EB6
O00459,Q05513
P04070,P07204
O15287,P07992
Q92575,Q96CS3
P63208,Q15653
P02647,Q00341
P21917,P31645
P05198,P36578
P61619,Q9BYD1
O00629,P19838
Q6W5P4,Q9HA92
Q06547,Q8WVM0
Q9BTP7,Q9HB96
O60391,Q12879
P25490,Q9H9F9
P12074,Q02221
Q9NYK5,Q9Y2R9
P13500,P51681
O95168,P03901
P04798,P08842
P49327,Q4L235
O95168,P03905
O14965,Q96FF9
Q96SQ9,Q9NR63
Q9HB96,Q9UKD2
P09234,Q9Y4Z0
P62277,P82933
O60603,P01375
P84243,Q14781
P62244,Q9HB96
P07996,P10600
P04637,Q13526
P61619,P62888
Q8N474,Q93097
Q9GZL7,Q9Y2X3
Q659A1,Q9H3P2
P43487,P61970
P01588,P40238
P14649,P35579
P52701,Q86YC2
P46776,Q9HA92
P52630,Q13287
O15504,P49792
Q92905,Q96SW2
P20248,P63208
Q08211,Q9UMS4
O75821,P46781
P45983,P61224
O95714,Q8N2W9
Q06609,Q9BQ83
Q4U2R6,Q9BYD6
P40692,P43246
O60260,P62191
P62318,Q99459
P01024,P20023
Q12933,Q9UHD2
Q15633,Q99714
Q6P1L8,Q9BYC8
O75400,P42285
O75969,Q9HAT0
Q5TEC6,Q8IXJ6
O95251,Q8WYB5
O00267,Q659A1
O15455,Q9H1C4
O00585,P51684
Q6P2Q9,Q9UMS4
P61619,Q9UM00
O76021,P84098
P62753,Q96G21
P55103,Q8NER5
Q9BQ67,Q9Y221
P62314,Q9BQA1
P25788,P49721
Q9HC52,Q9UQR0
P60900,Q16186
P62805,Q08945
P51398,Q9BYC8
O43504,Q8WTW4
O15498,Q15836
P27986,Q969F8
O94808,P27708
Q13601,Q92979
Q08554,Q13835
Q9H4D5,Q9NPJ8
P05109,P12830
Q15459,Q15696
P08579,Q6P2Q9
P54252,P54253
P24928,P36954
P49771,Q9HB96
D6RC18,O95926
Q15650,Q96Q83
P25398,Q9Y262
O15553,Q9ULZ3
Q4U2R6,Q8TAE8
Q86U42,Q92797
P19235,P27986
P78316,Q9NYH9
Q13895,Q9Y5J1
P11511,P14061
P50613,Q6P1K8
Q8IXK0,Q9HC52
O14602,Q9HA92
P32019,Q96PE3
P25786,P43686
P61513,P82664
P30876,Q9BTT4
Q02790,Q15185
Q16531,Q96SW2
Q9UBC2,Q9Y6R0
P62877,Q9H0H3
O75940,P08579
Q14562,Q9UMS4
Q86XF0,Q96DP5
Q9UPT9,Q9Y4A5
O43602,P14136
P0CG47,Q9Y239
Q5TD94,Q9UI46
Q92922,Q9H8M2
P23771,P55317
Q9H8H0,Q9NQZ2
P49815,Q13131
Q9BTT0,Q9H9F9
P15056,P28482
O75771,P40692
P04150,P04637
O43143,Q9BQ67
O14965,P38398
O14775,P49798
O95347,Q9BPX3
O60293,Q86U42
P22460,Q14722
O00567,Q9H501
P62136,Q9UKF6
P55735,Q9BW27
P05112,Q01113
Q8IU81,Q9H1B7
P20226,Q5VWG9
Q8NFH4,Q9BW27
P09622,P82909
Q86YN6,Q9NVC6
P01222,P48546
P98172,Q5JZY3
O15145,Q8WUW1
P10415,Q6ZNE5
O95931,R4GMX3
O14495,Q92539
P07900,Q13546
O75197,Q9GZT5
Q9UIF3,Q9UL16
O15371,P61221
O14641,P53350
P25025,P78423
Q13094,Q8WV28
O75394,Q9HB96
P00505,Q16773
P82933,Q8IXM3
P62917,Q9UHA3
O75581,Q9ULW2
P01344,P24593
P28907,Q9HAN9
O95619,P01106
O60313,Q9Y3D6
P62879,Q13371
P52732,Q9BVG8
P14635,P52732
Q02241,Q8NI77
P02008,P05412
Q6ZNE5,Q9GZQ8
Q15274,Q8TCD5
O14641,O75084
P09016,P09629
P01116,P42338
O15504,P78406
Q13501,Q13546
Q9UG01,Q9Y547
P19784,P68400
Q6ZN18,Q9BSM1
O94907,Q9UBV4
P10600,P37023
Q9BTZ2,Q9HAY6
Q13427,Q9Y3C6
P49815,Q5VZM2
O95926,Q8N5F7
O00566,P62979
O75367,P62805
P22460,Q9Y6J6
P47224,Q07890
Q92499,Q9Y224
Q06587,Q969R5
P42766,Q6RFH5
P30049,P56385
O95219,Q15836
P08311,P48595
O43897,Q9H2X0
O75821,P25398
Q02241,Q15398
B8ZZ87,Q9NRH3
P20936,P62070
O96019,Q52LR7
Q14690,Q9NY93
P0CG47,P20618
P22695,Q99798
O75792,Q07864
P02647,P02760
P10632,P11712
P0CG48,Q96RU2
Q7Z7C7,Q9NR63
P12882,P12883
Q9UDT6,Q9UHL9
P23219,Q16647
P50613,P52657
Q99816,Q9BRG1
Q14997,Q99436
Q9H501,Q9Y3T9
Q07955,Q86U42
P55769,Q9H8H0
P50148,Q96RI0
P30154,Q13522
Q02413,Q13835
P23396,P82933
P54136,Q5T160
O75752,P07686
P04233,Q6DKI1
P22087,P78345
P62310,Q8WVK2
Q86VZ6,Q92797
P11021,P27824
P15153,P16885
P20618,P25789
O43678,O75251
P69849,Q969V3
P60520,Q13772
Q8TCT0,Q9NY59
O00566,Q68CQ4
P10635,Q6UWM9
P01730,P16070
P09661,Q8WWY3
P43246,Q19AV6
Q8IY92,Q9BX63
Q5SRE5,Q8WUM0
Q96FZ7,Q9UN37
P01579,Q9NZQ7
Q92572,Q9Y587
O15042,P08579
O95169,P06576
Q8TD19,Q9Y283
P08514,Q9Y4G6
P84098,Q96IZ7
P50914,Q9HB96
O15296,P18054
O43776,O75879
A8MYK1,Q9BYC8
B9A064,P78540
Q8IYD8,Q9HB96
Q6P2C8,Q9NPJ6
O75822,P08708
O00472,Q15370
P25440,P62805
P56270,Q14807
O14964,Q99816
P54578,Q14997
O43674,P20674
P01111,Q15052
P62993,Q9UBK5
Q96EL2,Q9P015
O75888,Q02223
O14776,Q9NW64
P24385,P35222
O75439,P28331
Q92922,Q9NZM4
O00221,Q01201
O95619,Q92481
P28074,Q99436
P78396,Q13309
P25398,P60228
P15498,P61224
P62753,P62917
I3L0E3,Q4U2R6
P40337,Q15369
P02749,P02765
O14672,P78536
P82664,Q9Y3U8
P01236,P01588
P55017,Q96J92
P84085,Q9ULH1
P30203,Q13094
P43490,Q9Y6E7
P11802,Q92797
P10301,P62070
P16455,P40692
P25791,P41182
P40763,Q92793
P13569,P27824
P19634,P28482
Q9NW13,Q9NYH9
O43678,P14927
P55196,P62070
P07148,Q8WTV0
O60306,P62304
O15399,Q93086
P11388,Q14674
O00463,Q9NYJ8
P21589,Q5MY95
P19838,P40763
P01375,Q13651
P09496,Q10567
P34810,Q9BZS1
O95433,P07900
P13500,Q99731
Q86W47,Q9NPA1
P60709,Q9H0E9
P61313,Q9UHA3
Q05BQ5,Q9H0E9
O75688,Q07837
P82933,Q13405
P17302,Q9H4B7
P56962,Q16623
O00268,Q92750
P12004,P24385
Q02742,Q9NY28
P16234,P21781
P35226,Q8IXK0
P05231,Q13651
P11161,Q06889
P51659,Q08426
P10767,P21802
P11912,Q07325
Q5VWG9,Q6SJ96
Q8NHZ8,Q9UJX4
P01579,P20702
Q92547,Q99708
P14866,P26599
P20226,Q14919
P02647,P02787
P39023,P42766
Q5VZY2,Q96PD7
P56192,Q5ST30
P53816,Q8WUD6
P19174,P29992
Q969V4,Q9UIF3
P18206,P35221
P12644,Q8N8U9
P99999,Q12931
Q13620,Q92466
P62318,Q9BTD8
P61513,Q9HB96
O43676,P31930
P20591,Q15646
O43402,Q5J8M3
P19387,Q9Y535
P52298,Q6PJT7
P14415,P54709
O75419,Q9Y5N6
O75676,P53778
Q66K64,Q92466
P05204,P82933
O43674,P03923
P62877,Q8IXQ5
Q9H9Y2,Q9NW13
P05423,P20226
Q9BRD0,Q9H6L4
Q7Z4L5,Q9P2L0
P09630,P31268
O95045,P11172
P61964,Q9Y5Z7
P62805,Q96HA7
P18054,P35354
Q9NWU5,Q9P0M9
O95478,P22090
P28331,Q9Y375
O75581,Q14696
O96013,Q15052
P00519,P29322
O75469,P11712
P61619,Q9NRP0
Q17RG1,Q9Y221
P18405,P51857
P62805,P62987
Q07866,Q9NSK0
P28838,P36269
O95619,Q68DK7
Q9HCU5,Q9Y6B6
Q9NS00,Q9NSC7
P14672,Q9UIQ6
P26012,Q9UKX5
P29353,Q07890
O00463,P25942
O95777,Q13435
P11216,Q16851
P00748,P01042
P05093,P14061
P16234,P98077
P28482,P32121
P19387,P62280
O00512,Q9BRQ0
P60059,P61619
Q15910,Q9UQR0
Q13263,Q13547
P10114,Q9Y4G8
Q08999,Q14209
P55735,Q92734
O60341,Q14687
P08311,P29466
Q03111,Q6PD62
Q6PD62,Q9Y5B9
Q15554,Q9NUX5
Q5VZY2,Q8WUD6
P49207,P84098
P20648,Q93050
Q02241,Q96GD4
P01116,Q7LDG7
P62805,Q9Y265
O15498,P54920
P10606,P15954
P82930,Q9Y676
O43395,O95777
P09012,P09661
A0A0B4J1Y9,P04070
P10144,P48023
Q96PF2,Q9UJT2
Q7L5N7,Q9UBM1
Q68CZ1,Q9H6L2
P52848,Q16394
Q9NVX2,Q9Y5J1
O95714,Q96BY6
Q13263,Q9Y6K1
O00567,P25398
O00566,Q9NY12
O14777,P52732
Q99728,Q9UJX5
Q15029,Q92917
Q14157,Q8IXK0
P05198,P50914
Q99816,Q9H9H4
P15313,Q9Y5K8
O15524,Q15370
Q96EN8,Q96I15
Q9H444,Q9UQN3
P46527,Q5TAQ9
P41091,P55884
P05019,P24593
O60603,P61073
P01023,P22894
P18615,Q03111
O14757,P30305
P11712,P78329
Q9BY50,Q9Y6A9
O43174,P40394
O15516,P10276
P41968,Q92847
P01730,P29016
P25787,P61289
P46926,Q96EK6
O95168,Q9BU61
P14635,Q99661
Q92539,Q92903
Q8NHQ9,Q9GZL7
P20815,P54855
P02647,P05067
P19440,Q8WUX2
Q6DKI1,Q9Y2R9
Q969X6,Q9GZL7
Q9BYC8,Q9Y6G3
Q4U2R6,Q96DV4
P55769,P62318
Q9C000,Q9ULZ3
P98160,Q9NP95
P61088,Q13546
P09960,Q9NPC1
P01579,P09341
Q13901,Q9NQZ2
Q8N2C7,Q9P2D8
P04004,P18827
P15954,P17568
P30049,P47985
H3BN98,P42766
P42766,Q96RP9
P14635,P61024
P04920,P55011
Q8N983,Q9P0M9
P61619,P82675
Q96SY0,Q9NVM9
P51003,Q86U42
Q8TEL6,Q92466
P49755,Q13445
P05388,P82664
Q9BW27,Q9UKX7
Q86TM6,Q96DZ1
O15553,P51812
Q92985,Q9Y6K5
Q9BS16,Q9NSP4
P42285,Q8WTT2
P43307,P43308
O00268,Q00403
P49207,Q9HA92
P00505,P14174
Q8N442,Q9HA92
P42766,Q9BYG3
Q93097,Q9UBT3
Q99622,Q9ULJ7
Q03111,Q03164
P61619,P62249
Q96A33,Q9BVK8
O75616,P82933
P53618,Q96JB2
P49588,Q5JTZ9
O60783,Q96EY7
Q8WVZ9,Q9Y2M5
P02788,P31997
Q9H6T3,Q9NUG6
Q66GS9,Q9HC77
Q6P1L8,Q9BQ48
Q9H0A0,Q9Y4C8
O60493,O75436
Q15650,Q9UKL0
O00566,Q01780
O00567,Q9BQ67
P05198,P19525
P07737,Q93015
P11172,Q9BXI3
P33992,Q9Y248
Q8N8D1,Q9BV90
P36954,Q8WVC0
O14965,P31350
Q03701,Q13895
Q5T2R2,Q9NZJ6
Q8TDN6,Q9UNQ2
O75439,P12074
P51398,Q9BQ48
P78504,Q9Y219
P25789,Q99436
Q13237,Q9UPR5
O43151,Q9H9S0
O95168,Q9UI09
O60896,P01258
O43623,O60341
P62829,Q9NZL4
P54284,Q06432
P43403,Q8WV28
P19387,Q14690
Q13617,Q9H6Z9
Q6STE5,Q9NPI1
P08247,P20336
Q8TAM1,Q99832
O76021,P22087
P20226,P53803
P98161,Q13563
Q9H583,Q9NQZ2
P51617,Q9Y616
P13569,Q5T2W1
Q8IYJ0,Q9UKJ1
P25398,Q96L21
P50148,Q9ULW2
P84103,Q86U42
O00483,O75251
O43172,Q9UK45
P49406,P61619
P52434,Q9BTT4
O43237,O75935
Q9H0F5,Q9Y223
P10606,P13073
P09919,P0DML2
P18206,Q14315
P23435,Q9ULB1
K7ESF6,Q13263
Q96L50,Q9Y248
O75342,P18054
P82932,P82933
P62877,Q96ME1
Q9H501,Q9NQZ2
Q96G21,Q9NYH9
Q8IY81,Q9GZL7
P60880,Q92777
P14920,P21549
P61326,Q13247
P05161,Q96C10
Q9H0A0,Q9NW08
Q9H0E9,Q9HCI7
Q8N3U4,Q9H4I0
O00231,O75832
P02778,P78423
P62318,Q8WXD5
O75379,Q13190
P62917,Q6W5P4
P11172,Q96BW1
Q15003,Q6IBW4
O15264,P08047
O14682,Q13829
P24593,Q13219
Q9UJX5,Q9UKT4
O95721,Q13277
P20226,P25440
Q04721,Q96JK9
P42285,Q99547
P02708,P07510
O43719,Q7RTV0
Q9P0J6,Q9UI43
O00268,Q7Z7C8
P05164,P24158
O60333,O75204
P24158,P61626
P55010,P62857
Q9BRG1,Q9NZZ3
P62877,Q8NHY2
Q9H0E9,Q9H2F5
P08684,P08842
O14775,O95490
P06576,P13073
Q13084,Q9Y676
P33992,Q8WVB6
P56645,Q9C0J9
O15550,P84243
P12074,Q9H425
Q9UBD5,Q9UFC0
P84098,Q14137
P42766,Q9H9Y2
P07992,P20585
P62277,Q9BYC8
P40938,Q8WVB6
P25788,P25789
Q86U42,Q9UKF6
O14950,P35579
P84098,Q5T8A7
P51178,Q9NYT0
Q8TAT6,Q96CS3
P10144,P29353
P29973,Q9UMX6
P55344,Q16864
P36954,Q9NWA0
Q16850,Q99720
Q13232,Q5TCS8
P33991,P40938
O75446,P25490
O15498,P56962
P01579,P40763
P51452,P54829
P60953,P68366
P04629,Q9NP95
P82933,Q14999
O15528,Q07973
P39748,P43246
Q5T8A7,Q9P015
P09012,Q9BTD8
P51116,Q13283
Q8WTT2,Q9H501
P04070,P07225
Q9UI30,Q9UNQ2
O00459,Q9Y4H2
Q6PJI9,Q96MD2
O60449,Q9UMR7
O00139,Q9BVA1
Q13895,Q9UNQ2
P01116,P42771
P82664,P82675
Q9P2N7,Q9Y2M5
O00268,Q15291
P17931,P31994
P42285,Q9NYH9
Q8N3R9,Q9BUF7
O15054,Q15022
P10144,P13591
P51809,P61266
P19174,Q9UBK5
P09619,Q9NRA1
Q9NX24,Q9Y221
P14780,Q99075
O15111,Q01201
O00268,Q71DI3
Q9BRJ2,Q9Y2R9
P14635,P53350
P11488,Q14028
Q07955,Q15696
Q99728,Q9UJX2
P23458,P60568
Q9H598,Q9P2U7
O00566,P78316
Q9NRX2,Q9NZL4
P51532,Q6STE5
P0DN25,Q9NSC7
P53618,P61923
P10244,Q969S3
Q96BP2,Q9BQ48
P19367,P35575
P62805,Q9C005
P08579,Q9Y4Y9
P01033,P09237
P28370,Q92922
O75832,Q9BRP4
Q14684,Q9Y221
Q96A35,Q9UI43
Q15370,Q8N7H5
Q9BSM1,Q9HC52
P35658,Q8TEM1
P52198,Q13829
P04196,Q6Q788
P37198,Q9BW27
P06340,P13747
Q5VTL8,Q8NAV1
P24864,Q969H0
P10606,Q9BQ61
O15297,Q00987
P62304,Q9H6L4
O00512,P41235
P09234,Q13435
Q9NZZ3,Q9UN37
P42766,Q8TDN6
P56945,Q15654
P27635,Q9NZM5
Q8NEB9,Q9UBF8
O14791,P02649
P83731,Q9HB96
O14686,Q8NEZ4
P39023,P60468
A4D1B5,P49768
P25787,P28065
P01571,P19838
Q9H501,Q9NW13
P55072,Q9GZP9
P05165,P16219
P46734,Q7L7X3
P07942,P18084
O95969,Q13296
P24394,P60568
P60568,Q9HBE5
P54840,P62136
P10301,Q92565
P49915,Q9BXI3
O15399,P51575
P62072,Q9Y5L4
P62805,Q9NQR1
P32745,Q9BXC9
P42224,Q15646
P15502,P17931
O60739,P62851
P82933,Q5JRM2
O14777,Q99661
P56537,Q9GZL7
O60337,Q9NZN8
Q56P42,Q9ULZ3
P36873,Q96KQ4
O60573,Q53F19
P01100,P20749
Q9H598,Q9P2U8
Q13011,Q16836
P57740,Q8WUM0
P22090,P26373
Q71SY5,Q9H204
P19235,Q9Y4H2
P17252,P19174
Q04917,Q92934
Q13601,Q9NV06
O95219,P56962
P10636,Q9UNE7
O14936,Q9HAP6
Q15428,Q9HCG8
P01588,P81172
Q13895,Q15050
P53778,Q15759
O14638,Q9BXI3
P25788,Q92530
P28066,P51665
O43603,O60755
P46094,P78423
O00483,Q7KZN9
P02768,P09486
O75251,P03915
P01106,P20226
P62917,Q969Q0
P0CG48,P63208
P17861,Q76MJ5
O43290,Q7RTV0
Q8NB16,Q9NZZ3
P19387,Q9HA92
P09874,Q9BQ69
P62714,Q68E01
Q08211,Q86U42
Q96FZ7,Q9H444
P04843,P61803
O43678,P00395
P51911,P62736
Q13829,Q9UNN5
P22087,Q8IWA0
P07900,Q07954
P49848,Q92759
P02774,P62736
Q969F8,Q9UHF0
P54855,Q9UGB7
O43914,P16885
Q8NB66,Q9UQ26
O60869,P84098
O75400,P17844
O43623,P19022
P10720,Q9NRJ3
O00585,P32248
P01116,P43405
Q8N4V1,Q9NPA0
Q14582,Q9UH92
P23526,Q9UBC3
O15264,P07196
P18065,Q5JXC2
Q13618,Q13829
Q9NVC6,Q9Y3C7
P51787,Q12809
P29992,P37288
Q06432,Q9NY47
Q13885,Q9BVA1
P62495,Q05639
P23396,Q9BYC8
P25398,P63220
O14981,P20226
O43172,P62318
O43353,Q92974
P05231,P09619
Q8TDN6,Q96G21
P25398,Q02543
P56962,Q9UEU0
P02751,P26012
P16234,P23560
O60218,P05091
O15169,Q9UJU2
Q9Y5J9,Q9Y5L4
P36959,Q9Y227
Q96RP9,Q9P0M9
O14810,Q16623
P25398,Q9BVJ6
P42766,P62266
P10720,Q9Y258
Q5T200,Q9H204
Q8TCD5,Q9BZQ4
P22087,Q9BYG3
P19440,P48507
P25685,Q9H078
Q3SYC2,Q99685
P25490,P84243
Q99741,Q9UM11
P27694,P49959
P60468,P61513
P15880,Q9NW08
O75380,Q86YC2
P20132,P78330
O14561,O75251
P06756,Q9UQP3
P18859,P56381
P42766,Q9NV31
P61224,Q92569
O95168,P03923
P36543,Q52LC2
P22087,Q9Y3T9
P40337,Q15370
O60573,Q14240
P61421,Q96NT0
P40763,Q9H9S0
O60573,Q04637
Q9Y291,Q9Y676
P20618,Q06323
P62072,Q53H12
O43299,Q96JI7
P32248,P49407
Q13823,Q9Y221
P04233,P62979
P21281,Q96NT0
Q13200,Q16401
P22314,P45974
P04637,P25963
P62899,Q9Y221
P42338,Q9UBK5
P20908,Q02809
Q03701,Q15269
P10114,Q12967
O75154,P84085
Q15269,Q9Y221
Q15397,Q9NW13
Q9NPG1,Q9ULK5
O15121,Q8TCT0
O75376,Q9BYV9
O95182,P31930
Q8NHQ9,Q9UGY1
P51116,P61978
O00327,Q92793
P42356,Q9Y2I7
O00463,Q92956
O14640,P68400
P25398,P60059
Q92844,Q96CV9
P49756,P52298
Q16526,Q9UGI9
O14980,P42704
O60508,Q96BP3
P02649,P56589
O75643,Q7RTV0
P04233,Q96EH5
P50454,Q32P28
P20226,Q9Y3C7
Q9H1K0,Q9NRW7
P32969,Q9GZL7
P46777,P62917
Q8TEM1,Q96EE3
Q06710,Q92911
P60709,P62805
O75396,P56962
P20226,P50613
P53618,P53621
P12235,P30405
Q9NW64,Q9Y3C6
P14222,Q9UL17
O75251,O95299
O60755,O75600
Q9BXT4,Q9NQI0
P46781,Q9BYC8
P11802,Q99828
O75356,P36959
P60866,P82673
P82650,P82930
P61604,Q99832
Q9BPX5,Q9P1U1
P61086,Q8WVD3
O00585,P01579
O95398,P10114
P27695,Q96T60
O75554,O95777
O00459,P40189
Q9UHD2,Q9Y2E6
P20396,Q9UKU6
P06340,P20963
Q6P582,Q96RT7
O15534,Q16526
P33992,P35250
Q99616,Q9NRJ3
Q99798,Q9P0M9
O00505,P19838
O95249,Q15836
P09486,Q9NY15
P23511,Q6SJ96
Q9BV38,Q9Y6V7
P20226,Q92804
Q8IWA0,Q9Y221
P14635,P20248
P02743,Q9Y5P4
Q70CQ3,Q96AP4
P11172,Q9NWZ5
Q9Y2X0,Q9Y3C7
P00480,P31327
P17752,P63104
O75807,Q9NZJ5
O75293,Q96S65
Q8WXH0,Q9Y613
Q6P1A2,Q6ZNC8
P09960,P20292
P33992,Q9BVW5
O00566,Q9NVP1
P07948,Q9NWQ8
Q8WTT2,Q9NW13
P50148,Q92847
P29466,Q13546
P20132,P23526
O75821,P62753
P28907,Q9Y6E7
O43448,P22460
P45973,Q13112
O14735,Q9UG56
Q8NFJ9,Q9BXC9
Q68DK2,Q6DKK2
O60934,Q15554
Q99616,Q9Y258
O43504,Q7L523
P20700,P50402
P83881,Q9UHA3
Q13769,Q96FV9
Q86WI3,Q9NPP4
P04181,P78540
P62753,Q9UBQ5
O43921,Q5JZY3
Q8NI36,Q9NW08
Q9NQ66,Q9P2W3
O95721,P51809
P51553,P51571
Q04721,Q9NR61
Q8TAE8,Q9H9J2
Q15006,Q8N766
O75529,Q9NPA8
P49961,Q7LG56
B4E171,Q99816
P07305,P49321
P13688,Q8TDQ0
P25398,Q6NTE8
O00487,Q16401
P02741,P02751
P32969,Q9BYC8
Q6IQ49,Q9UMS4
P30041,P46439
P55317,Q92908
P05198,P62979
O00244,P35670
P62877,Q969U6
P05164,P14780
Q9NPD3,Q9NZN8
P84243,Q9UNL4
O15155,O75396
Q9NVN8,Q9Y221
Q14137,Q9NYH9
Q969E8,Q9UHA3
O14793,O95633
Q86YB8,Q9BS26
P78504,Q9Y5J3
Q16774,Q8TCD5
Q969V3,Q96A33
O00566,Q9NX24
Q71RH2,Q9BX95
P09629,P09630
O43572,P31323
Q9NPH9,Q9UHD0
P23258,Q9BT25
P42766,Q2NL67
P62314,P62318
P62314,Q9NW64
P07737,P50552
P42356,Q9BYI3
O00566,Q9H6R4
P22090,P62899
P09972,P35575
O95299,P31930
P82930,Q96EY7
O15372,P41091
P46939,Q13424
P00505,P30038
P07339,P11279
Q9Y265,Q9Y4R8
P49888,Q53GQ0
P31939,Q9BXI3
Q13131,Q9Y376
Q10588,Q9BQG2
O60921,P40938
P01137,Q03167
P28482,Q9UN42
Q15067,Q9NR19
Q92583,Q969D9
O00268,O75529
Q12834,Q9NSP4
O60869,P46782
Q07021,Q9Y2R2
O95863,Q14974
P46527,P78396
P24941,P46527
Q9NZQ8,Q9P0L9
O75821,P62841
P01008,P02656
O43290,Q9Y3B4
P50613,P52655
O00206,O43187
Q96A35,Q9P015
Q86VH2,Q99835
P60520,Q9H6L5
Q7L0Y3,Q9UJA5
O60359,Q13698
P23515,Q9NQC3
P17535,P45983
O43914,P55008
O60573,P60842
P15172,Q02078
Q92466,Q9UPU5
P17568,Q9P0J0
P19525,Q9UII4
P12644,Q15465
P31645,Q16623
P00736,P02741
P63272,Q8N5P1
O96017,P43246
Q9NWS0,Q9UBK9
P02489,P26998
Q14165,Q8TCJ2
O96011,Q96HA9
O14907,O14908
O00401,O94868
O43639,Q13094
O43464,Q13490
P19784,Q99496
O95822,Q13085
P01116,P16234
P11712,P46439
Q92900,Q9UKV8
P32320,P41238
O43143,Q03701
P10144,P55210
Q13427,Q16678
P09001,P84098
Q6ZN44,Q9NZU1
P62070,Q07890
Q13487,Q92966
P84243,Q15291
P01730,P10145
Q92979,Q9Y221
P11712,P49326
P42766,P61513
Q92793,Q9UBG7
P06756,P18084
P78345,Q99714
P82663,Q9Y291
Q3SYG4,Q8N3I7
O00401,P14317
O15254,Q9NR19
P20290,P42766
O14733,Q16539
Q96G21,Q9BQ67
P04233,P06340
P04844,Q86YN1
Q4U2R6,Q96E11
P07911,P41181
P20815,P24462
P10599,P19838
P10916,P50461
P09104,Q16822
P23443,Q15648
O00566,P62277
P23109,P36959
P49959,Q86YC2
O00459,Q9BTU6
P14635,Q02241
P08238,P13569
O43174,P20815
P63162,Q15459
Q99075,Q9Y5R2
P23396,P57772
P14778,P18510
P98161,Q9HBA0
P17676,Q92793
O95450,P02461
P39023,P82664
P51149,Q9HA65
Q01860,Q9H9S0
P01730,Q6PIZ9
P82930,Q9NP92
Q96G23,Q9HA82
P07204,Q9UNN8
P01308,P19838
Q9NUP9,Q9NZW5
Q9BVI4,Q9Y5J1
P35557,Q96G03
O75312,P68104
Q7L590,Q9UBD5
P01730,P20138
P56282,Q14691
Q00325,Q9Y6C9
Q05519,Q14498
P62750,P82933
P00568,P55263
P29350,Q05639
P13500,P42830
Q01860,Q96ST3
Q09472,Q6ZRS2
O15047,Q9UPP1
P29992,P35368
Q96RN5,Q9Y3C7
O15105,Q6ZNA4
P63208,Q13619
Q92611,Q96Q80
Q02241,Q5TB30
P62241,Q9UNQ2
P62380,Q6P1X5
P35575,P52789
P08238,Q9NWS0
P24864,P33552
P56537,Q02543
P54132,Q9BX63
P05067,Q99523
P09661,P62312
P51948,Q5VWG9
O14640,O75581
P28482,Q13233
P19387,Q9Y5B9
O95479,P35557
O00268,P62875
P05771,Q00722
P42704,Q9Y5Z4
P05091,Q4G176
P45974,P54578
P08579,P62306
P46783,P60228
Q9HB29,Q9UBH0
P01100,P04150
O60563,P51825
O00459,P05556
H3BMG3,P82933
P33991,Q6PL18
Q9UBZ9,Q9UI95
Q92797,Q9H0L4
Q07837,Q9UM01
Q8TCT0,Q9NXE4
P08138,Q9NQC3
O43174,P10632
P05165,Q08426
P36959,Q8TCD5
P02649,P04004
O95926,P16383
O60674,P16234
Q96Q80,Q9GZP9
P26439,P37059
O15371,Q8N3F8
P82663,P82673
P0CG48,P60900
O75822,P20042
P22087,Q9NV31
Q16880,Q8WUD6
O95619,Q9H0E9
P05198,P46776
Q16518,Q9NZN9
Q13224,Q9P2E2
P35916,Q15389
P36954,P52655
O43674,O43678
P27707,Q5EBM0
P21675,Q92759
O75822,P55010
P46778,Q9Y221
Q8TDY2,Q9H492
P01185,P05091
Q9BYQ0,Q9BYQ3
P63208,Q9Y4X5
P28328,Q03111
P01308,P35557
Q8IXJ6,Q9BQG2
Q15427,Q9H6L4
O43678,P09669
P0CG47,Q9HAU4
P46060,Q99666
P35408,Q9HAV0
P07737,P18206
P24390,Q99470
Q9H9J2,Q9Y676
P05112,P24394
O95239,Q02241
Q9H444,Q9HD42
P09471,Q00722
O95644,P28482
O14965,Q969H0
Q96EB6,Q9NRC8
O00442,Q9NQZ2
O00459,P35968
Q02543,Q96L21
P00491,Q8TCD5
P13569,Q9HD26
Q15393,Q7RTV0
Q8TEM1,Q9NRG9
P60520,Q9Y4P1
P03971,Q04771
P48664,Q92993
O60840,Q9UBN1
O43172,Q8WVK2
Q16678,Q16772
Q10589,Q9C035
Q5T653,Q9BQ48
Q9BQ67,Q9BYG3
P02763,Q9P0S3
P42696,Q9GZL7
P20718,Q13241
P05198,Q9UI10
P01137,Q15796
Q12874,Q8NAV1
Q9BQ48,Q9BZE1
Q12933,Q92844
G3V2F7,Q9UNE7
Q06547,Q9BVA1
Q96FV9,Q96J01
P20336,P60880
P01133,Q9NP95
Q9UBP4,Q9Y6F9
P47897,Q5JTZ9
A0A140T963,Q9UN37
O00329,P10301
Q03111,Q15370
P60006,Q9UJX4
O14561,O43678
Q8IXM3,Q9P0M9
O96008,Q9Y5L4
O15541,Q9P021
P08571,P17947
P20226,Q15648
O43555,P27361
P19838,P19876
P82673,Q9H2K0
P60880,Q9P2U7
Q13185,Q9UKL0
P07992,P32780
Q7KZN9,Q9BSH4
O00459,P08138
P05204,Q02543
Q99798,Q9P2R7
P07197,Q9NSK0
P36954,Q9P1U0
P01566,P01567
P82663,Q9Y676
O75586,Q9BTT4
O43674,P03891
O43927,P13500
O95249,P54920
P27694,Q9H9A7
P49257,P53618
Q12809,Q13936
O75616,Q9Y2R9
P32969,P57772
P11217,Q8TD86
P61353,Q9Y221
P07992,Q96SD1
P25116,Q9UNN8
Q14118,Q16586
Q12830,Q9UGU5
P61086,Q96PU5
O94906,Q15459
P56962,Q96JC1
P43403,Q13094
P04233,P30050
O14965,Q9NWT8
Q15800,Q16850
P02771,P06731
P49848,Q9NVC6
Q15796,Q9UJU2
Q9BYD1,Q9H9J2
Q4U2R6,Q9Y3D3
P27635,P84098
P04844,P27824
P82279,Q8N3R9
Q7L5N7,Q9UJA2
P61247,Q9NQZ2
Q9BVP2,Q9NQZ2
O43464,Q96CA5
O43818,O60832
Q99848,Q9NY93
O14907,P35222
P60174,Q8N0Y7
P48556,P62191
P82909,Q92665
P33992,Q12834
O43818,Q9Y5J1
Q13895,Q8TED0
O00746,Q9Y5B8
P10176,P12074
Q8TEM1,Q99567
P08637,P20138
P17844,P38919
P62877,Q9UKB1
O43521,Q92843
P09467,Q16877
O60662,Q13829
Q15819,Q9UBZ9
O60504,P18206
P46736,Q8IXK0
O00401,Q8NHR9
Q9NQZ2,Q9NW13
O95398,P53778
Q9GZN1,Q9NPF5
P32241,P41587
P00480,Q04446
P35557,Q9BUM1
Q14126,Q9BTV4
Q4U2R6,Q7Z2W9
O95721,Q5SQN1
Q08AM6,Q92562
P06756,Q9NZW4
P35475,Q12794
O43237,P47756
Q14BN4,Q9NVK5
P28482,P53355
P10916,Q32MK0
O95926,Q15029
Q8TAD8,Q9H6L4
P11488,P18545
P35398,Q14332
P25490,Q06587
O60832,Q13601
P12074,P13073
Q96ES7,Q9UPT9
O60306,P62318
P16499,Q02846
P10916,Q15746
O95466,P0CG37
P19438,P25445
P39023,Q9HB96
P11047,Q14112
Q99832,Q9Y3A3
P17568,Q9NX14
P28062,Q9UL46
A0A0A6YYL6,P84098
P17405,Q12918
P04264,P20930
O43674,P00395
P07585,Q9HD89
Q13033,Q9ULQ0
Q9GZL7,Q9NVX2
Q8N5P1,Q8N7H5
O95478,Q9Y2R9
O00505,P18754
P62491,Q15836
P13500,P49238
P18206,Q8IY67
P09972,P50053
Q16850,Q9UKR5
P22694,Q9UPR5
P14625,Q9NYU2
P11216,P54840
Q9BZE4,Q9NQZ2
O95168,P14927
O95398,P62070
O00469,Q8NBJ5
Q14289,Q8TDY2
O00220,Q15628
O14777,Q02241
O00231,P62195
O15160,Q9P0M9
Q7KZN9,Q9Y276
O75822,Q04637
Q15726,Q969F8
P30049,P31040
P04180,P27169
O95786,Q96EQ8
O60739,P61247
P41440,Q92820
Q8N3R9,Q9BYG5
O60869,P08865
O95237,P09455
O43752,P46459
Q8WWR8,Q9H3Q3
Q53F19,Q96FV9
Q9BPX3,Q9ULW0
O60231,Q5T200
P56192,Q9Y2Z4
P82664,Q9Y399
P69905,Q9NZD4
P03897,Q9Y375
Q5T9L3,Q9UBV4
O00762,O14965
Q6XQN6,Q9BQG2
P04150,Q15788
Q6UXL0,Q9NPH9
P22309,Q9UGB7
Q13283,Q7Z417
P05112,Q01344
Q13951,Q15370
P80075,P80162
P40692,Q9UIF7
O43395,Q9BTD8
A0A1B0GV85,Q9P0M9
Q13242,Q13247
P63208,Q14999
Q6ZNE5,Q9BSB4
Q07890,Q9UQC2
P19174,Q92569
P51665,P62195
Q01638,Q99836
Q05469,Q9NP71
P17861,P35638
O95050,P20711
Q96B26,Q9NQT4
P62314,Q8WVK2
P01137,P37231
P62805,Q4LE39
P52732,Q9NS87
O95786,Q7Z2W4
P54289,Q9UBN1
Q16698,Q9Y236
O75807,Q12824
P62380,Q9UBG7
P01148,P28482
P55769,Q15459
P82930,Q9BYD1
O75190,P34931
Q7LG56,Q9Y227
P62877,Q92905
P62714,Q13522
H0YIJ7,Q9BYC8
P60033,Q8WTV0
Q14498,Q16531
P53602,Q16850
P62861,P84098
P42766,Q9NWU5
O14744,Q9BQA1
Q8TEW0,Q9NPB6
P09917,Q08477
Q8N1F7,Q9BRG2
P09012,P63162
O00267,O60563
F5H6H0,Q15796
P19087,Q16281
Q5H9S7,Q92466
Q13326,Q13424
P49815,P60484
P04150,Q09472
P62841,Q9NW08
O15239,P10606
O15169,P41235
P32969,Q9BQ48
Q3B726,Q969X6
P62249,Q9NQZ2
P02763,Q9NUV7
P11509,Q9NR63
P46199,Q96EY7
O15541,Q9H6L4
O75529,P49848
Q13686,Q9NXW9
P51911,Q96GE6
P51587,P52701
P10767,P16070
Q02878,Q9Y2R9
P01009,P02766
P09601,Q08257
P78368,Q9HCP0
P62753,P84098
Q9NW13,Q9UNX4
Q96EL3,Q9Y3B7
P63272,Q6P1J9
P57772,P62273
Q5MNZ9,Q96BY7
Q6WKZ4,Q9BXF6
P02743,P0DJI8
O15197,P98172
P45973,Q15047
P53539,Q06889
P43897,P82664
Q14973,Q9NPD5
Q96P20,Q9ULZ3
Q5T200,Q86V81
P06732,P12883
O95249,P56962
P07948,P20273
P62308,Q9BTD8
P41595,Q13698
Q9H6R4,Q9NQT4
P49721,Q53H80
K7EN88,Q86YC2
P62304,Q8NAV1
P16278,P35557
O43908,P26718
O43353,Q9BYM8
P61165,P61803
O75489,P10109
Q12887,Q15526
P40692,Q13315
P05091,P30038
Q96PB7,Q99972
P31749,Q92793
Q9H8H0,Q9UMY1
P33261,P54707
P35637,Q13148
P24385,Q92831
O43818,Q13895
P23443,Q6R327
O60493,Q9Y5X3
O00148,Q13838
P60468,P61254
O75251,Q9NX14
P51398,P82663
O95674,Q92539
O00566,Q2NL82
P00747,P54296
Q2NL82,Q9GZL7
P37058,P37059
O00233,O75832
P82664,Q9BYD6
Q3SYG4,Q8TAM2
Q5MY95,Q7LG56
Q8IXK0,Q8NHZ8
P62070,Q15052
Q13546,Q7Z434
P10767,Q8WU20
P60880,Q7Z6L0
P11161,Q15742
Q08999,Q5TKA1
P06727,P27169
Q86TJ2,Q92830
O95178,P17568
P27694,P51530
O00148,P82979
P00492,P21589
P06756,P24821
P00750,P07355
Q15843,Q9BZL1
Q5MNZ9,Q9Y4P8
P46663,Q86Y07
O14793,P13349
P23258,Q9Y2I6
O76094,P42766
P09012,P83876
O00566,Q9NY61
O60486,O75326
O15031,Q9NTN9
P01903,P30511
P33991,Q12834
O60563,Q8WX92
P01275,P43116
O00472,Q8WVC0
P78317,Q8WWF5
O60603,P14778
P53597,Q99798
Q16611,Q92843
Q02241,Q99618
P63208,Q6PCT2
O95817,P25685
P56703,Q6P988
P21579,Q9NYA1
Q96B01,Q9BWT6
P55010,P62753
P18858,P27695
P07942,P24043
O95219,Q5VWJ9
Q9H6R3,Q9NR19
O75616,Q9NVS2
Q8TD57,Q9GZS0
P51003,Q92797
P00441,Q9BUN8
P36888,Q06124
O75807,P36873
P05198,P42677
Q03111,R4GMX3
P01579,Q9HBE5
Q96CS3,Q9BUN8
Q14978,Q9NY93
Q7Z7C8,Q92759
O95602,Q9NYV6
P42766,Q9Y450
O75822,P60842
Q16520,Q9NR55
P17980,P62191
P63173,Q9NZM5
P01215,P01222
Q8IX04,Q92820
Q15398,Q99741
P62491,Q9Y6K9
P61201,Q92466
Q8N7H5,Q96JC9
P16234,P42338
Q00722,Q9NYW5
A6NNA2,P09661
P21283,Q9Y5K8
O94915,Q15208
P05556,P17931
O60674,P24385
O00567,Q9NYH9
P78380,Q8WTV0
O95931,Q15022
Q92890,Q9BUN8
P30049,P36542
P42224,Q13287
P05108,P10109
O14672,Q12959
P01579,P01730
P05556,P12830
O75575,Q9HAW0
P30038,Q53H96
P34810,Q9UQV4
Q12788,Q9Y221
Q8TCB0,Q9UMW8
P38398,P43246
P19387,P82932
O14735,P60484
P50613,Q15528
P01579,P13232
P49411,Q9H9J2
P01579,P33681
P40227,Q99832
O75191,Q9H0I9
P01730,P61073
O00401,Q9C0K3
P03971,P48436
P09234,Q86UA1
O76064,Q99728
P29597,Q9NPF7
P19387,Q08945
P42285,Q01780
P15172,Q92831
P45973,P68431
Q9BRG1,Q9UQN3
P23497,P25685
Q13895,Q9Y221
O60894,P35318
P60880,P61266
O14964,Q9BRG1
Q96GC5,Q9Y676
P49848,Q92830
P09919,P13500
O94811,Q9NZ32
Q4U2R6,Q9P015
P07686,Q9UJ70
P16520,P35414
P63208,Q9UK97
P82932,Q9BQ48
P49888,Q6UWM9
P25963,P63208
P04629,Q9HCT0
O00762,Q9UJX4
P29590,Q00987
Q9BZM5,Q9BZM6
P24001,P24158
P04233,Q96E11
P17081,Q9HD26
Q99848,Q9GZL7
P54619,Q16526
P55010,P62841
Q5T200,Q9NRN9
Q92835,Q96PE3
P02656,P02749
P01106,P24385
P01732,P30511
P61599,Q9GZZ1
O60739,Q14152
P14174,P25025
O15372,P60228
P60900,Q53H80
P18054,Q08477
P07996,P16144
P31930,P56181
Q8IXJ6,Q9UBN7
O60306,P61326
Q16777,Q9UQR0
O95257,P24522
P62917,Q9H089
P54105,Q9BQA1
P00352,P07327
Q13618,Q15843
O00488,Q9Y221
P01135,P09619
P59768,Q00722
P03905,Q9Y375
P06400,P24385
Q16773,Q16878
O95229,P14635
O75355,P36959
O15040,P60520
P00558,P60174
Q8WVB6,Q96FC9
Q14562,Q9UBB9
P46783,P57772
O75554,P09661
Q9BVI4,Q9UNQ2
P63096,Q9HAV0
O00519,Q6PI48
O00585,P51685
P60468,Q96A33
O60739,P62249
P27824,Q86VP3
Q8TAD8,Q9BRD0
Q5T8D3,Q9Y5Y5
O75379,Q12981
P26717,P26718
Q9H6R0,Q9Y2G2
P15018,P40189
P13995,P31939
P24385,Q92797
P14635,Q9NPD8
P53350,Q8TD19
O75190,P11142
P63272,Q96CJ1
P30291,P30305
O43678,P15954
P04264,P13647
Q4U2R6,Q9H2W6
P42285,P52298
P62380,Q6SJ96
O95602,Q13895
Q96RT7,Q9UGJ1
P43080,P51841
O43447,Q9UK45
P11597,P55058
P02818,P09486
P14866,Q00839
Q9BZS1,Q9UL17
P46783,Q02543
P84098,Q02543
O00401,P32241
O00623,O43933
P02788,P10909
Q06278,Q96EN8
Q14690,Q9NW08
Q9NY25,Q9UBK5
Q13522,Q969Q6
Q15738,Q16850
Q15459,Q9P013
P08865,Q9UBQ5
P10144,Q9NY65
P10275,Q9UNE7
O14556,P51854
P11802,P49736
O15265,O43186
Q13901,Q99547
O00144,O75581
P50443,Q9BZW2
P09661,P62310
P16234,Q05397
O43914,Q9P1W8
P62750,Q9BYC8
Q8NAV1,Q96NC0
A5PLN9,O75865
P11488,P35913
Q6P5S7,Q9Y5K8
P52701,P54727
Q15554,Q92878
Q8WZ74,Q9P013
Q9BXC9,Q9NXB0
Q969V3,Q9BVK8
Q9UII4,Q9Y6K5
O95477,P02649
P18627,Q6DKI2
Q8WUD6,Q92539
O95299,Q9NX14
Q07020,Q9GZL7
P20930,Q02413
Q15370,Q9UHB7
P62805,Q96L73
P01730,P01911
P15018,Q01860
Q9NWB7,Q9UG01
P78396,Q13415
P02649,Q6Q788
P60228,P62861
P11172,Q9UHI7
O43293,P28482
P0C0S5,P84243
Q14197,Q96EY7
Q9BYG3,Q9GZL7
P08493,P10451
O00148,Q8NI27
O60391,P78352
P19438,P21580
P54868,Q16850
O95619,Q9Y230
Q9BQ67,Q9NW13
O95243,Q9Y6K1
Q8IZU2,Q9BQ67
P63208,Q5XUX0
P06899,P20226
O43402,Q9BV81
P01579,P19838
P19387,P23396
P10276,Q92793
P35637,Q15233
P09001,Q96EY7
O00459,O15294
P46013,P52732
Q86Y38,Q9H1B5
P11488,Q9UHM6
Q2M3D2,Q9UPT5
P49406,Q99798
P62714,P78371
O00459,O60674
P05198,P62495
P40429,Q9HA92
P25490,Q99496
P35557,Q16875
O95168,P03891
P07737,Q96QU8
O75907,Q3SYC2
P42766,P62753
Q13885,Q99832
Q9BYC8,Q9NVS2
O00217,P10109
P62306,Q9H6L4
P00533,Q99075
P82663,Q9Y2R5
Q15544,Q9Y3C7
O43741,Q9UBK2
Q16819,Q16820
Q9H9Y2,Q9NZM5
Q07837,Q8TCU3
P60866,Q9HB96
P06737,Q93100
O15514,P63272
P28482,Q16665
O14495,Q9BX95
O43159,Q9Y3T9
P22087,Q8WWH5
P46527,Q8NHY2
P47897,P84098
P42285,Q8N3Z6
Q99459,Q9H6L4
Q14690,Q9Y6V7
P62072,Q9Y5J6
O15541,Q9BRD0
O95822,P54646
O15498,Q9BRL7
P25685,P34931
Q08378,Q08379
Q8N485,Q9UIQ6
P24864,Q00534
O60343,Q9UIQ6
Q07955,Q9Y5L0
P04004,P07585
Q13547,Q5PSV4
P28482,Q86XP0
P13984,Q92759
P01137,P13500
Q9BVI4,Q9H8H0
P53778,Q99683
Q14999,Q9BYC8
P61165,P61619
P82912,Q9P0M9
P52735,P61224
P82663,P82664
P20273,P40259
P02649,P12821
P01591,Q9NQZ2
Q5EBM0,Q9Y5B8
P12830,Q07157
O43623,Q96ST3
P23946,Q9UI42
P84243,Q96ES7
P01100,P17947
P24385,P46531
Q03701,Q8NI36
O95299,Q86Y39
Q8WZ19,Q9H3F6
Q09028,Q9UQR0
P05556,P21589
Q13651,Q8IU54
P28223,P41595
Q9H461,Q9UBV4
Q9GZL7,Q9Y2R4
O15111,Q86WI3
P08237,Q16877
P14678,Q9UKF6
O43752,Q5T5C0
P15153,P52735
P02768,P05164
P54136,Q96GW9
P08253,P35625
P30876,Q9NPJ6
Q15329,Q15796
O00255,P17535
O15169,Q14332
P14921,P28482
O00459,P42681
P62495,P84098
P60228,P62701
O95299,P20674
P13010,P52701
O00203,Q6QNY0
O43927,Q9Y4X3
O14756,P37059
Q96EH5,Q9UHA3
Q15399,Q8WTV0
P35243,Q02846
Q6P1J6,Q8NCC3
P08571,P18428
P51570,Q96C23
P16050,P18054
P54136,Q9NSE4
Q96DZ1,Q9Y385
O15371,P36578
P34932,Q16543
P06756,P08514
P61619,Q96L21
O60645,P60880
Q86Z14,Q9GZV9
P05106,P49747
Q14242,Q7Z614
O43159,Q9H9Y2
O60906,Q9NY59
P03971,Q16671
B5ME19,P05198
P19878,Q9HBY0
Q9H9J2,Q9NX20
O94887,P61224
Q8NEZ4,Q9UMN6
Q9NWS0,Q9Y230
Q13522,Q9Y2T4
P51948,Q9Y3C7
P02778,P32248
Q9NPD3,Q9NQZ2
O75643,Q07955
P01730,Q14005
O95067,P10244
P21589,P29274
P30679,Q00722
P61970,Q9H1B4
Q86YC2,Q9NWU1
Q9NWS0,Q9Y2X3
P31930,P47985
P04626,P07585
P35637,Q07955
P27694,P28340
Q5T9A4,Q9Y375
P61619,Q9UNL2
Q96E11,Q9Y2R9
O43752,O95219
P24928,Q9NPJ6
P36959,Q14123
O43921,P29317
P43490,Q9HD89
P15170,P25398
O60493,Q9UBQ0
P25685,Q9Y266
P10412,P16402
P05198,P82664
P11217,Q96G03
P28907,Q92736
P19387,Q9H204
O43752,Q15075
A4D1E9,Q9H9J2
O75400,P09234
Q13686,Q6P6C2
Q2TBE0,Q9NW64
P07996,Q08722
P00414,P10606
Q15398,Q69YH5
Q9BTT4,Q9P086
Q13546,Q9H0F6
P31930,Q16718
O15371,P62841
P18545,P36959
P11712,Q03013
P22680,Q9Y6A2
P82664,Q96DV4
P15085,Q99895
O14777,Q9BPX3
P61247,Q9H8H0
O15235,Q9H9J2
Q9BQG0,Q9H0A0
Q96P26,Q9BQG2
P13497,Q9H2X0
P04150,Q15648
P09341,P78423
O15514,Q8N7H5
P82663,Q9NX20
Q8IZT6,Q9BPX3
O14949,P12074
Q9H0S4,Q9H8H0
P49321,Q16695
P11802,P24385
P42356,Q9ULT0
Q16586,Q92629
O43447,P62318
Q7RTR0,Q9ULZ3
P68400,Q92997
Q9BTL3,Q9UKV8
P10767,P35916
Q96S59,Q9NQI0
Q9BZM4,Q9UBK5
P82663,Q9NP92
Q13206,Q9NQZ2
Q15006,Q8N4V1
P25963,P42224
P14920,Q9BYV1
P20718,Q8IZ20
P62877,P62979
Q16854,Q8TCD5
O14957,O95299
P20132,Q9BYV1
P15173,Q15475
O75923,Q16586
P01178,Q9UIQ6
Q8NFH5,Q8WUM0
P27694,Q8NG08
O95750,Q86Z14
O14735,P19174
P62877,Q96SW2
A0A096LPE2,P02647
Q8WTW4,Q96S15
Q96G21,Q9NX24
O95167,P17568
O95299,Q9Y6M9
P61619,P83731
O75694,P49790
Q9H211,Q9Y248
P0CG48,P49427
Q12874,Q7RTV0
P30307,P53778
P27695,Q01105
Q1RMZ1,Q969R8
Q15427,Q8NAV1
P05386,P25398
Q8TDN6,Q9UHA3
Q14562,Q96DI7
P05112,Q14116
P31943,Q13247
P52789,Q96EK6
O00401,Q96HL8
P04792,Q96EW2
O95863,Q9BTC8
P13639,Q02543
O43174,P05177
P10082,P10997
P14635,P50613
P09874,P62805
Q13158,Q92844
P62877,Q8WV16
Q29980,Q9UBK5
P19388,Q9Y3C7
P11279,P34810
O43432,O60573
P05813,P53674
O14638,P36959
Q5JWF2,Q9P2W3
Q9Y224,Q9Y3I0
O43318,Q13546
P48556,Q15008
P54803,Q16739
P23258,Q08AG7
Q92611,Q9BV94
P60900,P62191
O60869,P62987
Q9BPX3,Q9H8V3
Q15007,Q15796
O95931,P68431
P61927,P62917
O60645,P17081
Q9NWB7,Q9Y547
Q9P2G9,Q9Y2M5
O15213,Q9NY93
Q99816,Q9H7P6
P61081,Q9GZZ9
P14784,P61586
O14521,O75204
P28289,P35612
P42766,Q9BYD2
P05091,P14621
P56192,Q5JPH6
O00566,P62241
O00764,Q96GD0
A8MT69,Q9NSP4
P01100,Q16539
P62714,Q9GZV5
O75112,Q9UBF9
P48436,Q09472
P23193,Q92759
Q96TC7,Q9H0X9
O00311,Q13416
P62917,Q8N1I0
O14735,Q9NYA4
O00533,P11142
P01730,P01732
Q6ZNE5,Q8TDY2
P08620,P48431
P00740,P01008
Q9BVC5,Q9Y3I0
O00231,P54578
O76021,Q03701
P04070,P05121
P55769,Q13601
P09105,P68871
P19838,Q9Y4K3
P10301,P15056
P61247,Q96G21
P05164,P84243
Q13547,Q8WUI4
P08253,P14780
O00401,P59998
P82921,Q4U2R6
P51003,Q9UKF6
P09661,Q2TAY7
P56937,Q330K2
P00519,Q8NEB9
Q00722,Q7RTX1
P17542,P17947
O95727,Q9BY67
P82663,P82932
Q96L34,Q9UGJ1
Q16518,Q9P0W8
P09661,Q13523
P42766,P83881
Q15848,Q9HD89
P46777,P84098
O00566,Q92979
Q8NHU3,Q8TCT0
Q7Z3J2,Q7Z4G1
P49591,Q9UGM6
P46782,P82664
P63241,Q9BYC8
P42285,Q9H6R4
P08579,Q9UNP9
P11712,P24462
O00459,Q9UM73
Q5PSV4,Q9HAJ7
P13639,P42766
Q9BX95,Q9NYA1
Q7KZF4,Q9UKV8
O14965,Q16667
P61024,Q15843
P53803,P62877
Q07955,Q96PK6
Q6UXV0,Q99988
P20719,P31260
Q03468,Q8N7H5
P51665,P54578
O60869,P61247
O60921,Q12888
P31267,P31268
P09038,P78423
P01137,P07996
P12074,P24310
P61224,Q92565
O15522,Q9H7B4
P22087,P62753
P07741,Q9Y2T3
P03971,Q13253
P55072,Q96CS3
Q13895,Q9UHA3
O43395,P09012
P04233,P61619
P03886,P10606
P48556,P51665
Q96EL3,Q9Y2Q9
P22090,P25398
Q13263,Q9Y230
P51665,Q8TAA3
P09093,P15085
P09874,Q92466
P62877,Q9P2J3
Q96BP3,Q9BZI7
P31930,Q8NGF6
P01222,P21728
P62979,Q9HAU4
Q4G0S4,Q8IZV5
P08637,Q8WTV0
O75190,P17066
P61266,Q5T5C0
O43818,Q96G21
P25963,P63279
Q8N3R9,Q96JB8
P63279,Q92793
P00505,P07202
Q14241,Q8N1G1
P30049,Q9NX14
P62805,Q12962
Q5TEU4,Q9Y375
O43921,P54764
P82673,Q9H0U6
O75940,Q15428
P01137,P01584
Q8N201,Q9NVM9
P15880,P82933
O15504,Q96EE3
Q96EL2,Q9BYC8
Q92696,Q9NP90
O95168,P51970
O75787,Q9Y5K8
O00206,O00459
P82650,P82909
O15270,P34896
O00533,P16157
Q9UHA3,Q9UKD2
Q15526,Q7KZN9
O75390,Q99798
O00198,Q92843
O95298,P31930
O00488,Q9UHA3
O43765,P46379
Q6IQ16,Q9Y2M5
P51665,Q9UNM6
O60508,Q9UMS4
O00459,P60763
Q7Z2W9,Q9Y676
P28482,Q9UIK4
P02452,P23284
P24385,P63208
P09493,P10916
P11172,Q9NPB1
O00478,O00481
Q13243,Q14498
O76021,Q9NYH9
P23443,Q9BVC4
P55884,Q9UBQ5
Q16236,Q9BQI3
P18146,P18847
P61619,Q99442
O00585,Q99731
O75439,Q16795
O43660,Q9BRR8
P10244,Q16254
Q12778,Q16539
P49427,P62987
Q15020,Q9UK45
Q02543,Q9UKD2
Q13619,Q92466
O14757,P35250
P11802,P49715
P50151,Q9HAV0
Q13620,Q66K64
P05556,P49747
O00442,Q9Y324
P0CG48,Q15843
Q14674,Q99741
P25787,Q99436
Q96PD6,Q96PD7
O95394,Q96EK6
Q8WTW4,Q969R8
O95622,P49286
Q15369,Q9H6Z9
P84243,Q96BD5
Q64LD2,Q9UMS4
P43686,P54578
O14965,O95997
Q16613,Q6ZQW0
O75683,Q13895
P60228,P60866
P08865,P84098
P17844,Q86V81
P01579,P14151
P09493,P63316
O14777,Q8NG31
P19438,Q969G6
Q15003,Q9NTJ3
Q14566,Q9Y248
P30049,P52815
P62318,Q9UHI6
O14735,Q8TCG2
O43929,Q13416
Q96EY4,Q9UHA3
P62318,Q9H6L4
P00451,P04275
Q8N1F7,Q8TEM1
P12838,P22894
P13498,Q9NPH5
Q96DE5,Q9UJX4
P52435,P63272
P37059,Q9H8P0
O75251,P14927
P49005,Q9NRG0
Q08117,Q9Y3E5
P22413,Q9BXI3
P11586,Q96DP5
O95396,Q9NZB8
O00566,O15213
P37059,P56937
O60573,Q9UKV8
Q9UHA3,Q9Y2X3
Q08AM6,Q92698
P01178,P47901
P82673,Q9NZE8
P09619,P16333
P25787,P60900
P82650,Q9Y2R9
P62304,Q7RTV0
O75616,Q9NWT8
O00268,Q9UBK2
O75293,P04637
P57729,Q96NW4
O43921,P08138
O15460,Q02809
P04629,Q99523
P51809,Q13277
P32247,Q76M96
P62906,Q9NZM5
P01112,P16234
O14775,Q9P2W3
Q13895,Q96CN9
P26373,Q9Y2R9
O00746,Q9H773
Q14188,Q969R5
P19387,Q15560
P35557,Q9NQR9
Q15554,Q9H816
Q9NWU5,Q9Y676
O14925,Q9Y5L4
P09661,Q9BW85
P27482,P51636
Q92830,Q9UPT9
Q13263,Q9Y577
P82663,Q9BYD1
O43237,Q13561
P13501,P19838
Q9Y3T9,Q9Y5J1
P10767,Q9UEF7
P31939,P36959
P84243,Q8WXX5
Q7Z3S7,Q9UBN1
P10415,P30405
O15042,Q15428
O14775,P49286
O95168,P09669
P48449,Q9UKR5
P18077,P57772
P46527,Q96S94
P50552,Q15942
P00325,P07327
O94805,Q86U86
P48643,P61604
P02647,P98164
P49756,Q9Y520
P49756,Q9Y580
P12544,P53634
Q14028,Q16280
O43683,P52732
P35250,P39748
P12532,P48029
O95251,Q92613
P25789,Q6ICB0
Q9C0K3,Q9UJW0
P23443,P62714
B8ZZ87,Q96CW5
P04233,Q6P5R6
P20248,Q02539
P13569,Q99942
P11233,P21333
O15047,P51610
O00459,O14735
A2RRP1,Q6NUQ1
Q06547,Q13885
Q9H1K0,Q9UL26
Q5VU65,Q8TEM1
P10244,Q52LA3
P57772,Q969Q0
P53384,Q9Y5Y2
O75807,P05198
Q15397,Q9NZM5
P20648,P25021
P08637,P31997
P46782,Q9HB96
P08579,Q99459
P06132,P22830
Q587J7,Q9BXT4
P19387,Q3B726
Q06330,Q14469
Q99502,Q9UIU6
P49585,Q8WUD6
P41091,P60842
Q9NPJ6,Q9NVC6
P45983,P51452
P84243,Q9H3R0
O15169,Q8N752
O00479,Q9P0M9
P84243,Q99873
A0A1W2PQS6,P25398
P36888,P51692
P15153,P28482
Q99720,Q9UKR5
P56915,Q9GZU8
Q9NQZ2,Q9Y2P8
P09661,P55081
P01137,P10600
P55081,Q9BRD0
A6NMK7,Q9UKF6
Q15459,Q96A72
P22460,Q12809
P49768,Q8WW43
P42285,Q969X6
P84098,Q9Y221
Q15370,Q9GZS3
O14775,Q9UGC6
Q8TD57,Q9P225
Q14674,Q9UJX2
P15172,Q92793
O43708,P46439
O95433,Q02790
P20700,P42166
P05060,Q8WXD2
P10606,Q9UDW1
O95067,Q9BPX3
P16234,P40763
P51606,Q9NR45
P12882,Q9Y623
Q13472,Q9HB96
N0E472,P68400
P49815,Q9NX09
P13500,P80098
O14744,P62318
O75533,P08579
Q7Z7A3,Q9H9T3
O75419,Q9BVW5
Q14562,Q92620
P05112,P31785
O95490,Q9HAV0
P01116,P21860
P40337,Q13546
P25054,P63208
P14635,Q96FF9
O14793,P27037
P01100,P53539
P22087,Q9Y2P8
O00401,Q6XZF7
Q12873,Q9UBB5
Q93050,Q96NT0
O75084,O75581
P19438,Q96EP0
P14866,P38159
Q5TD94,Q9NVR5
Q15029,Q8WVK2
Q13601,Q9UKD2
P62917,P83881
P06126,P34810
Q13620,Q15843
O60869,P62249
P58004,Q96S15
O14777,O95067
A8CG34,Q9BW27
O94761,Q8WVB6
O94906,P17844
Q06265,Q99547
P07996,P35968
P52789,Q16877
P14866,P52272
P60468,Q9BVK8
P25789,P30926
O95393,P27037
P46782,P61619
Q15269,Q9NQZ2
P04818,Q5EBM0
P42858,P61086
Q14674,Q14683
O94805,Q92922
Q9NWZ3,Q9Y616
P62829,Q02543
O60306,Q9HCG8
P20396,P30990
Q14674,Q5FBB7
P42766,P46777
P02452,P12111
P46527,Q13616
Q6ZNB7,Q7L5A8
P01579,P01583
Q01668,Q06432
P08575,P11912
O95777,P09012
P54652,Q9NZL4
O60306,O75533
P05556,P06756
P49915,Q9BVC6
Q96EL3,Q9Y2R9
O00459,P08754
Q13416,Q9UBU7
P06241,P19174
P05166,Q96PE7
O95786,Q12933
O95336,P11413
P01375,P07585
O60603,Q14108
P00746,P01024
O00148,Q96FV9
P62249,P62917
Q8TDR0,Q9Y547
O95219,P07093
Q9NVX2,Q9UHA3
P01100,Q92793
P07585,P21810
P82933,Q8N4P3
P30049,Q92833
O00459,P35568
O94808,Q9UI32
P42766,P62424
P62081,Q02543
Q15459,Q9UK45
P11233,Q12967
P25398,P62861
P82673,Q9H7H0
P46108,Q9ULH0
O95619,Q6ZRS2
P26718,Q29980
O14920,Q13546
P62263,Q13895
P20618,Q9Y244
O43464,Q12933
Q05329,Q9H598
O15235,O75616
P15927,P33991
Q9P015,Q9Y676
O15372,P51665
O15155,Q13277
P82664,Q6NTE8
P17213,P24158
P04808,P51460
Q9NQ50,Q9P0M9
Q15291,Q9Y5Z7
Q8WTW4,Q9NXC5
P27824,Q8N766
Q01085,Q13148
P11712,Q9BQB6
O15264,Q13237
P53992,Q9HCU5
O15264,P54829
P42025,Q9NZ32
Q8IYB3,Q9UMS4
P08865,P60468
P02741,P0DJI8
Q96EL3,Q9BYC9
Q6ZNE5,Q8NEB9
O15504,Q9NRG9
O00267,P36954
P14635,Q9NSV4
P62888,Q9GZL7
P43686,P62979
P03372,Q00987
Q9UBT6,Q9UI95
Q96G25,Q9H668
P15313,Q99437
P42574,Q9UGN5
P35754,Q7LG56
Q03701,Q9NQ55
P08247,P21579
P62195,Q13371
P03886,Q86YC2
Q92547,Q9HAW4
Q68CQ4,Q9NQZ2
P62280,Q9UNQ2
O96014,P35398
Q8WTS6,Q96EB6
P21506,Q13263
P54577,Q5JTZ9
Q14562,Q96BY6
O43290,Q15459
P48556,P49721
P45973,Q9H410
Q02846,Q7Z3Z2
P35637,P43243
P22694,P52566
Q13601,Q5QJE6
P53803,Q92759
P13747,P26718
O43187,Q9Y4K3
O00401,P60763
P68431,Q96EB6
O60508,O95926
P35226,Q99728
O15342,Q9Y5K8
P34810,Q86VB7
O75586,Q9H668
P11172,Q9Y227
Q96G21,Q9NY61
P31937,Q9BYV1
P15880,Q99832
O15047,Q9UPS6
P30049,P41229
P14866,P61978
P02647,P11150
P16410,P60568
P62877,Q16531
Q68DV7,Q9NPG1
A0A087WWS6,P60568
P82930,Q96A35
P11055,Q9Y623
Q5T8A7,Q9BYC8
P50613,Q01094
P10606,Q9HAV7
P61978,Q9BTD8
O14775,P48549
O00399,Q14203
P04233,P47914
P62266,P69905
P00738,P02766
O60841,P04233
P49815,P98161
P10600,P17813
P62805,Q99986
Q9HA92,Q9Y3U8
P32942,Q9NNX6
P60468,P62979
P61619,P61803
P55010,P62979
P35557,P49286
Q6AI39,Q92922
P25490,Q6P4R8
P82664,Q8WVM0
Q15596,Q92830
A8K7I4,Q15063
P00533,P19174
P15391,P51451
P16885,P29992
O60568,Q02809
P42677,Q9H8H0
O75874,Q99798
Q9NRG0,Q9UI95
P30622,Q8NG68
P82930,Q92552
O15504,Q99567
P28289,Q08495
Q99873,Q9BQA1
P62318,Q9BRD0
P62306,Q8NAV1
P31947,P46527
P62424,P62917
Q9BVL2,Q9NRG9
Q9NPC8,Q9NSC2
P09012,Q14498
P20648,P54707
Q03701,Q12788
O75533,Q9H6L4
Q99933,Q9NZL4
O00585,P41597
P09012,Q12874
O95067,Q15398
P22087,Q9UMY1
P01116,P26951
O14775,P12004
P33981,Q14674
P42701,P60568
P0CG47,Q96G74
Q14156,Q9ULT0
Q9NPG1,Q9Y6F9
Q8TEM1,Q9BW27
Q14524,Q9Y3Q4
O43913,Q13416
P09496,Q6ULP2
Q9H8H0,Q9UNX4
Q7RTV0,Q9Y388
Q12834,Q9UI95
P61619,Q9Y3D3
P04844,P60468
Q1HG44,Q6PHW0
O75356,P11172
P08708,Q9UBQ5
P04626,P19474
P06576,P21912
P11511,P37059
O00762,P52732
O15047,Q9C005
P00748,Q07021
O43237,Q9BTE1
P17844,Q09472
O43402,P13073
A6PVI3,Q8NI27
Q86TS9,Q9BQ48
P61266,P61764
Q96RQ9,Q9H2M3
P27824,Q96CS3
P62277,Q13601
O75643,Q15459
O00264,Q16850
O60231,Q9UMS4
P46527,Q92905
Q9NP77,Q9UKF6
O75143,P60520
Q6ULP2,Q9Y587
O75533,Q14498
P00505,P35558
P11021,Q9NZL4
O95402,Q9NVC6
O15169,O75197
Q16552,Q9UL17
Q6X4W1,Q969F8
P52701,Q96SD1
O60674,P30926
O95292,Q13148
P61927,Q9NZM5
P17931,Q6UVK1
P19440,P36269
Q9BV38,Q9GZL7
Q9NRL3,Q9ULQ0
O95926,Q14562
O75394,Q9BQ48
P28482,Q15797
Q4U2R6,Q9Y6G3
P08842,P14060
P62269,P82664
P20813,P20815
P62280,Q9H8H0
P10275,P54578
P58004,Q8TDY2
P10747,P28907
P10606,P19404
P62851,Q9HA92
P35125,P54578
Q13601,Q9BXY0
O75822,P46781
P38159,Q9H6S0
O95249,Q9BRL7
O43524,Q16539
P62280,Q9Y2R9
P62805,Q9NVC6
Q06587,Q8IXK0
P31939,Q9NPB1
P19087,P63211
P03923,P10606
Q9H2E6,Q9HCM2
Q96GD4,Q99741
Q92997,Q9NPG1
Q4U2R6,Q6P1L8
O14777,Q8NBT2
O60341,Q9H9S0
P39019,Q9NYH9
P00505,P45381
P08579,Q9BZJ0
Q8NB16,Q9UN37
P42771,Q99741
P25054,Q9BZK7
P84098,Q9BXY0
Q96PH1,Q9HBY0
Q07817,Q92843
P17693,P30511
Q9NVN8,Q9NW13
O95067,Q15003
P19174,Q9NZT1
P40306,P43686
P31350,P33991
P61224,Q96FS4
Q9BQ48,Q9Y2R9
O43674,Q86YC2
P21709,Q15768
P51809,Q12981
Q5VW32,Q9H444
P57772,P62857
P62750,Q9Y221
Q8NHQ9,Q9BYG3
O75529,Q15543
P36941,Q06643
P42677,Q96G21
P07686,P16278
P16035,P51511
Q13618,Q9Y2M5
P78423,Q8TD46
P62987,Q9HAU4
Q92830,Q9UBG7
Q14498,Q9Y580
Q13829,Q8WZ19
Q5T8A7,Q9Y2R9
A0A075B6S2,Q13477
Q8NEZ4,Q9BTK6
P20815,P42330
P61221,Q9UG63
Q3SYG4,Q96RK4
Q13247,Q13595
O00459,P60484
P84243,Q9NXR8
P05231,P28482
O14602,P60228
O75379,Q86Y82
P18509,P41587
P40337,Q8TEY7
Q9Y2R9,Q9Y676
O95786,Q86WI3
O75251,P00395
Q15459,Q9NW64
P12931,P28482
P02751,P54296
P19174,P60484
P49815,Q9UGI9
P18146,P22736
P02766,P02774
O94761,Q9BVW5
O43174,P24462
O60359,O60840
P04264,Q5D862
P51841,Q02846
P49840,Q92837
P02656,P27169
Q13216,Q92466
P01040,P22735
P84098,Q5JVS0
Q5VWI1,Q8NAV1
Q96DZ1,Q9UBU6
P00734,P46663
Q6QNY1,Q96RT7
P15880,Q9BYC8
P12830,Q9UQF0
P33991,Q9NXL9
Q6NVY1,Q9P0M9
P16520,P62873
O60895,P35318
P61803,Q5BKT4
P09661,Q8NAV1
O95182,P30049
P19447,P36954
P60900,Q15008
A2RTX5,P54136
O15178,P12644
O94808,P34949
P51692,Q92793
P82663,P82675
P15170,P62917
P82664,Q9Y3D3
P49720,Q53H80
Q15370,Q9C0D3
O95249,Q9UNK0
O00566,Q9NV06
Q9NQZ2,Q9NZM5
P0CG48,Q9H0F5
Q96BT3,Q9NSP4
Q66K64,Q96JK2
P54920,P60880
P19235,P32927
P05113,P26951
P15085,P17538
P09669,Q9BQ61
Q8IWT0,Q9BVC5
O00463,Q12933
P20062,P22681
P01275,P09683
P04899,P16520
Q8N3F8,Q9H4M9
P53778,Q8IW41
P62136,Q9UD71
P19838,P27361
Q5EBM0,Q9H773
Q96AD5,Q96PD7
P63208,Q969H0
P61224,Q9BZL6
P55081,Q8NAV1
P19387,P20226
O95777,P62312
P26022,Q9BXR6
Q15382,Q9BVC4
O43174,P08319
P08620,Q15465
Q96EU6,Q9H6R4
Q6P1L8,Q9H9J2
O94808,P52790
P09661,Q15029
P19387,Q9H9Y6
Q06945,Q15910
Q9BYG3,Q9Y221
Q13895,Q9Y3T9
O75822,P25398
P25490,P35227
O43660,Q14562
O14775,P36269
P62857,P69905
O75379,P60880
P60709,Q96RT7
P0CE71,P58743
O43914,Q13094
A0A087WUM3,O95168
P27824,Q9H3N1
O75907,Q92781
Q8IYB3,Q9H307
Q12933,Q9Y6K9
P13674,P28838
Q92759,Q9BTT4
P09619,P49765
P01730,Q08881
O75192,Q9Y3D6
P20248,P30305
P02647,P06727
P01024,P06681
Q12864,Q96E93
Q9H8H2,Q9NY93
A0AVK6,Q99741
P22090,Q8N1I0
P17081,Q9H3Q1
P17676,P19838
P62070,Q13671
Q96EY7,Q9H9J2
P05121,P41159
P01116,Q13009
O15169,Q9H2X6
Q9UK41,Q9UN37
P09486,P19320
P20815,P56937
P17066,P25685
P19387,Q9P0J6
O43143,P08579
P07996,P39060
Q13427,Q8IYB3
Q09028,Q9UBB5
O15504,Q9UKX7
Q9BZI7,Q9Y3X0
P22059,Q9NYT0
Q13007,Q13651
Q00535,Q8TDN4
P15313,Q93050
O75821,P62277
P53350,P68366
P11172,Q8TCD5
P15927,P27694
O75832,P43686
P55809,Q08426
Q8NI36,Q9UNQ2
Q9BWF3,Q9UKV8
P17861,Q86TM6
Q14690,Q9H0A0
A0A1W2PP11,O43464
O43318,P53778
P18564,P26012
P13500,Q9Y258
Q2I0M5,Q9ULT6
Q00610,Q6ULP2
P42766,Q8N4P3
P24385,P30304
Q09028,Q8TDI0
O94913,Q9UKF6
P22090,P62753
P23510,P41273
Q92562,Q9Y216
Q9BVP2,Q9NZM5
P15104,Q9Y572
Q13895,Q9H9Y2
Q8NHQ9,Q8TDN6
O00194,Q9Y4I1
Q9UGY1,Q9UHA3
Q9BQG2,Q9BXI3
P20618,Q9Y5K5
P09012,Q13573
O43914,Q496F6
P07737,P61160
P25208,Q9NRG0
P01137,P37173
O95168,P13073
Q8WUX9,Q9BRG1
P05093,P37059
Q15459,Q15637
Q9H1C4,Q9NYK1
P19174,Q9NP31
Q15398,Q16667
P22087,Q16637
P22087,Q5TAP6
P19388,Q6UXA7
O15264,P43403
O43639,Q9HCK4
P19838,Q66LE6
P17861,Q15084
Q96RT8,Q9NRH3
Q13263,Q9UBC3
Q05519,Q9H307
P10301,Q8WZA2
P52732,Q13535
P56703,Q6FHJ7
Q13503,Q9NVC6
P42766,Q14690
O75865,Q9Y2L5
Q92800,Q9UQR0
E9PNW1,Q13402
P14061,Q53GQ0
P16219,P24752
P60880,Q8IUH5
P57740,Q8WYP5
Q96A35,Q9BYC8
O15264,P28562
Q07955,Q96A72
Q16623,Q9Y2K9
P25398,P60866
P37198,Q9NPJ8
P57772,P61513
P17931,Q09328
Q96DI7,Q9Y3B4
P11712,Q08477
Q9GZN1,Q9Y265
P25398,P62750
O75616,P58557
O95816,Q9NZL4
O14949,P31930
Q16539,Q86X55
O95299,P00395
P0DP23,Q14012
Q9BUR4,Q9NY12
P49848,P51948
P28907,Q6IA69
O00268,O94864
P10916,P63316
P50479,Q9Y5K6
P51572,Q9Y3D6
P61601,Q02846
P12644,Q9GZX9
O75072,Q9H9S5
O43402,Q5UCC4
Q10567,Q9H1H9
P58004,P58005
P12644,P19883
Q8NF37,Q9UBM1
P01116,Q15831
O75581,P04628
P30305,Q16539
P02647,P02763
O00566,P62269
P63272,Q96JC9
P36888,P49771
P46721,Q14973
P0CG48,P25788
P62263,Q9H8H0
Q92583,Q99731
P19838,Q9BXL7
Q14137,Q9Y6V7
P50750,Q5T200
P29317,P98172
P01589,P05112
P09619,P14210
O14602,O75821
P62263,Q9Y2R9
O15269,Q9P0S3
P42766,P46776
Q00059,Q96EB6
O95977,P04899
P52435,P62805
P22736,P28482
P62805,Q92830
P84243,Q8IZD2
P62841,Q13895
O14561,Q4U2R6
P49756,P62314
Q02543,Q5T653
O43464,Q9BXM7
P28838,Q53H96
Q13424,Q16586
P51970,Q9Y375
P30405,P48047
P25398,Q9NQZ2
P01266,P02144
P62805,P62807
P17735,Q9H2M3
Q9P0J6,Q9Y2R9
P20138,P22083
P25325,Q6YP21
P03372,Q16539
P28482,Q05682
Q9NW13,Q9Y3A2
P20700,Q03252
O95707,Q9UKV8
Q9BVK8,Q9UM00
P62318,Q8NAV1
P48061,P80162
Q9NRG0,Q9UIG0
P82664,Q9UKD2
O14746,P62318
P19838,Q92985
Q13895,Q9H501
P31939,Q9Y227
P53803,Q9NVC6
P09661,Q8TAD8
P05412,P23443
O14672,P12830
Q16586,Q9Y4J8
Q2Q1W2,Q9UKV8
Q9ULX3,Q9Y5J1
P63208,Q9Y4A5
P05198,P11021
P14635,Q9UJX5
P49815,Q9Y243
P0C6T2,P61803
P57679,Q99835
Q14498,Q86V81
O15169,Q5JTC6
P19838,P22694
P14416,P62714
P53990,Q9NZZ3
P01579,P13236
A5YKK6,Q9NZN8
P09619,P19174
O43837,P00505
Q6NZY4,Q9NQT4
O15519,Q8IUC6
Q71SY5,Q9NVC6
P69849,Q86Y38
P41250,P49588
Q7LG56,Q9UHN1
P08235,Q02790
P15880,P57772
Q9UNX4,Q9Y221
Q92624,Q9UK73
Q12959,Q9HAP6
P35250,P49642
O75146,P14317
O75436,O95219
Q1HG44,Q92911
P63272,Q659A1
P46527,P62877
P83731,Q02543
O00358,P01266
P35579,P63267
P18848,Q9HBH9
P62318,Q15029
P42766,P84098
Q14690,Q9Y5J1
O75934,O95926
P0DP23,P23677
O95619,Q9NV56
O43524,Q92793
O00471,P11233
P00533,P19438
P05997,Q02809
Q969X6,Q9NQZ2
P08579,Q9Y3C6
Q15910,Q9BSM1
P20618,P40306
Q9BSR8,Q9GZM5
P63208,Q5XX13
O75694,Q9BVL2
O43174,Q96NR8
O60506,Q8IV48
P05388,Q02543
P78352,Q00987
Q14435,Q9NSC7
P53680,Q6ULP2
P35222,P49840
Q13435,Q15428
O43395,P08579
P62837,Q9UNE7
O14745,P13569
P78396,Q14566
P20472,P22676
P61970,Q9UKK6
P82933,Q9UNX3
P04275,P13726
Q92993,Q9H9F9
P00390,Q8TED1
O43402,Q8N4V1
P31947,Q13526
P84243,Q06587
P07197,Q16352
O43586,Q05209
O00459,P19174
Q96A65,Q9NV70
Q15650,Q9P086
O75575,Q9UI95
P11217,P13807
P42285,Q9Y580
P62263,Q96G21
P25685,P31948
P11217,P35573
P08708,P84098
P62913,Q13895
P19388,Q9H6T3
Q969S9,Q96EL3
P14635,Q99741
O95926,P14678
Q6PJT7,Q86V81
Q15003,Q9ULW0
O43526,P51787
Q9NZE8,Q9Y676
O60244,P36954
P62249,Q9UBQ5
P41240,Q8NHL6
Q7L8A9,Q9UNK9
P12931,P15153
O14735,P29218
O00399,P60709
P25398,Q13895
P57772,Q9Y3U8
O75643,Q92917
P61026,Q86TI0
P18846,Q96BA8
Q4U2R6,Q9HD33
P10275,Q02790
O14944,Q99075
P40855,Q9Y5Y5
P55735,P58004
Q8N142,Q9BXI3
Q9BVJ6,Q9H0A0
P40616,P53365
P06748,P27695
P47895,Q92781
P17405,P54803
O00220,Q5Y7H0
Q9C0J8,Q9UKF6
P11142,Q96EY1
P28328,P63272
P0CG48,P20618
O95391,Q13242
P55010,Q71UM5
O75448,Q9Y3C7
P62805,Q9Y230
P62979,Q96G21
P78316,Q9H0A0
Q15750,Q9UMW8
O94808,Q06210
O95813,Q9GZT5
O75807,P03886
Q9H444,Q9NP79
P46776,P57772
P49368,Q16543
P62805,Q96H22
Q9HB29,Q9UHA7
P00156,Q7KZN9
P09683,P59768
Q8IY81,Q9NQZ2
Q92572,Q9UPM8
O43639,P48059
Q16533,Q5SXM2
P33992,P33993
P34932,Q13148
P01116,Q13233
Q15286,Q8WXG6
P02768,Q92626
P05112,P35225
O43174,P07327
P17947,Q99684
O00401,P06241
P22090,P83881
P01579,P08637
P15884,Q15672
P17752,P20711
Q9NWU5,Q9P015
Q8TAA3,Q99436
P08493,P12643
P56937,Q9H2F3
P02652,P27169
P49848,P50613
O15498,O75396
Q6DKI1,Q9P0M9
P56645,Q16526
O14519,Q13547
O94805,Q8TAQ2
Q13829,Q8N653
Q15528,Q9H204
P19387,P62269
P60880,Q13277
P06732,P12277
P04233,P46779
O60662,Q9Y2M5
P12644,P21810
P10276,Q9Y6Q9
O75717,P52732
O43172,O95777
P04818,Q9BXR0
Q6P1X5,Q9BTT4
O75794,P41091
P09661,Q8IYB3
P00403,Q14061
P61266,Q9BV40
O14734,P49753
O43678,P07919
Q04609,Q8IXN7
F5H5T6,O75204
P57772,P61247
Q02252,Q08426
Q02241,Q9NQW6
O60563,Q6P1J9
O75146,O95208
P61927,P84098
P62917,Q14690
O43264,O95229
Q8WU17,Q9BUN8
O14957,O75251
P10645,P61278
P55263,Q9BXI3
P25025,Q9Y4X3
O95169,P12074
P24928,Q9Y5B9
Q5T011,Q969R8
Q92845,Q9P2E2
Q96CF2,Q9NZZ3
Q92904,Q9NQI0
P30876,Q9NVC6
Q5TAP6,Q9H0A0
P60520,Q9GZQ8
Q13496,Q96PE3
P22087,Q14690
O75952,Q9HAT0
Q8TBA6,Q9Y2V7
Q9H501,Q9H583
P09012,Q15427
O43933,O75381
O43676,P10606
P49366,Q9GZV4
P14866,Q9NR56
P23677,Q15735
P14555,Q9BZM1
P50148,Q9UGC6
Q9BQC6,Q9P0M9
O96024,P07686
P09471,P63215
Q68CQ4,Q96G21
Q9NPJ3,Q9UKL6
O15541,Q9Y3B4
P09341,P32248
P49756,Q16560
P37198,Q8WUM0
Q13123,Q15428
Q96L21,Q9UHA3
P25398,Q5JRM2
Q96QD9,Q9Y3Y2
P01579,P05113
P25788,P35998
P25398,Q9BVS4
O15460,Q53H96
Q12788,Q9NW13
O00401,Q14247
Q8TDN6,Q9BQ67
P01133,P16234
Q9H9J2,Q9P0J6
P51948,Q6P1K8
P62917,Q92901
P35998,Q16401
P25398,P35268
Q01814,Q9H251
P01106,P18146
Q8IUQ4,Q9H6Z9
P09661,Q9P013
P11233,P11234
O00585,Q07325
O75531,Q6STE5
O15498,Q9H269
P29374,Q5PSV4
Q13733,Q9UN42
P04233,P05198
P18054,Q7Z449
P03915,Q9Y375
O00231,Q16401
Q07955,Q9NW64
O75251,O95169
Q01780,Q9NQT4
P62873,Q92847
P10114,Q8WZA2
P54136,P54577
O14735,Q96EF0
P23763,Q16623
P15172,P41134
Q8N983,Q9P015
P80162,Q9H2A7
P05198,P41091
Q00987,Q9H3D4
O75762,Q8NER1
O94979,P49257
P42766,P60468
P46976,Q9UQK1
P56937,Q9UBM7
Q9BVJ6,Q9Y5J1
P04141,P05112
P08579,P09012
Q15398,Q8NI77
Q5BJD5,Q96GC9
Q5H9S7,Q8TEL6
Q9NRX2,Q9P015
P04844,Q14165
O15143,Q9P1U1
Q15286,Q8N2Y8
P08047,Q6SJ96
P61619,P62910
P82663,Q9P0J6
Q9BXW9,Q9HB96
Q9BYD1,Q9Y676
Q14562,Q9UQ35
O00231,Q16186
P12004,Q8WVB6
P16104,P62805
P25786,Q99436
P62841,Q9BYC8
O43716,O43776
P51665,Q16401
O14641,Q9HC62
P24385,Q5XUX0
P08590,Q9Y623
Q8NAV1,Q96DI7
P23515,P34910
P47914,Q9UHA3
P25490,Q8N488
P51553,Q8TB92
O96000,P10606
Q02543,Q9Y3B7
O43688,Q9HA82
P17861,P18850
P78396,Q9UM11
P0C6T2,P61619
O15397,Q9UKV8
P62308,Q9H6L4
O75533,Q8NAV1
P13236,P78423
P22087,Q9NY12
P01137,Q06828
P08708,P60468
Q4U2R6,Q9Y2Q9
P27694,Q13472
P33992,Q9BRX5
Q16558,Q86W47
O60603,P07585
P51809,Q9H267
Q643R3,Q8WUD6
Q8WVB6,Q96QE3
D6RC18,Q14562
P27824,Q8IXB1
Q8N427,Q9P2D7
P82663,Q96A35
Q8WYA6,Q9UMS4
P18509,P47872
O75489,Q9Y375
O00401,Q8TF74
P82979,Q8NI27
P08908,P31645
P62917,Q9BRX2
O95391,Q07955
Q9GZL7,Q9UHA3
P82933,Q9H0U6
P62714,Q9NY27
P04150,Q92793
O00161,Q9Y2K9
P62805,Q86WJ1
P30622,Q9UPY8
P52564,Q12933
P62266,P82933
P51617,Q01638
P16104,Q86YC2
O15169,Q9BT92
Q13895,Q9BQ67
O15054,P30049
Q8IWL3,Q9HAV7
P82664,Q4U2R6
Q9BQA1,Q9BRS2
Q96A35,Q9BQ48
Q05519,Q13242
P02008,P17535
P11586,P49914
P01116,P05362
O15455,O43187
O00213,P51693
A0A140T963,Q99816
P41091,P46781
P46781,Q9NQZ2
O00401,O15511
P24593,Q9BXP8
Q5I7T1,Q9Y673
P56182,Q9GZL7
Q16778,Q9UPT9
P11150,Q96S06
Q6SJ96,Q9HBM6
Q15906,Q6ZRS2
P42765,P55809
O43752,Q96MW5
O15371,P42677
P01116,P08581
O15397,Q96P70
Q9H9J2,Q9Y399
Q8IZF0,Q8N2C7
Q5TAP6,Q9Y5J1
P10606,P24539
P62266,Q9Y5J1
P61619,Q9NRX2
P02766,P02768
P01116,P27361
P49736,Q9UBD5
P11233,P15153
Q9BWG6,Q9P021
O15160,P63272
Q15428,Q9UMS4
O14641,O15169
P46777,Q9NZL4
P43080,Q02846
O14556,P29401
P04233,P61313
P01579,P35228
O75379,Q5VIR6
P23560,Q99523
Q14032,Q9Y600
O96004,Q8IVH2
O60563,Q96CJ1
P62917,Q9H6W3
P31939,Q969T7
P40926,P60174
Q8IWX5,Q9BX95
Q76EJ3,Q9Y2D2
O15105,Q13485
P42677,P55010
Q9NVC6,Q9P086
P26358,P84243
P20248,P78396
P04233,P82933
Q6UWE0,Q99816
Q9Y487,Q9Y5K8
P16104,Q15554
P31948,P53041
P43686,Q16401
P62316,Q9UMS4
P62917,Q9HA92
P20393,Q9C0J9
P19174,P48454
P15153,Q92608
O75899,P08754
P61086,P63279
P23396,P25398
Q92793,Q96JK9
O60907,P25054
P05091,Q16853
O43914,Q07444
P62875,P62877
P0C1Z6,Q9H0E9
O00746,P14618
Q15393,Q92917
Q9UL51,Q9Y3Q4
O14641,Q969G9
Q6ZV29,Q8NCC3
P53778,Q16644
P06576,P24539
O14734,P50542
O75832,Q9UNM6
P49757,Q04721
B9A064,P01730
P30050,Q9BYC8
P82663,Q9Y399
P49756,Q09161
P28074,Q9UL46
P20941,P63211
Q7L2Z9,Q9NSP4
P21583,P23946
Q13601,Q9BYG3
P25398,P62081
O60583,Q8N7H5
O60476,Q16706
P61086,P63165
P04004,P08514
Q9NS69,Q9Y5J7
P14060,P14061
Q16540,Q9Y676
Q6P1A2,Q6ZV29
P22090,P49207
O95931,Q5TEC6
Q96SW2,Q9UJQ4
P82675,P84098
P09661,Q7RTV0
P09661,Q16560
P82933,Q92665
O75208,Q8NI60
Q4U2R6,Q9BYC8
P62841,Q9Y2R9
P51911,Q9NZT1
P17612,Q99835
Q13098,Q15843
P48556,Q53HC0
O43909,Q92935
O95399,Q765I0
P02649,P18827
P60880,P63027
O43678,Q9P032
P62714,Q9ULQ0
P49356,Q86YH6
Q10471,Q9NSC7
P01116,P27482
O00399,P61163
P49736,Q8WVB6
P54840,Q13131
O14641,P49841
O14745,Q9BXI6
P11217,Q16851
P61266,P63027
Q08050,Q9BPX3
Q71UM5,Q9NYH9
P04637,P27694
Q8NCW6,Q9NSC7
P84098,Q9Y3T9
P17612,P52566
O94906,P09234
P32248,P41597
Q9NUG6,Q9Y230
Q6P2C8,Q9Y3C7
P55895,P84243
O14965,Q9ULW0
Q96SW2,Q9NZJ0
Q8IZF0,Q9P2D8
P42766,Q9NVP1
P08912,P29992
P01579,Q9UL46
O43818,Q12788
P59046,Q9ULZ3
P06756,P22105
Q96JB2,Q9H9E3
P62191,Q99436
O00463,Q13114
Q12882,Q9Y3E0
O15444,Q9NPB9
Q96GD0,Q9NVS9
P51841,Q9UMX6
Q13263,Q96T88
P01579,Q9GZX6
P43490,P49902
Q9NYH9,Q9Y2X3
P49411,P82673
Q7LG56,Q8WVQ1
Q9Y216,Q9Y2I7
Q9BUN8,Q9UNZ2
P41220,Q96SB3
P25963,Q9UDY8
P19429,Q969Q6
O75554,P08579
P35658,Q9BW27
P04439,P04921
P48723,Q9UBS3
Q7Z3Z4,Q9BXT4
P19474,Q13107
P28907,Q9ULQ1
P84243,Q8WYB5
Q9ULX3,Q9UNQ2
Q9H2X0,Q9Y6L7
P01579,P08887
P08754,P57771
Q86V81,Q96FV9
P05112,P42224
O75529,Q15545
P01116,Q9UM73
Q03111,Q8IXH7
P11216,P36871
Q9NZM5,Q9ULX3
Q6ZWT7,Q9UBM1
Q6UWP2,Q99714
P42677,Q9UBQ5
P62306,Q9Y3B4
P24941,Q08999
P62701,P82664
Q9HCS7,Q9Y3B4
P48201,P55344
Q9BYD6,Q9H9J2
P46782,Q9H0A0
P61254,Q9BYC8
P06576,Q16864
P20042,P41091
P08069,Q00987
O75964,P06576
P09622,P30038
O14669,P46937
O00268,Q9NXF1
P22087,P78316
P26718,Q9BZM5
O43174,O75452
P61313,Q9HA92
Q99459,Q9Y3B4
P27797,P27824
P84077,Q9HB20
Q71RS6,Q9UNE0
P10916,P60709
P61619,P82912
P62805,Q99879
O43181,O43678
P19438,P48023
C9K0I3,P28482
P84098,Q9H9Y2
Q13895,Q9H089
Q8IUC6,Q92985
P01584,P05164
P52732,Q9ULW0
P19838,P45983
P62913,Q9Y2R9
P62805,Q68CP9
Q9BQC3,Q9BTV6
Q9GZT5,Q9Y5W5
P62266,Q13895
P04275,P08514
P49591,P54136
P42766,Q8NA23
A7E2V4,Q9Y2M5
Q13501,Q92844
P49411,Q9HA92
P39019,Q9HA92
O75807,Q5SWA1
Q03701,Q9BQ67
P63096,Q9Y272
O14957,O43678
Q05519,Q07955
O75385,P58004
O43678,O96000
O15213,Q9Y6V7
P15153,P41743
P49411,Q9Y676
Q96RP9,Q9P015
O75822,P62841
P22413,Q5EBM0
Q9BWG6,Q9H6L4
O43752,O75558
P49207,Q02543
P50219,Q8WVP7
P04629,P10767
P10599,Q99757
P62877,Q7L5Y6
O60306,Q12874
P24539,Q00325
P52298,Q13242
O75529,Q16514
P09234,P62310
Q658P3,Q99640
P37059,P49888
P41002,Q99741
P62891,Q9HA92
P27824,Q13438
P27361,P49815
P30049,P51970
P11142,Q9UNE7
P11279,P17931
O15327,Q8NEB9
P04150,Q15596
P12830,P16422
O14836,Q02223
P0DP08,P19174
O00217,Q9Y375
P49642,Q9UI95
O95619,Q14980
O94788,P33260
P37059,P51857
O43318,P28482
P23526,P32929
P03971,Q15428
P62805,Q6IPU0
P62280,Q9UBQ5
Q13895,Q14684
Q02928,Q9NR63
P82673,Q8IVS2
Q07869,Q96EB6
P33992,P35249
E9PQX1,Q9H7T0
O95167,Q86YC2
P53778,Q05397
P00390,P48506
Q5PSV4,Q9H7L9
P42285,Q14137
P52434,Q9NVC6
O75143,Q8NEB9
H3BNC9,P22090
Q15370,Q96JP0
Q14204,Q9BVA1
O15047,P24928
Q14807,Q9BW19
O43791,O75496
Q9BX66,Q9H8W5
O60828,Q9Y2W2
Q5EBM0,Q7LG56
P15407,P53539
Q13895,Q9NRX1
P62917,Q71UM5
P62857,Q9Y5J1
P53778,Q13237
O00303,Q9UBQ5
P61020,Q8WYP3
P02751,P09382
P02788,P80188
P11511,P20815
P09629,P17509
P62308,Q9BRD0
P04637,P12830
P84098,Q8TDN6
P62140,Q9UQK1
Q96RT7,Q9HC77
Q969X6,Q9H8H0
P21462,Q9NP99
P33992,Q14691
O60674,P05113
Q01860,Q99814
O96017,Q00987
P00374,Q02127
P13807,P54840
P17252,Q9H6Z9
Q01094,Q9BXT4
P57772,P62841
P07585,P61812
P46778,P62917
P01137,P49715
Q03111,Q9Y2F5
Q8WUB8,Q92922
Q12874,Q15459
P43897,Q9BYC8
Q5T6F0,Q92466
Q14674,Q9NQS7
P51532,Q92922
Q86YC2,Q9UBU8
Q8N1F7,Q9NRG9
Q8IWJ2,Q8N2M8
P46527,Q8TEB1
O75865,P62820
Q05586,Q93086
P07101,P35270
O43159,Q8IXJ6
Q9H0E9,Q9H981
P28068,P30511
Q15370,Q8N5P1
O14777,O95347
P61081,Q92564
Q9H6R4,Q9UNQ2
P25963,P32121
Q01064,Q96GE6
P23443,P35568
O75899,P28472
O43707,Q8IY33
P10916,Q13464
Q5T6C5,Q92830
P48039,P49286
P28482,Q9Y243
O95257,P14635
O95140,Q8TB36
O00625,P20749
P0CG47,Q96DC9
Q8IWA0,Q9NYH9
P62424,P84098
O75251,P13073
P20336,Q05940
P00973,Q9UMW8
P09132,P84098
A0A1B0GUV7,Q9BYC8
P84243,Q8IXJ6
P62318,Q7RTV0
Q08334,Q9NPH9
P00748,P13726
P09661,Q9Y3B4
Q14690,Q9Y2R9
P20226,Q15528
Q01094,Q99741
Q8NCQ5,Q9H9S0
Q06136,Q9BX95
P04792,Q16644
P05198,P62269
P04798,Q9NR63
O43818,P46782
Q9NY61,Q9NY93
P27694,P35244
Q04721,Q06330
O14980,Q9UIA9
P35225,P60568
O00204,P05093
Q9BX95,Q9NR71
P28799,Q9NUM4
P25398,P62906
P51589,P78329
P09012,P62314
O95450,P02452
O43930,P22090
P06756,Q92752
P14210,P35916
Q9P0M9,Q9Y291
P55268,Q16363
O75530,P84243
Q13257,Q14674
P63208,Q8N1E6
P12830,P19022
Q15650,Q9H1I8
P61353,P62917
Q13263,Q86Y25
O75379,O95249
P55081,Q9Y3B4
Q13601,Q9BQG0
P39748,P52701
P04818,P21589
Q99798,Q9H2W6
O75821,P62241
P21589,Q9BY32
Q13367,Q9Y587
O75439,Q8NGF6
Q6ZSY5,Q86XI6
Q9BYC8,Q9NV31
P15172,P50461
O00463,P28908
P35268,Q9BVK8
Q9NZH8,Q9UBH0
Q96DZ1,Q9UKM7
P14866,Q15717
P35222,P63208
O15265,Q92830
P05198,P18124
O95881,P00390
P00492,P31939
P23508,Q9Y5J1
Q06278,Q9BYV1
Q9BZ23,Q9H999
P46776,Q9Y221
O15160,P82664
P82933,Q9P0M9
Q5JTZ9,Q7L3T8
P01042,P04196
P06401,Q02790
P15153,Q9UPY6
P78364,Q9BSM1
Q969X6,Q96G21
A0JLT2,Q9Y3C7
P42766,Q9NX20
P18084,P18206
O75293,O95067
P20963,Q12918
O75916,P62873
O75191,Q00796
Q8TD57,Q9UFH2
O14662,O75379
O43264,Q6NUQ1
O15504,Q9BW27
P52815,Q9UI43
P23786,P28330
P17844,Q13838
P15313,P20648
P01138,Q99523
Q02543,Q14999
P84098,Q9NV31
O95299,P15954
O60603,P13611
P78549,Q8TAT5
P48645,Q92847
Q03701,Q9H089
P48643,Q16543
P23443,Q9BY77
P13639,Q9BQC3
O14641,Q86T65
O43818,Q13601
P55769,Q9NYH9
P55769,Q9BTD8
P84243,Q16778
A8MTJ3,Q9NYW5
P35414,Q9HAV0
O60882,Q9NP70
Q13601,Q9NQZ2
P48556,Q5VYK3
Q92793,Q96BA8
Q02363,Q13516
O95931,Q92560
O15169,Q9Y2G4
P22087,Q9NVP1
P01024,P05107
Q15466,Q9UNU6
O60921,Q06609
O14949,O95168
O00472,P51825
P63272,Q6UXA7
P24158,P49913
Q92611,Q9GZP9
P56962,Q9BV40
Q14469,Q9BXW9
Q6P2Q9,Q9NW64
O00231,P55036
Q96EH3,Q9UI43
Q5T764,Q9BQI3
P00505,P30520
O43264,O75396
P22087,Q9H583
P82932,Q9H9J2
Q14562,Q8N1I0
P62857,Q13895
P78316,Q9UNQ2
Q9UNQ2,Q9Y2X3
P18206,Q14289
P12270,Q92734
P46439,Q16678
P13498,P19878
Q08752,Q16543
P17568,Q86YC2
P61758,Q99832
P25089,Q9NRV9
P42345,Q00688
O00746,O14638
P02461,Q15113
O60542,P56159
P16435,Q13427
P16144,Q16787
P06756,Q05397
P62191,Q8WVY7
P20226,Q5SXM2
P05091,Q05329
O15031,P10301
Q9Y216,Q9Y2H2
P51957,Q68CZ1
Q9C086,Q9H9F9
O00220,P01375
O43929,O75496
O95299,P10606
Q5JRM2,Q9Y2R9
P41227,Q9GZZ1
Q5QJE6,Q9NYH9
P49427,Q712K3
Q05048,Q16630
P01116,P08754
O15034,Q9UQ26
P02775,P32248
O60906,Q9BX95
H7C0C1,P10606
P25963,Q9Y2X8
P30968,Q969F8
P62491,Q9ULV0
P60900,Q92530
O75530,Q8IXK0
Q15646,Q8WXG1
Q99705,Q9BXC9
O75072,Q9UKY4
O60934,Q92547
P53597,Q9NR19
P09884,Q99741
P52788,P78540
O00628,O43933
P52630,Q9UMW8
Q14562,Q9NW64
P60484,Q96PE3
O15264,Q9Y6Q9
O14641,Q92837
A6NMX2,Q9HBH9
P01903,P18627
P07093,Q13596
Q02543,Q5JRM2
O15504,Q5SRE5
O00442,Q9H6R4
P16219,P45954
P00480,P35228
P54296,Q9UHD2
P60228,Q9UBQ5
P11362,P12830
P56703,Q14332
O76062,P56937
P25787,Q6ICB0
Q09472,Q15853
P06576,P49821
P12081,P49588
P84243,Q71UI9
P09467,P49753
O15525,Q9Y4A8
P12314,P17947
P42766,P82932
Q8IYB3,Q9H6L4
P61604,Q9HAV7
P27695,Q09472
Q96SZ6,Q9NQT5
P13861,Q05469
Q15050,Q9NQ55
P02741,P10145
Q96CW1,Q9UPM8
Q9BZE1,Q9Y2R9
O00566,P62263
Q4U2R6,Q9BQ48
P09884,Q9NRG0
O00459,P10301
P62266,Q9BYC8
P01266,Q06710
P61081,Q86VP6
P62318,Q09161
O14548,P12074
B3SHH9,P55344
P02794,Q9NP59
O60749,Q13596
P31997,P40199
P63244,P84098
P07585,P08581
O15105,Q9H0M0
P25490,Q9BTT0
O95182,O95299
P82933,Q9NZL4
P61970,Q7Z3B4
Q53H76,Q6P1A2
O00231,P28066
P60520,Q13608
O43482,Q03188
P49918,P63208
Q9NVM9,Q9UL03
P49368,Q99832
O94808,P06744
Q5T1H1,Q9BZV3
O43292,Q9H490
P62318,Q9Y388
P04792,P11142
P52732,Q12834
P0CG48,Q9UBT2
P52564,P61224
P25092,Q9BY32
P19387,P42766
P14625,Q16543
P04553,P09430
P60228,P62273
O43303,Q66GS9
P21589,Q9BQG2
Q9Y230,Q9Y4R8
Q13601,Q9NW13
O15444,P32248
P63252,Q14524
Q13895,Q15061
P84098,Q92616
P09683,P18509
O00294,O43186
Q5EBM0,Q8WXG1
O60869,P63220
O95376,Q15843
P22087,P62277
O43818,P22087
P04792,Q9UER7
O14640,P19784
P98198,Q9NV96
P41968,Q04656
O15239,O43674
P25787,P25788
O00330,P21953
O14593,P22670
P29474,Q96NX5
P53778,Q86X55
P31213,P37059
P46060,Q8WUM0
Q96EL3,Q9NYK5
Q64LD2,Q9BRD0
P17931,P35222
P61966,Q9Y587
O14495,Q9HA82
Q13619,Q66K64
Q13889,Q9Y3C7
P05451,Q06141
P07900,Q99816
P25963,Q9Y4K3
Q8IXH7,Q8N7H5
P05177,P46439
P17861,P27824
O75072,Q14118
P20132,P34896
Q9GZL7,Q9UNX3
Q14721,Q16623
P01583,P13500
P04406,Q13546
P18621,P42766
O00585,P01730
P05113,Q9GZX6
P41567,P60228
O60306,Q6UX04
Q8N427,Q9GZS0
O60603,P14625
O14777,P11388
P08621,P09661
O14503,Q99743
P16949,P28482
P04844,P61165
O43674,Q9P032
Q13619,Q8TEL6
Q9BYC8,Q9H9J2
P22090,P46776
O43678,P17568
P19387,Q6NTE8
O43237,Q14203
P02649,Q07954
Q16878,Q99259
P18075,Q9H2X0
P21815,Q13950
O75496,Q9H211
Q13795,Q8N2H4
O43516,O43639
P27824,Q9Y679
P15153,P42336
Q9BT22,Q9Y672
P62805,Q6PD62
Q15459,Q9Y4Z0
P61224,Q9P2F8
P54578,P60900
P02766,P06727
Q9H6D7,Q9NVX0
P11172,Q9UHQ9
O75419,P33992
P63098,Q12968
Q9Y2X3,Q9Y5J1
P16219,Q9BYV1
O00585,Q6UXB2
O94805,Q9H2F5
Q8TAE8,Q9P0M9
Q02413,Q99959
P46782,P60228
Q6IAA8,Q8WTW4
O15527,P52701
Q9NVN8,Q9NZM5
P12956,P43246
P68371,Q9Y6A4
O15514,P62877
O95235,Q02241
P78329,Q9BQB6
P36954,Q6P1X5
P07197,P53778
P78423,Q92583
Q96AD5,Q96CS3
P08648,Q16363
O00585,O14625
O43186,P54845
P06756,P08069
P48729,P62979
O95931,Q14157
P04839,Q9HBY0
P05106,P21815
Q9HB96,Q9UNX3
O00443,Q96PE3
P04844,P14625
O00198,P10415
P17980,P25787
O95390,P27037
Q15070,Q9Y2R9
Q06787,Q9UKV8
P48729,Q96SW2
P00390,Q16772
P62266,Q9H8H0
P28221,P31645
Q8IVU3,Q9UMW8
P04233,P08708
O00399,Q6ZP65
Q13601,Q9BVS4
P62266,Q9Y2R9
O15155,O95487
Q9H0S4,Q9H501
P20839,P31939
Q9NRM6,Q9P0M4
Q6PCB7,Q96PD7
P01116,Q9NZT1
P14635,P16104
Q6ULP2,Q9NUS5
Q6QHC5,Q8TCT0
P42766,Q9BYD1
P11712,P28161
O43159,Q8TBE0
P01116,P32927
Q5H9F3,Q9BSM1
P52815,P61619
Q9GZL7,Q9H7B2
P04275,P05106
P10301,P48736
O00203,Q9Y2T2
P25398,Q9Y2P8
Q5JST6,Q9Y6A4
Q32P41,Q6IPR3
P12644,Q9H2X0
Q8TBE9,Q9NR45
P28482,P51452
P68400,Q99496
P46937,P62714
O75795,P51857
P20718,Q16617
P02452,P05997
P05161,Q96DX8
Q495A1,Q92692
O00566,P62244
P42766,P62888
P52732,Q08050
P10606,P12074
P45973,Q96KQ7
P52434,Q9NW08
P62308,Q9UKF6
Q6ULP2,Q9H0R1
Q13535,Q92547
P62280,P84098
P36543,Q8N511
O14556,P11413
P52732,Q86Y91
P01579,Q99665
P08514,P40238
O43172,Q9BTD8
Q13487,Q16533
Q9P2B4,Q9ULQ0
P55735,Q8WTW4
Q9BYG3,Q9H501
P09683,P41587
P82675,Q96EY7
P52815,Q9P015
O15264,P30307
Q9BV38,Q9UHA3
P00533,P17931
O15371,P23396
O14965,P49450
P11217,Q2M2H8
Q7RTV0,Q96DI7
P19440,P30041
P09486,P10451
P62955,Q9BXT2
Q15428,Q96I25
O00442,Q969X6
P53778,Q9Y6W6
P39019,P82664
P35241,Q9NZA1
P0CG47,Q99728
O43323,Q99835
P09661,P26368
Q13686,Q96BT7
P18627,Q495A1
O96017,P52701
P01024,P02741
O60244,P19387
O95786,P19838
P16989,Q07157
P02788,P98164
P09012,P62308
P00505,Q7L266
O60568,P02462
Q5S007,Q9UNE7
Q96G91,Q9NQ55
Q15003,Q8IZT6
Q02543,Q02878
P20226,Q6ZYL4
O60934,P52701
P02452,P18084
P59780,Q6ULP2
O95169,P31930
Q00975,Q16623
Q13895,Q8IY37
P42766,Q15041
O95243,Q9UBC3
P56704,Q9NPG1
P07585,Q9BQ08
P01031,P30405
P52952,Q9BWX5
Q96F46,Q9UHF5
Q15080,Q9HBY0
P08579,P62310
P62877,Q9NZJ0
Q13263,Q9UPN9
P08514,Q14344
P05091,Q9BYV1
P00395,P17568
P09105,Q9NQ29
P32248,Q07325
O15085,P48664
P11047,Q16363
O00204,P08686
P00734,P01031
P05423,P19387
P63208,Q6P3S6
Q9BZW4,Q9NST1
O15055,P62877
H7C0C1,P56381
P49918,P51787
O15498,Q9NYM9
P49756,Q15393
P35611,Q9NZR1
P43080,Q9UMX6
P61803,Q9H0U3
P82664,Q99798
Q8N5Y2,Q9H0E9
P62917,Q9HB96
P18074,Q9NVC6
Q8IYT8,Q8TDY2
Q96G21,Q9GZL7
P52732,Q7L590
O15457,Q14565
P61619,P62750
P09917,P18054
P36954,Q96G25
P54253,P54259
P26368,Q7RTV0
Q8TCD5,Q96DE0
O75376,P04150
P20815,P49888
Q9C0C2,Q9Y5B9
P60866,Q9BQ48
O00459,Q9Y243
Q13522,Q96LZ3
O75821,P41091
P10997,P37840
O95168,P07919
O60258,P14210
Q6PHW0,Q9NRD8
O60563,Q6PD62
O94953,Q15652
P00390,P09488
O75791,P19174
O95343,P26367
Q14498,Q9NQ29
P49588,Q6PI48
O00399,O43237
Q9BQ48,Q9NYK5
P03372,Q14151
P20226,P84243
O94808,Q96EK6
P49721,Q99436
P82914,Q9P0M9
Q96AH8,Q9HA65
P40939,Q99714
P27695,Q9UBZ4
Q8NFY9,Q9Y2M5
O75351,Q9UN37
O43674,Q9BU61
P16220,P25490
P10767,Q86Z14
O95926,Q8WUD4
Q14674,Q6KC79
O43818,P62857
P05198,P63244
P15153,Q9Y5S8
Q92620,Q96BP3
P36954,P63272
Q7Z4T8,Q9NSC7
P18065,Q8N8Q9
Q02779,Q13387
P21589,P23919
P22307,Q14032
Q02543,Q9Y2R9
Q8IY31,Q9UG01
Q13438,Q9GZP9
P46778,Q9NZM5
P00734,P00748
P25685,P34932
Q9H2W6,Q9Y676
P25789,Q14997
P01579,P05231
O15145,P47756
P07686,Q9BZP6
Q8WXG1,Q9Y6K5
O95633,P08476
P25791,Q8IX07
P00533,P01579
P11498,Q16822
Q06278,Q6UWM9
P04085,P16234
A8MYU2,Q86W47
P62306,Q07955
O95619,Q8N5Y2
P63211,Q13371
P10301,P42338
P27824,Q92611
O14519,Q9UBB5
P62269,Q9Y5J1
P54803,Q9NY59
P09012,Q15428
P22301,P60568
Q08170,Q13247
O00401,P49418
P41226,Q9UMW8
P20226,Q6P2C8
O43447,O95777
P08684,Q9NR63
P78549,Q96FI4
P19387,P19447
P01579,P40933
P08238,Q9UKV8
O43707,P05556
Q9NX24,Q9NY12
P48050,P51787
O75582,Q68CJ9
P26196,Q9UK45
P35913,Q02846
P29992,P41595
P13994,Q9UMS4
O15264,Q9UDY8
P01563,P60568
Q8NDD1,Q9H0A0
O60894,O75575
Q96JC1,Q9P253
P52435,Q9Y3C7
O00204,P14060
P51911,Q05682
P62829,Q99798
Q01094,Q92547
P01579,P14784
P51617,Q15750
P17081,P46108
P55039,Q9H446
O75530,O95931
Q15006,Q9NPA0
O00330,P12694
Q9H204,Q9P086
O15528,P01270
P35916,P49765
B9A064,P00740
P09001,P42766
O14775,Q9NQ66
P51003,Q9NVV4
Q96A35,Q9UHA3
Q15648,Q5T200
P20226,Q06330
O00294,Q02846
P09619,P62993
O14792,Q7LGA3
P38919,Q14562
P36959,Q5MY95
O15553,P59044
P52701,Q13426
P14923,Q99959
P55010,P62241
P0CG48,P45974
Q8NBZ0,Q9C086
Q9BQC3,Q9BZG8
P42766,Q9NZL4
P17676,P53778
P04233,P39019
P25789,P49720
P36578,Q9Y2R9
O14949,O75439
P55196,Q12864
P61604,P78371
O95777,Q15029
Q2M3D2,Q96A65
P05204,P62917
Q96EQ8,Q9BYX4
P35579,P62736
P25398,Q8NI36
P09341,P13500
P09874,Q9UGN5
P39019,Q9HB96
P25963,P35354
O60508,Q8NAV1
P00156,P13498
P02778,P10720
Q8IYD8,Q9BQ83
P84098,Q7Z2Z2
Q12933,Q13490
Q16665,Q9H6Z9
P62266,Q9BQ48
O95352,P60520
P16333,Q8WV28
Q9NVP1,Q9UHA3
P84243,Q09028
O60231,Q9BRD0
P33552,P62877
Q96BW1,Q9Y2T3
Q5QJU3,Q9BX95
P49257,Q96JE7
P09496,Q13492
O60906,Q6ZMG9
O43237,Q8NCM8
A6NHQ2,Q9NQZ2
O95336,Q5T6J7
Q13573,Q15796
P62917,Q9BYD1
Q06432,Q7Z3S7
P32969,P62917
Q13263,Q9UEG4
P36954,Q8N7H5
P52272,Q13148
P42356,Q8NEB9
O43304,Q9BT22
O15264,Q92731
E9PNW1,Q9Y6M7
P51784,Q93009
Q14157,Q9UQR0
P50613,P78396
O60573,P52298
P28482,P54710
Q05469,Q13237
P19387,Q92541
O43674,P19404
Q15173,Q5FBB7
P36959,Q9Y233
Q9BYG3,Q9NW13
P52732,Q9NVI1
P27694,Q9H668
O00203,Q13367
Q15349,Q99640
P19174,P30530
P25788,Q16186
O00308,Q9BT67
O75293,O95257
P05198,Q02543
O00746,Q16774
P61081,Q9BTE7
P20749,Q00653
P25054,P48729
P30040,Q86YB8
P36406,Q99418
O14795,P20336
Q5TEC6,Q92830
O75581,Q92997
Q99459,Q9Y2W2
Q9P0M9,Q9Y2R5
P08237,P49753
P00813,Q8TCD5
Q15797,Q9HAU4
O60763,O95249
P15088,P48052
P15248,P60568
O14905,Q9ULW2
O60229,P63000
O15105,P35222
O43818,P25398
O60563,P51948
P01225,P30968
O00626,Q99731
P36954,Q9Y5B9
Q13601,Q9H8H0
P17302,Q99959
P06340,P20036
P61619,Q14999
P09661,Q07955
Q8N300,Q9BVA1
O00566,Q5QJE6
P12882,Q14324
O14662,P60880
P27037,P84022
Q68DK2,Q96JI7
P31930,P40926
O15294,P68400
P28482,P42229
P83111,Q5SGD2
Q01844,Q13148
Q00613,Q05639
O96019,P84243
P14866,Q14103
Q9P015,Q9P0J6
P01116,P14210
P17480,P22087
P51116,Q9H7E2
O15514,Q92759
Q03701,Q8WTT2
P08047,P62380
Q8NEB9,Q8TCG2
P22087,Q9BVI4
P62491,Q96KP1
O75822,P62280
P51948,Q9P086
P62917,Q15041
O75821,P62854
P55196,Q5EBL8
P12882,P35579
Q8N8Y2,Q9Y5K8
Q12769,Q8TEM1
O43159,P78316
P62244,Q9NQZ2
P49336,Q9BTT4
O60573,O75420
O00442,Q9BVI4
Q15738,Q15800
O15105,O43541
P12074,P22695
O75390,Q9NR19
P05412,P24385
P13500,P61073
O75822,P62979
P84098,Q9Y450
P22413,Q8TCD5
O43677,P31930
P27824,Q86TM6
P55210,Q9UGN5
P62805,Q96ST3
P12882,Q7Z406
Q9Y2W2,Q9Y333
P38919,Q13242
O14745,P05771
P04150,P06850
Q92521,Q9H3S5
O95168,Q9P032
Q96GA3,Q9NQZ2
P35557,Q09428
O75022,P29350
Q15843,Q8TBC4
P49841,P56703
P46527,Q00526
P07900,Q99614
O75379,P54920
O00459,Q8N4L2
P35270,Q96PE7
P46527,Q92466
Q13216,Q66K64
P20853,Q13427
P08311,P17213
P04004,P04275
P51948,P52434
O43914,P10321
Q07817,Q13323
Q92830,Q96EB6
O94973,Q9H0R1
P19387,P52657
O00204,P20815
Q15007,Q86UC2
O43818,Q9BQ67
P56937,Q53GQ0
Q9H8H0,Q9NV06
P09651,Q13242
P52701,Q8IYD8
P61254,Q00987
B4E1Z4,P01024
O95299,P06576
O43674,P03886
Q86YC2,Q99728
P61081,Q13617
P35250,P40937
O43242,P25788
P36537,Q9UGB7
Q13263,Q9GZX5
Q13613,Q92562
O75506,Q9Y3C0
O14657,Q8NFQ8
P78381,Q13427
P04628,Q8N474
O00161,P32856
P54578,P62191
Q8TD16,Q8TD19
P14859,Q9UKI9
P25067,P27658
O15400,Q9P253
P02749,P10909
O14556,P09972
Q92692,Q9NQS3
P19387,Q9UKD2
P46782,P57772
Q96B26,Q9Y221
Q96E11,Q9P0M9
O15169,Q13233
Q15768,Q9NX52
P10720,P51671
P23443,P62753
Q13601,Q96G21
Q9NVC6,Q9ULK4
O60741,Q9UL51
P57772,P62979
B8ZZ87,Q96RT7
P19438,Q9NQC7
O43674,P17568
O60282,Q9NSK0
P10809,P61604
P00505,P40926
P42766,P82675
Q96CS2,Q9NVX0
P06756,P35442
Q15843,Q92905
P82663,Q14197
A4D1E9,Q9NX20
P82912,Q9P015
Q15542,Q6SJ96
H7BZ11,P25398
Q15796,Q9Y4K3
P02768,P27169
P82930,Q4U2R6
O95342,Q14973
Q5TH69,Q99623
P19525,Q9UMW8
P05198,Q6NTE8
O95714,Q05086
P22607,Q9NP95
Q02221,Q9BQ61
P04150,P07900
O75971,Q13487
P82663,Q8WVM0
Q13323,Q13794
P09661,Q9Y2W2
O43674,O75964
P13500,P32246
P42766,P52815
P42766,P62249
Q9NX14,Q9Y375
Q7RTN6,Q9C0K7
O00254,Q96RI0
P04839,P43490
P36954,Q9BUE0
Q5EBM0,Q9BXI3
P25398,Q9UBQ5
Q15363,Q9Y3B3
P08138,P20916
O15498,Q13277
P05164,Q6NXT2
Q02127,Q15726
P14868,P54136
P09012,Q9NQ29
P06756,P10451
Q8N4P3,Q9P0M9
Q8NEZ3,Q8WYA0
P14635,Q00534
P08100,Q14028
Q8NAV1,Q9UQ35
P15313,Q6P5S7
P36954,Q96HR3
Q92759,Q9HBM6
P55081,Q9Y2W2
P05386,P82664
P11912,Q16633
P20585,P40692
O95235,Q9BPX3
P04264,Q02413
O43513,Q9NPJ6
P61026,Q8TAG9
O14598,Q9Y6F7
Q8IYT8,Q8NEB9
P30049,Q86YC2
O00206,O60603
P36382,Q9Y3Q4
P57740,Q53GS7
P30281,Q16659
O14775,P50150
P35998,P48556
O95999,P28482
O95168,O96000
P17861,Q9UBS3
P08684,P14061
P36406,P62979
O15371,P62241
Q13042,Q9Y547
Q96EL3,Q9H0U6
O00585,Q9NRJ3
O75306,Q86YC2
P02679,P04196
P49368,Q9NPJ1
Q9NX76,Q9NZQ7
P82933,Q13084
P06730,P23443
P78396,Q00526
O00463,Q13158
Q15382,Q92574
P15954,P30049
O00330,Q9P0J1
Q93074,Q9H204
P27449,P36543
P62877,Q9NYG5
P15391,Q07108
Q5EBM0,Q96BW1
P00505,P50213
P25398,P62273
O60563,Q96JC9
P22090,Q8NA23
P09471,Q9NPQ8
Q9BTX1,Q9NRG9
O43524,P46527
O75821,Q9Y262
O00487,P25789
P60520,Q6ZNE5
P84243,Q13111
Q53H76,Q9UKI9
P09234,Q15029
O75821,P62269
I3L0E3,Q9P0M9
O43264,Q8WU76
P84098,Q8N1I0
Q9NX01,Q9UK45
O43914,P26717
P00751,P01024
P62993,Q05209
O75146,P09496
O75694,Q9H1M0
O95251,Q9H211
Q8IY81,Q9NZM5
P01579,P16871
Q96C03,Q9Y3D6
Q05209,Q9H939
O60563,P50613
P02788,P05164
O75475,P62805
P04233,P28067
P01137,P31431
O14939,P10301
P25789,P62195
P01579,P19438
P33991,P78527
P21854,P29350
P10276,P48443
O95926,P62306
P16070,Q99075
Q8NEZ4,Q93077
P62917,Q9H009
Q15648,Q9H668
P42285,Q86U42
O75569,P19525
P02647,P0DJI9
P00505,P00966
P62318,Q07955
Q14692,Q9H0A0
Q16878,Q6YP21
P04792,P37840
O14802,Q9HAW0
P13725,P20809
O14965,O60566
Q16518,Q96KN7
P49792,Q9NRG9
P51857,Q6UWM9
P16520,Q9P2W3
Q12962,Q9UPT9
O14777,P51955
P05164,P08246
P62277,Q9UBQ5
P13612,P61224
P62805,Q8NEZ4
P02788,P49913
O95219,Q9BV40
P22090,P62277
O00626,P78423
O00459,Q9Y6W8
O60543,Q05469
Q8TBE0,Q96EB6
P61006,P62491
P04637,P24864
Q96EL3,Q9NZE8
O43809,Q92797
P46779,P84098
P43490,Q9BQ08
Q96DP5,Q9H903
P04275,P06756
P38919,Q07955
P16520,P49286
P11413,P35575
P51681,Q9HAV0
P07492,P28336
P49736,Q9Y5N6
P48556,Q13200
P17612,Q05469
Q9NUG6,Q9NWS0
P41247,Q16518
P10301,P42771
P05112,Q9HBE5
P51665,P60900
O60566,Q14674
Q9H0A0,Q9H501
P09110,P55809
Q6P1L8,Q9Y676
O75643,P09661
P05091,Q9NUB1
P05113,P05231
P40337,Q92905
P09651,Q07955
P41240,Q9Y2R2
O75529,Q9Y4A5
Q9BZM5,Q9UBK5
Q13148,Q9UPY3
Q96GW9,Q9UGM6
O75351,Q9H444
O43818,P61247
P28715,P43246
Q3B726,Q9BXY0
P08579,Q13573
P20339,Q96PE3
P25490,Q96EB6
O15264,P07197
Q9BRG1,Q9H7P6
Q7LG56,Q9Y5L3
O43402,Q9P0I2
P12271,Q16518
Q9H9S3,Q9Y2R9
O75529,Q7Z7C8
P35579,Q9UKX3
P05181,Q13427
O75643,P09234
Q13136,Q9Y2X7
P05112,P33681
P62875,Q9NW08
P84243,Q9H9B1
O00512,Q9Y3Y4
P60880,Q9H2B2
P52272,Q07955
P49682,P78423
P49756,Q8WXA9
Q14999,Q8IXK0
Q15560,Q8N7H5
P63272,Q71DI3
P61619,Q02878
O00566,P78345
O60258,Q86Z14
O60603,Q9BXN2
Q9HB96,Q9Y3U8
O00231,P28062
Q9NYH9,Q9Y5J1
P35268,P82664
O00330,P08559
O75251,Q9NPL8
Q5JTZ9,Q9BW92
Q5TAQ9,Q92466
Q8WV07,Q9NRH1
O95166,P56962
P62910,Q9GZL7
P35398,Q16526
Q7LBR1,Q9NZZ3
P30876,P51948
P54840,Q9UQK1
P49411,Q9NZL4
Q00987,Q09472
O75161,Q9Y283
P62308,Q7RTV0
O43172,P09012
P05112,P09601
P17947,P36888
O75556,O95968
Q68DC2,Q9Y283
P09210,P11712
P02656,P02760
Q8NAV1,Q96A72
Q13888,Q92759
P36954,Q13216
P30049,P49411
P35475,P38567
P05388,P22090
P05386,Q9HB96
Q03111,Q96EB1
P62070,Q9Y4G8
O15230,Q14118
Q8WYA0,Q9Y547
O75683,Q9H501
P07196,P41219
O15488,P54840
O43815,P62714
O95396,O96007
Q5JTZ9,Q6PI48
P27694,Q92889
P62877,Q9UBW8
P01730,P49682
Q8N841,Q9BYV8
Q8IU89,Q8TCT0
O43482,P52732
O14641,P68400
Q719H9,Q92754
Q14973,Q15466
A6H8Y1,Q9NW08
P62913,Q8N0Z6
P36954,Q6P1J9
P43686,P60900
A8MYK1,P82673
Q13616,Q9NXK8
Q13522,Q15173
O95619,Q9H7Z6
P62241,Q9NYH9
P33991,Q14566
P20648,Q9HBG4
O43290,Q9BTD8
Q6STE5,Q8WUZ0
Q7Z412,Q9Y5Y5
P60660,P62736
O43914,P07333
O60244,Q9NPJ6
P82930,Q9BZE1
Q6IE81,Q9HAF1
P09683,P32241
P62917,P82675
Q96KP1,Q9NV70
Q92797,Q9P2I0
O95619,Q9Y4A5
Q8TEM1,Q92621
Q5JTZ9,Q9UGM6
Q14008,Q9UPY8
P38606,Q9Y5K8
P35398,Q16649
P82650,Q9P0M9
P14635,Q02224
Q9Y3A2,Q9Y6V7
P29322,P52797
Q9H3J6,Q9P015
Q14562,Q8TDD1
P09622,P21549
P30050,Q8N0Z6
P62312,Q9BRD0
P82664,Q9BYC8
P01024,P05067
P29323,P98172
P09661,Q9BWJ5
Q9H0A0,Q9NQZ2
Q15286,Q6P3S1
Q01650,Q15758
Q96CS3,Q9Y385
O00232,P60900
Q96HF1,Q9Y6F9
P51955,Q14674
P62273,P82933
O00746,O75414
O75521,Q13011
P61619,Q9Y2R9
P01571,P01579
A0A087WUM3,O95299
P00739,P69905
O94808,P15104
Q13316,Q9GZV9
P61353,P84098
P27797,Q07954
P09486,Q08629
O00264,P06401
P14635,Q53EZ4
P36873,P54840
H3BNC9,P62917
O60925,P40227
P82673,Q9Y2R5
P40429,P42766
P21815,Q8TDD2
Q96G21,Q9NX58
P16298,P62714
P22087,Q92979
P01730,P14784
P14635,Q14674
P12074,P47985
P08574,Q7KZN9
Q01130,Q13148
P14222,P49863
P01137,P58166
O00308,Q01860
Q9NW64,Q9Y2W2
P54646,Q9Y376
P01579,Q6UWB1
P19174,P47712
A0A1W2PQS6,P82664
P02753,P09455
P27824,P55072
P38936,Q99741
Q9H0B6,Q9UQF2
P43026,Q9H2X0
Q04721,Q9Y6R0
P62491,Q9ULH1
Q13601,Q9Y2P8
O43186,Q8N7U7
P62072,Q9Y3D7
O95931,Q16576
P19878,P61204
P23258,Q7Z4H7
P43490,Q6XQN6
P08637,P26718
Q8NHQ8,Q96KQ4
P48551,Q9UMW8
Q15031,Q9HA77
Q12980,Q6PJI9
O96020,Q08999
P33240,Q86U42
Q96G27,Q9H9F9
O43678,P22695
Q9NW13,Q9Y221
Q9BQ48,Q9NZE8
P15153,Q05655
P29992,Q03431
P51116,Q00577
P14784,Q01344
P01579,P22301
P54829,Q16539
P98170,Q12933
P37268,P56937
P47755,Q9NZ32
O14735,Q9Y2I7
Q9BSC4,Q9NQZ2
P62333,Q16401
O43237,P61163
O75366,P61158
P30305,P30307
P82933,Q9BYD6
P01562,P01579
P10916,P15172
Q6DKI1,Q9HA92
P31930,P51970
Q8IV16,Q96S06
P01579,P05112
P57740,P78406
P60484,P68400
P16219,Q9BWD1
O75616,Q8IVS2
O75643,Q8WVK2
O95757,Q9NZL4
P16499,P63211
O15213,Q13895
Q86YC2,Q8IYD8
Q15172,Q92736
P11802,P42772
P22670,P33076
O00468,Q14112
Q9BW66,Q9NX04
P32929,P56192
P53041,Q8WXX5
O95926,Q64LD2
Q14691,Q9Y248
P17861,P84098
O95931,Q92769
P33991,Q96DZ7
P56282,Q9UI95
P05165,Q9BYV1
O95219,P63027
O14602,P22090
P01116,Q9P212
P02655,P02749
P0CG48,Q9UNE7
O15498,Q12981
P00750,P07204
P24385,P41182
P12956,Q96EB6
P42285,Q8TED0
P82933,Q9HBH1
O95249,Q9NYM9
P49840,Q9Y243
O60573,Q86UK7
Q99714,Q9UKV8
P22735,Q86UK0
P82933,Q8TAE8
Q9H0A0,Q9NW13
P53396,Q9NR19
O14965,P14635
P62987,P84098
P60568,Q9Y6W8
P35268,Q9HB96
P35250,Q9UQ84
Q92621,Q9NRG9
P33527,Q9Y2R9
P51575,Q14957
Q7LG56,Q9UIJ7
Q8TDJ6,Q9Y4E6
P63208,Q969P5
Q99436,Q9UL46
O75533,Q07955
P60468,P61313
O75822,P42677
O60524,P62917
P19113,P42357
P62979,Q99728
P63208,Q969U6
O00268,Q13889
O95926,Q9NZ63
O95777,Q7RTV0
O95782,Q9Y587
P82664,Q9Y2R9
P00742,Q9UNN8
P30876,Q9Y3C7
O75419,Q14691
P14920,Q86XE5
P23416,P51513
O95155,Q00987
O95168,P17568
Q5VV43,Q9NPJ3
O95471,Q8WTV0
P03901,P17568
Q96EL3,Q9P0M9
P46734,Q12933
P04844,P43308
O00459,P42345
P08151,Q13635
O75330,Q02241
P07237,P61619
P00492,P16499
Q969Q1,Q9Y548
P16219,Q6P461
P61024,Q99640
P99999,Q9Y3D6
O14521,P00505
Q86UC2,Q9H1X1
Q92552,Q9Y2R9
P10606,P31930
P62318,Q6IEG0
P01903,Q05639
P05412,P19838
P25398,Q12788
P62308,Q9Y3B4
P11172,Q15726
O43752,Q9H115
P30511,P43629
P20036,P30511
O15047,Q92831
P00480,Q15124
O95219,P51809
P25786,P25788
O43741,Q9UGJ0
A6NNA2,Q9UMS4
P29353,Q13094
O00268,P51610
P25398,Q07020
O43678,P49821
P09012,P49756
O15371,P41091
P82664,Q9BYC9
P07737,P60709
H0YHX9,P25398
O75351,Q8NB16
Q13838,Q8NI27
A0A2R8Y3M9,P01024
P13725,P40763
Q13895,Q14690
P49959,Q99728
Q12888,Q96RU2
P62877,Q8WVZ9
Q13618,Q7L273
O76021,Q8NHQ9
P42285,P49756
P20226,P23511
O43914,P20963
P14061,P56937
P24928,P50613
Q15843,Q96SW2
O14641,O75581
O15381,P42285
P19387,Q9NRX2
P60468,P62847
P12036,Q16539
P36897,Q15750
P55010,P62847
P01178,P22466
O75197,Q9UBV4
O15264,P30305
P08579,Q15427
Q14919,Q6SJ96
P82909,P82921
Q15370,Q6PD62
P36578,Q9Y221
P84243,Q9Y657
Q6PCB7,Q8WTV0
P21781,P35916
P46527,P63208
P06241,Q13094
P62380,Q00403
P11802,Q01094
P42766,Q9P0J6
P19174,Q9GZY6
Q9NVC6,Q9Y2X0
O95391,P17844
P15173,P23759
P22090,P23396
P35269,Q9BTT4
Q8N7U6,Q9Y6A4
O96019,Q9C086
P36543,P61421
P51948,Q6ZYL4
P41223,Q7RTV0
O15212,Q9NWS0
P62318,Q9BWJ5
O43482,Q99661
P09661,Q15459
O43451,P06280
O95863,P12830
P20674,Q7KZN9
Q96B01,Q9BPX3
P15880,Q9NQZ2
O00541,Q9NZM5
P19387,Q9BYW2
P11021,P61619
O15541,Q92917
P45973,P62805
Q9BZJ0,Q9NW64
P05113,Q13651
A0A1W2PQS6,Q9HB96
Q00LT1,Q9UMX6
O75694,Q8NFH3
P00492,Q9Y2T3
Q9UJX3,Q9UJX4
Q86VF5,Q99685
P54198,P84243
Q13424,Q8IWT1
O75379,Q16623
Q15648,Q9NPJ6
P40337,P62877
Q14653,Q92793
P20618,P43686
P12882,P13533
O43707,P78356
Q16774,Q7LG56
P08579,Q8NAV1
O95298,O95299
O43555,P28482
P04004,P17936
P16219,Q92947
O15496,Q9BZM1
Q15428,Q9BRD0
Q14674,Q8N3U4
O00463,P98170
O95167,O95168
P04233,P15880
P84243,Q08945
O75581,Q9UBV4
O14791,P02647
Q96PE3,Q9Y217
O00463,Q13546
P62491,Q9UBF8
P13498,P28482
P62277,P84098
O00401,Q9Y5X1
P62701,Q9Y5J1
P62316,Q9BRD0
P00747,Q9HBL7
P41273,Q07011
Q07955,Q9Y294
P07900,Q16543
P63279,Q9UBT2
Q13601,Q8NI36
Q6PID8,Q92624
P62277,P82673
P82664,Q8TCC3
P62910,Q02543
P36959,Q13956
Q7Z4H7,Q9H6D7
P20226,Q9Y2X0
P62070,Q07889
P01275,P10997
P13639,Q05639
Q9BV10,Q9Y673
O75683,Q9BQ67
P04233,P26373
P63208,Q8TCJ0
O75396,P51809
Q14032,Q99259
P62244,Q96G21
P09661,Q9BUQ8
Q96G21,Q9Y221
O60603,P01574
P28289,P68133
Q9H269,Q9P253
P16885,P19174
P02753,P02766
P04275,P07204
Q86YC2,Q9BXW9
P60468,P62269
O60603,Q9Y6Y9
O14775,O76081
O15553,O43586
O15105,Q15796
P14921,Q92793
O94805,Q12824
P01222,P41587
P01116,Q9NZN5
P09661,Q96DI7
P51003,Q05048
P27694,Q14566
Q8IWZ6,Q9BXC9
P56524,Q96EB6
Q15398,Q53HL2
P07196,Q9NSK0
O00592,O14745
P62745,Q99819
Q16880,Q9NY59
P01730,Q99836
P29323,Q15768
P78316,Q9UHA3
P98177,Q16539
Q07955,Q13435
A5LHX3,P20618
Q13263,Q96SR6
P12956,Q9UKL0
P12830,P24385
P00390,P10599
Q12772,Q16850
Q13509,Q7L8A9
O00330,Q15120
P82912,P82930
O95863,P08670
O14653,O75379
P51570,Q14376
O60894,O60895
P47914,P62917
P42766,Q9Y399
Q99816,Q9NZZ3
P01588,P09919
P62280,Q9P0M9
P83876,Q8WVK2
P08476,P36896
P06576,P36542
P59768,Q99835
P02649,P02743
Q9NRX2,Q9Y2R9
P62277,Q9HA92
O00459,Q8WYR1
Q15459,Q8WYA6
O15145,P61160
O94906,P08579
Q96G21,Q9UKD2
P02763,P10909
P28749,Q15796
P10721,Q9Y240
P62070,Q12967
Q9BV20,Q9BV57
P63104,Q16613
Q30KQ6,Q96PH6
P17568,Q9UDW1
Q05048,Q96MU7
Q9BQ48,Q9P0M9
Q10588,Q9Y6E7
P04839,P28482
P25398,P46782
P49336,Q9H204
Q15363,Q7Z7H5
P30405,P38646
O43169,Q13427
E9PD41,P01730
O94805,Q92925
P14854,P31930
P16410,P18627
O15498,Q5SQN1
P18850,P19525
Q9H0L4,Q9UKF6
O00287,P22670
P19224,P49888
P25787,Q9UL46
P48643,Q9NPJ1
P02649,Q13790
P62266,P82663
O14735,Q9Y2H2
O94906,Q8NAV1
Q07955,Q6NXT2
Q5T8A7,Q9P0M9
Q8TEL6,Q9BW61
Q01130,Q07955
O75436,Q92673
O60306,Q15428
P62877,Q6R327
P19224,P51857
P25963,Q8NEV1
P78423,P78556
P60520,Q14457
P48729,P49840
P32926,Q92817
P0CG47,P19474
O14497,P43246
P51398,Q96EY7
O94777,Q14442
O75581,P56705
O43708,P28161
Q16695,Q8NEZ4
P63208,Q9UKT5
Q03701,Q9GZR7
O75594,Q9NP99
Q71DI3,Q9UKL0
Q9NYH9,Q9UNQ2
P62877,Q15843
O60921,Q9UIF7
Q14691,Q9BRT9
P25789,P54578
P04155,P55317
O75251,Q9P032
Q15836,Q9H115
O60229,P78352
P43686,P62191
P09012,Q9BQ61
O00566,Q8IWA0
P09234,Q7RTV0
P10914,Q9UNE7
Q9BWG6,Q9Y3B4
Q7Z2W9,Q9BQ48
Q14012,Q96GE6
Q8NEB9,Q9Y4P8
P02671,P08514
Q8NEB9,Q9NT62
O75351,Q9Y3E7
Q13838,Q14498
P52435,Q9H6T3
P02649,P10636
Q96G21,Q9Y2X3
O60508,Q9Y3B4
P82673,Q9BYN8
P56703,Q8N474
P84098,Q9NZM5
O00746,Q9NRF8
O15528,P19793
P18077,P62917
P22004,P27037
Q96KS0,Q9H6Z9
P13232,P14210
Q92535,Q9Y2B2
P62899,Q9HB96
P42285,Q9UKD2
P07992,Q16531
O75694,Q12769
Q5T200,Q6P2C8
O43315,Q14410
P02649,P11597
P63220,Q02543
Q92922,Q969G3
P62993,Q13094
O00445,Q16623
P02647,P05090
P15289,Q8NBK3
P10911,Q9NYT0
O00161,O15498
O15160,P82933
P62491,Q6IQ26
O75208,Q5T2R2
Q01860,Q06416
P52815,P82933
O00232,P62191
P10276,Q14686
P00734,P02647
P63208,Q9UK99
Q9NSK0,Q9UQF2
P29992,P50148
P42766,Q9BYD6
Q96HR3,Q9H668
P62318,Q15459
O15151,P48729
O00204,P05177
P82933,Q96DV4
Q92583,Q9NRJ3
P11926,P52788
P11233,Q2PPJ7
P11217,P27482
P62987,Q70CQ3
B4E1Z4,P27918
P82673,Q6NVY1
Q14691,Q9BVW5
O15371,P62847
Q92974,Q96KP1
Q15102,Q8WUD6
P00403,P10606
P63208,Q8TBC4
Q14692,Q9UNQ2
O43586,Q99952
Q9H0A0,Q9NRX1
O14777,Q03188
P29322,Q15768
Q96A35,Q96EL3
P08138,P42336
Q06187,Q8WV28
Q8NHV4,Q96RT7
Q15545,Q6SJ96
O75355,P31939
P10606,Q96KJ9
P05198,Q9BQI3
P27105,Q16515
O75208,Q86YH6
Q96RP9,Q9BYC8
P62917,Q9P0J6
P08865,P42766
P56282,Q9Y248
Q3SYC2,Q86VF5
O60921,Q13315
P62877,Q92624
Q02410,Q16623
Q71U36,Q7L8A9
P10415,P30279
P06132,P50336
Q92583,Q9Y258
P08579,Q8TAD8
P15923,P25791
Q5T653,Q9Y676
P59780,Q9UPM8
P04233,P32969
P68400,Q9H6R4
P15121,P17752
O14641,Q9GZV5
P42285,Q9Y2X3
Q6NVY1,Q9P015
P02788,P22079
Q9NYK5,Q9P015
Q13601,Q5TAP6
P26006,Q16363
O75251,Q9UDW1
P02647,P35542
Q9H0E9,Q9H9F9
P0DP23,P11217
P21580,Q12933
P02656,Q6Q788
Q96PE3,Q9Y216
Q01780,Q9UNQ2
O00566,Q9BRS2
A0A0A6YYJ8,P09661
P02741,P18510
Q92521,Q92685
P04439,P06340
P78381,Q9NPZ5
P61970,Q9H4D5
P62072,Q9BSF4
P56706,Q9ULW2
Q96EY7,Q9NP92
P16435,Q16850
P41252,P49588
O75251,O96000
P45973,Q16695
O00206,P07585
Q02543,Q9GZV4
O00506,Q9Y376
P04233,P62899
Q96BP2,Q96EY7
O60566,Q15645
Q9NXE4,Q9NY59
P62318,Q9BUQ8
Q13608,Q9Y5Y5
P61247,Q9NYH9
P13349,P23409
P14416,P31645
Q9HCG8,Q9Y3B4
P78352,Q9P244
O15105,Q9Y4E8
P49771,P62917
Q15750,Q16539
P02748,P04004
P53778,Q9UDY8
Q14181,Q9NRG0
P20719,P31267
Q92620,Q9UMS4
P52848,Q6IMI6
Q9ULT6,Q9ULW2
A0A0A6YYJ8,P09234
Q9H7B2,Q9NQZ2
P43116,P63096
P63146,Q9UNE7
Q86V25,Q9BVA1
Q92985,Q96C10
P62318,Q96DI7
Q6PI25,Q9BXI3
Q06278,Q9HAY6
Q8IXW5,Q9H6T3
P20132,Q96GA7
Q9UJX4,Q9UM13
P24385,Q14209
P36954,Q15560
O60739,O75822
P02647,P27169
O43674,P22695
P07814,P56192
P11712,Q99735
P08247,P35900
Q96HE7,Q9BS26
Q6N069,Q9GZZ1
P62081,P62917
P19838,Q9Y2T4
Q13895,Q9UNX4
P19838,P67775
P02452,Q15063
O75916,Q6ZS82
P25398,Q9UNX3
Q9UI95,Q9Y253
O95997,P14635
P01730,P42226
O15371,Q9Y262
P12036,P41219
P57772,P62891
P52701,Q92889
O15371,P62269
O43396,P55036
O75390,P51553
P82673,Q9Y3D5
P37231,Q96EB6
Q9NVP1,Q9NW13
P56381,Q9UII2
P00751,P27918
Q7LG56,Q96RR1
P22607,Q9HCT0
P06127,P32248
Q9H668,Q9ULK4
Q08999,Q6MZP7
P08048,Q9BQ87
Q92547,Q96DY7
P39880,Q8TBA6
P42771,P46527
O75581,P41221
P05231,P13500
P26439,P56937
Q96AX1,Q9P253
O95400,Q56P03
O43818,Q9NYH9
P20333,Q5VWQ8
P00451,P00740
O00258,O43765
Q13895,Q71UM5
Q13155,Q15046
O00233,P48556
Q96DZ1,Q9UKV5
P05129,P28482
P32969,P84098
Q14562,Q99633
Q9H204,Q9UHV7
A5LHX3,P25789
P61326,Q9Y3X0
P22362,P51685
Q96A35,Q9H9J2
O95299,Q02221
P05198,P32969
O95786,Q8IUC6
P56937,Q9UKR5
O95237,Q16518
O00429,Q13546
Q92830,Q969S8
P22528,P22735
Q92611,Q96DZ1
P46781,Q9HA92
Q6IE81,Q9UNL4
P16234,Q92529
P15884,Q01860
O75330,Q96B01
Q15061,Q9UNQ2
Q5BN46,Q8NEH6
P04637,P20226
P21589,Q9BZQ4
P05121,P30556
P82663,Q9NRX2
O95926,Q9UNP9
P09629,P20719
P05231,Q9NPF7
P41181,Q8IXF9
P01730,P22301
P05164,P17213
Q13686,Q6NS38
Q03188,Q9NSP4
O00401,O15145
O75414,Q5EBM0
O43482,P20248
P68871,P69905
O43688,O60906
P17568,P19404
P48729,Q9H4H8
P07225,P08493
Q96RP9,Q9Y2R9
Q8IXK0,Q92769
P07900,P13569
Q01718,Q96G30
P01033,P45452
P49902,Q9BQG2
O75616,Q9Y291
Q8TCB0,Q96DX8
P28062,P48556
Q8WTW4,Q9HB90
Q8N3U4,Q8NDV3
Q7Z2E3,Q7Z333
O75190,P54652
Q9Y366,Q9Y547
P54725,Q92466
O15145,Q92558
P09622,P36542
Q12933,Q14192
Q12851,Q12933
P53778,Q13202
P01730,P05112
P33260,Q9NR63
O14802,P36954
P22087,Q14978
P36954,Q5VWG9
Q9GZZ1,Q9H7X0
Q9GZL7,Q9NYH9
Q15428,Q8NAV1
O00411,Q06547
P48556,Q9Y5K5
P25789,P62979
Q68CJ9,Q9UBK2
P05976,P12882
O14793,P19883
Q13686,Q86U44
Q92466,Q969U6
Q9NSE4,Q9UGM6
Q9BW83,Q9Y547
P17861,Q6SJ96
Q15397,Q9GZL7
P33991,Q7Z2Z1
Q99959,Q9BTV4
P49427,P63208
P49407,Q969F8
O43353,Q9Y239
O75330,Q9BPX3
Q9H1K0,Q9H223
P17844,Q9H9S0
Q15382,Q96B36
P14920,Q9P0Z9
Q15029,Q9UMS4
O95838,P59768
Q9BX95,Q9HCG7
O00311,P33992
P33992,Q99741
P01579,Q15116
P20674,Q00325
P62805,Q8N5Y2
P08579,Q8IYB3
Q14137,Q9Y221
O00541,Q9NQ55
P82909,P82933
O43674,P49821
Q16778,Q96EB6
O43555,P31749
O95243,Q53HV7
P36405,Q15814
Q6Y1H2,Q9NZ01
Q9H7B2,Q9NW13
P11245,P22760
P17947,Q13422
P08579,P62314
P01100,P53778
P22794,P34910
O00459,P15260
Q15286,Q8TEH3
P00505,Q8TD30
P28838,Q9UHE5
P02788,P08246
Q01094,Q9UKV8
P60228,P61247
O60243,O94923
O75694,Q99567
O75354,Q7LG56
P13498,P31749
Q99250,Q9Y3Q4
B8ZZ87,Q9UGJ1
P60520,Q8TC07
O14775,P63215
P07602,P54803
P68402,Q7L5N7
P32321,Q5EBM0
O43914,P17947
P02647,P45844
P11712,P18054
O75865,Q9Y5R8
O00264,Q8NC51
O14965,Q6PGQ7
Q9NY93,Q9UKD2
P51798,Q86WC4
P51575,Q99572
P46527,Q13619
P28482,Q02930
P16520,P61952
P62487,P63272
O15504,P35658
P00441,P35637
P11161,Q09472
Q7RTV0,Q9Y333
O75616,P82673
P62851,Q02543
O60508,Q14562
Q15459,Q99459
P60709,Q92922
P51809,P56962
Q09428,Q8TD43
P01024,Q9Y279
O43504,Q4ADV7
O15264,P53778
P26012,P53708
P05164,Q01196
O95170,Q12887
P49756,Q8IWZ8
P11487,P35916
P60059,P62917
P07585,P55001
P16219,P49189
O15496,Q9NZ20
Q96H20,Q9BRG1
P05181,Q9NPZ5
P06756,P26012
P26718,Q9BZM6
Q8IZV2,Q9NX76
Q86YC2,Q9Y6M9
O60481,Q01860
O00161,P46459
O95936,P49863
O00566,P62266
P11940,P35637
P26640,Q9NW08
P82912,Q99798
Q96FT9,Q9P2L0
O94888,Q13829
O75478,Q9UPT9
Q16623,Q5T5C0
O00541,P84098
P84098,Q8TD47
P34932,P50502
P25398,P62851
P62805,Q93079
P12268,Q8TCD5
Q15554,Q8IY92
Q92785,Q9NZM4
Q6P1A2,Q8IV08
Q15061,Q9H8H0
P09038,P16234
P60228,Q5T764
Q9HB96,Q9P0J6
P63272,Q9Y2F5
Q92879,Q9UKM9
Q96EY7,Q9H7H0
P46527,Q9Y4X5
Q6P1X5,Q92759
P10720,P49682
P36954,Q9H3P2
Q16719,Q6YP21
P61513,P62917
O14949,P10606
Q02543,Q07020
P36969,Q12849
O75431,Q5XKP0
O00220,Q13546
Q96H79,Q9NR21
Q9H9F9,Q9NXR8
Q96NB3,Q9NW64
P05113,Q969D9
Q659A1,Q9HB65
P28070,Q9UL46
O43353,Q9Y4K3
O15498,Q9NZ43
P03897,Q86YC2
Q16878,Q6ZQY3
P49790,Q8TEM1
P0DPB6,Q9Y221
O00566,Q9NQZ2
Q9NZ32,Q9UJW0
P32245,Q96G30
P04233,P07711
Q14674,Q5FWF5
Q96JB2,Q9UP83
P10914,Q99836
Q13838,Q96FV9
P09496,Q9NR82
A6NFB4,P09919
P25788,P48556
Q13895,Q9H6R4
Q14258,Q96C10
P60468,P63244
P00750,P02751
P62805,Q96BT3
P55010,P63244
P14635,Q13635
O60493,Q92609
Q00597,Q86YC2
O75616,Q9Y676
P19174,Q13094
Q9BQ67,Q9H9Y6
P24390,Q9HCN8
P57772,P62913
P05161,Q15646
P78316,Q13601
P04233,P05538
Q96L21,Q9NZM5
O15372,P55010
O60783,Q9Y2R9
P63000,Q9NPB6
Q9BW62,Q9H079
P28340,Q8WVB6
Q8NI27,Q9UMS4
Q9HA82,Q9NXE4
O00585,P10145
O94817,P60520
Q9Y3A4,Q9Y5J1
P09012,Q96DI7
P52564,Q13546
Q08999,Q52LA3
Q07020,Q9NZM5
Q6I9Y2,Q96FV9
P02743,P05067
Q9C0K7,Q9Y376
O14965,P53350
P06239,Q9NWQ8
P48556,Q9BRP4
P01024,P02647
P36543,Q8N8Y2
Q8N668,Q92830
O60231,Q9Y3B4
P63010,Q9Y587
O75431,Q16891
Q6PJP8,Q9UKF6
Q9BYG3,Q9NZM5
P19087,P35913
P32969,P60468
Q00722,Q14642
P18074,P51948
P30154,P62714
P29374,P62805
Q02543,Q99848
Q13148,Q9NUM4
P14780,P21815
P56192,Q9P2J5
P35579,Q14651
P29466,Q9ULZ3
P09067,P31268
P25398,P62857
P07686,P15586
P41567,Q7Z478
Q9H0A0,Q9Y324
P78362,Q14498
P28482,Q9UKL4
P11172,Q14117
P62910,Q9Y221
P11802,P38936
P07492,P08949
P25791,P55196
Q9BT30,Q9NXW9
O14983,P35398
O15155,O15400
O15360,Q9BX63
P13693,P62917
P53350,Q66GS9
Q6GPH4,Q9Y6K5
O94973,Q9UPM8
O43776,P56192
P29083,Q9Y3C7
Q14690,Q9H501
A6NJ78,P82930
O60921,P39748
P28482,Q15759
P02751,Q92626
P82673,P82675
P29083,P50613
P36941,Q99558
Q9BQG2,Q9Y6E7
P33991,Q99741
O75190,Q9UNE7
P19224,Q9NPZ5
P82930,Q9H9J2
O14793,Q9NS15
P62491,Q9Y4I1
Q14534,Q16850
Q9BYC9,Q9P0M9
P47914,Q9NZM5
P11831,P15172
P04844,P61803
Q4L235,Q6PCB7
O14965,O75330
Q6PGN9,Q99523
P28324,Q16539
O76024,Q99941
Q99707,Q9H2M3
P16234,P19174
Q14674,Q53HL2
Q01581,Q16850
O75431,Q5TGZ0
O60563,P32780
P19387,Q15528
O15553,Q9Y2G2
Q8NHY2,Q8TEL6
Q93074,Q9UKL0
O14745,P22694
P25787,Q14997
P09919,P40225
P14635,Q9UJX3
Q676U5,Q9BXS4
O60508,Q9NW64
Q8NCD3,Q9BPX3
Q15650,Q9BTT4
P49257,Q15436
P52732,P53350
P06756,P17301
Q96BP3,Q9NW64
Q13405,Q4U2R6
P25054,Q5H9I0
P05106,P18206
P14060,P37059
P26368,Q15459
P27695,Q71DI3
O75934,Q9Y3B4
Q8TED0,Q9NQZ2
P84243,Q15910
Q6YP21,Q86VQ6
P43358,P43363
P13232,Q13651
P60900,Q9Y244
O43633,Q9NZZ3
O75251,P17568
Q9C035,Q9H0C5
P16401,Q02539
O00566,Q9NW13
O75807,P08574
P01133,Q99075
O75122,Q8N2M8
Q06136,Q9HA82
P19387,Q13619
P51587,Q9BWT6
P15336,P17535
Q08426,Q96RQ3
P14784,P31785
P42356,Q86TV6
P30876,Q6UXA7
P27037,Q8NER5
P49756,P62316
P10244,Q08050
P19387,P60866
Q9BZE4,Q9NY93
P37173,Q15796
Q9NP79,Q9NZZ3
Q9BVA1,Q9UPY8
O60882,Q9NRM1
O43504,P42345
P09601,Q14145
Q13315,Q92547
P25490,Q9H0E9
Q9GZL7,Q9UJA5
Q02543,Q6W5P4
P0CG48,P54578
P19387,P62750
P31260,P31270
O95822,P49327
P20132,P54687
Q4U2R6,Q9NZE8
P02749,P55056
Q13323,Q96LC9
P17844,Q9UQ35
Q6IA17,Q9Y616
P19438,Q92851
O00459,P10721
P19387,P35269
P01266,P07307
P60468,Q02543
Q12769,Q9NRG9
P46783,P84098
P54136,Q9Y2Z4
P61619,P62273
P46777,P61619
O75529,P21675
Q3B726,Q9NYV6
Q9UK22,Q9UNE7
O15155,Q99747
P22681,Q13094
P51665,Q15008
P09012,P41223
O75822,Q7L2H7
Q03701,Q15397
P25788,Q53H80
Q99523,Q9UJY5
P35548,Q13950
P19387,Q9NV31
Q9BW85,Q9UMS4
Q96HA1,Q9BW27
P15121,Q9UQ10
P24385,P60484
O75379,Q9UNK0
P18077,Q9NZM5
P62805,Q01860
P35475,Q12891
P24863,Q9NPJ6
P55344,Q9Y5K8
P52815,Q9BYC8
P22626,Q14498
O43776,Q15046
O00762,O14777
O60563,P18615
P14635,P46527
P10145,P32248
P25685,P54652
Q99798,Q9BQ48
P28715,Q9UKL0
Q14691,Q9HAW4
O43186,Q9NZN9
O60563,Q13888
O43504,Q9HB90
P14416,Q15172
P08842,P42330
Q9UQL6,Q9Y618
P03372,Q02790
P33240,Q92797
Q12864,Q16625
Q9BUN8,Q9Y385
P21579,Q7L1I2
P09661,Q13123
O14965,Q14008
P13498,Q969G6
O15047,P61964
P62136,Q15435
O43251,P09234
P04818,P31939
Q9BYC8,Q9HA92
P04899,Q9HAV0
P61081,Q8TBC4
Q07955,Q16630
P82933,Q96E11
Q13438,Q96DZ1
P01375,Q12933
O00231,P51665
P01024,P08603
Q9BYC8,Q9Y676
P43246,Q9H4L7
Q03701,Q9NVU7
O15047,Q03164
Q9H668,Q9NPJ6
P02452,P04275
Q96EH3,Q9BYC8
O43933,Q8IYB4
Q13601,Q99848
P05198,P62861
P62318,P84090
P06746,Q9UGN5
Q13895,Q969X6
P25789,Q969U7
P42766,P83731
P19087,P63215
P04629,P14210
P54707,Q15181
P05198,P49770
P06737,Q96GE6
P46783,Q9HA92
Q96DP5,Q99707
Q7RTN6,Q9Y376
P10606,Q9Y6M9
P08581,P12830
Q13393,Q7L5N7
Q6NXT2,Q9Y5B9
O15270,P02763
Q13895,Q96EU6
Q02643,Q92847
Q08999,Q15329
P43351,Q9H668
Q13459,Q9Y6D6
Q15573,Q9NYV6
Q8TCD5,Q9H773
O00472,Q96CJ1
O15264,O75676
P39656,P60468
Q00973,Q9NY28
Q92784,Q92922
O14503,P20393
P19087,Q9NQW8
P43686,Q15008
Q15631,Q9UKV8
P62877,Q13618
O00459,Q9Y2I7
P15173,Q14814
O60906,Q9HA82
P62805,Q6FI13
P04156,P11047
O14949,P56381
Q02223,Q96RJ3
P08579,P62308
Q6RFH5,Q9NY93
P58004,Q6PJI9
P04629,P19174
O14965,Q16695
O75439,Q02221
P19174,Q9Y2I7
O15541,O95777
O60231,Q9UK45
Q5VXH4,Q92624
P55809,Q86V21
Q96Q45,Q9H6L2
P08865,P61619
P84243,Q92833
O14777,Q9BVA1
O60341,Q92922
P12004,P43246
P12931,Q92793
P62913,Q9BQ67
P18206,Q9Y2I7
Q9BRJ2,Q9P015
P42677,Q9NYH9
P12270,Q8WUM0
P30305,Q00535
P25685,Q9NZL4
P56962,Q13190
P05412,P18146
P06865,P07686
P05231,P18428
P10109,Q9Y697
O00268,Q8WWY3
Q00722,Q13976
P22090,P41091
Q8WXE1,Q99741
P57772,Q9HD40
O15504,Q92621
P42345,Q9Y4R8
P21854,Q92854
O60603,P08238
O00571,P17844
Q14498,Q8IWZ8
P28289,P35611
P16219,Q9NTX5
O15119,P28482
P09661,P62306
P21589,P33316
O75582,P53778
P51570,Q14626
P20823,P55317
Q13829,Q9UH77
P45973,Q14191
Q9BPU9,Q9P0N5
P51671,Q9Y4X3
O43819,Q7KZN9
Q92519,Q9H4K1
P51911,Q8TD86
P41223,Q07955
P10144,Q6PEY2
Q6ZW49,Q8NEZ4
P20309,P41594
Q92889,Q9UKL0
O43818,P62280
Q92673,Q9UJY5
Q14137,Q9UHA3
Q8NEZ2,Q99816
P78316,Q9H501
P62072,Q9NS69
P10144,Q16617
O95718,Q9UJQ4
Q659A1,Q8N7H5
P25942,P32971
P12644,Q6ZVN8
P62857,Q13601
P52815,Q9Y2R9
P08579,Q09161
Q00403,Q6SJ96
P17252,P62714
P04792,P34932
P05198,P62701
P36578,Q13601
P16520,Q00722
P49448,Q16822
O75197,P56703
P62314,Q9H6L4
P18583,Q14498
Q9UHA3,Q9UNX3
Q96G25,Q9Y3C7
P63208,Q9UBF6
P29597,Q99665
P35557,P51854
P49590,Q5JTZ9
P08579,Q9Y388
Q9HCU5,Q9NR31
P51809,Q16623
P08476,Q13705
P43686,P51665
P51589,Q08477
O95926,Q9BZJ0
Q13443,Q9UI95
Q96N66,Q9BZW4
O60306,O75643
P35244,Q9BVW5
P09012,Q92620
P27037,P55107
P46778,Q9NZL4
Q9BQ67,Q9NY93
Q9NV96,Q9Y2Q0
Q8N130,Q9GZV9
P01024,P21730
P24864,Q13616
Q07820,Q13323
O00148,Q9Y3Y2
O43913,P33992
P11802,P15172
P42766,P63220
P19387,Q14999
P63208,Q9NXK8
O95777,Q9Y2W2
O00161,Q5T5C0
Q7Z434,Q92844
P35250,Q92547
P07686,Q8N5D6
P08579,Q9Y3B4
Q02543,Q9UNX3
O75161,Q9UPM9
Q13153,Q15052
O76096,Q16617
Q9Y2W2,Q9Y4Z0
Q9H9S0,Q9UJQ4
O43818,O76021
P04792,Q04637
Q96HP4,Q9Y6W3
P42766,Q5T2D3
O00232,P51665
P03901,Q9Y375
O43818,Q68CQ4
P62805,Q9NWA0
P05556,P18206
P82933,Q9Y3D3
P84243,Q92993
Q9H8H0,Q9Y2X3
O00541,P22087
P47985,Q7KZN9
P10144,P55957
P20248,P33992
O43318,Q15750
Q9UII4,Q9UMW8
P20290,P25398
Q15843,Q9UNS2
P12830,Q00987
P01583,P19838
P15018,Q99650
Q2M389,Q9Y3C0
Q9BVW5,Q9Y248
Q9NQ55,Q9Y221
P11229,P29992
P31930,P49411
O75581,P56703
P02008,Q15796
P46782,Q13601
P62917,Q96L21
P60468,P62263
O15155,O75379
P01732,P49863
Q71DI3,Q99986
P05198,P22090
Q14714,Q96LD1
O94988,P48200
O00746,Q5TCS8
O15111,P19438
O00161,O95219
P25024,Q92583
P62316,Q9BQA1
Q92830,Q9Y230
Q86YN6,Q9NPJ6
Q02241,Q99661
O15371,P63220
P10916,P13805
P01730,P16410
O00241,O43914
Q15370,Q96L50
Q15796,Q9NRR4
P01024,P09871
P14678,P62318
P62805,Q9Y4A5
O60229,Q9UIK4
P10147,P32248
P42766,P60059
Q02241,Q8NEM2
Q9HAV0,Q9P2W3
P49792,P57740
O14777,Q8WVK7
P25788,Q9NRR5
Q9UNQ0,Q9Y6L6
P19525,Q9UL40
Q9BUI4,Q9NW08
P17752,P28222
Q9HD33,Q9Y676
Q6ZRS2,Q71UI9
Q9H6R0,Q9ULZ3
P01730,P06340
Q8NAV1,Q9HCG8
P62714,Q15173
P30050,Q9P0M9
O14746,Q9UHC7
Q9BT17,Q9UI43
Q99259,Q9P2U7
Q13895,Q2NL82
P19387,Q6P9B9
P25787,P28074
P25398,Q9Y3U8
P54803,Q9BX95
P25490,Q6PI98
Q15650,Q8N3C0
P23396,Q9HB96
Q14676,Q92547
O43482,Q96B01
Q99665,Q9NPF7
P82664,Q9GZV4
O14910,Q9NZW5
P82673,Q6P161
O15212,Q9NUG6
O14625,P78423
P60568,Q8N6P7
P22736,P53539
P20339,Q8WYP3
Q8N4H5,Q9NS69
P41221,Q9NPG1
Q8TEV9,Q92844
Q2VPB7,Q9Y587
P00740,P04275
P29992,P30556
Q13895,Q9NY61
P49753,Q8N1Q8
Q13724,Q9NYU2
O75379,Q8N1B4
P08047,Q15796
P42285,P62861
P63098,Q76I76
Q13247,Q86V81
Q9BWT6,Q9UQ84
Q9BRA0,Q9GZZ1
O00463,Q9NP84
P25963,Q9UHD2
Q5EB52,Q86TG7
P08708,P42766
O95352,Q8NEB9
Q13162,Q9BS26
Q8IXM3,Q9BQ48
P01008,P04196
P82673,Q9Y6G3
P13498,P14598
O43707,Q9Y5K6
P01579,P28065
Q8N6G5,Q9P2E5
P52597,Q13148
Q4G0N4,Q9BQG2
O00585,P61073
P35408,P43116
P82930,Q9BYC9
P04818,Q9NV35
P15313,P25705
O43663,Q02241
O43678,P31930
P56556,Q9Y375
P36954,Q96JC9
P20248,P52732
P62304,Q8WVK2
P46527,Q66K64
P20226,Q9BTT4
P13236,Q9Y4X3
O75436,Q13596
P49756,Q9UQ35
Q13263,Q96GC6
O60566,Q15172
Q13651,Q8IZI9
P09661,Q9H0R3
Q8N4Q1,Q9Y5L4
P61619,Q969V3
P42766,Q6NTE8
Q16795,Q9Y375
O75529,Q96BN2
P20648,P51164
O43752,Q12846
P12830,Q75N03
P36954,Q9Y3C7
P02730,Q12955
P0DP08,P19235
Q9BTD8,Q9UK45
Q7RTV0,Q9BZL1
P17081,Q15642
P36954,P50613
Q9GZL7,Q9GZR7
P24385,Q08999
P10916,Q96A32
Q13522,Q14738
P08253,P51790
O43889,Q92793
P46527,Q8TEL6
O75616,Q96EY7
P22694,P23443
Q00537,Q8TDN4
Q15428,Q7RTV0
P25398,P61247
P78371,Q9NPJ1
Q9H2M3,Q9UI17
P62877,Q9Y2M5
P48200,Q13616
P00568,P07741
Q96G21,Q9BYG3
Q15185,Q9NY12
P62750,Q9HA92
P10301,Q15283
P28482,Q9UHA4
Q49AN0,Q9C0J9
Q8WVK2,Q9Y333
P02647,Q8IZY2
P25685,Q9UDY4
O14986,P18206
P08887,P13725
P63272,Q03111
P14866,Q15366
P20618,Q969U7
O60832,Q9NY93
O43542,P07992
O43909,Q9UBQ6
P23443,Q9HB90
P82664,Q86TS9
P22455,Q9NP95
Q86VI1,Q96A65
P40337,Q9UNS2
P40939,Q08426
Q13123,Q9UK45
Q13136,Q8ND30
Q9NX20,Q9Y676
P09234,P14678
Q05329,Q14032
P06307,Q92626
P82664,Q9H2K0
O00231,O00232
O95478,P82664
P06280,P14410
O14880,P11712
Q15370,Q9Y6I7
P01730,P28907
P82921,Q9P0M9
O14777,Q12834
Q8TAM1,Q9BXC9
O00178,P14770
P42285,Q8IWA0
O60218,P35270
O00425,Q9BYJ9
P08574,Q9BQ61
P49815,Q6R327
O94817,Q8TDY2
P78316,Q9NW13
O60610,P07737
P10600,P84022
P61224,Q9UQM7
O15145,P63261
P08138,Q99608
O75616,Q96EL2
O60393,Q9Y2T7
Q92667,Q9UKA4
P05112,P05113
P21589,Q13126
Q5FWF5,Q8WVB6
P45985,P53778
P45452,Q03692
P01375,P09919
P01730,P32248
Q4L235,Q86YC2
P49450,Q9Y5B9
P52815,Q9BQ48
Q7L513,Q9UKI3
P25786,Q9UL46
P25398,P46778
Q16288,Q99523
Q15050,Q9NY93
O43159,Q8IY81
P62805,Q92522
Q13601,Q13610
O43765,Q16186
Q16763,Q9UNE7
P50750,Q16543
O00268,P24928
P03971,P36894
P06133,P20815
O95619,P60709
P01106,P14635
O00327,O14503
O00459,P01116
P19387,Q6P2C8
P50552,Q9Y4G6
O94788,P20815
Q92844,Q9UHD2
P17252,Q00722
Q13330,Q9UBB5
Q9BT30,Q9H9V9
Q8N687,Q9H1M3
P16150,P17931
Q13148,Q86U42
P53674,Q9Y6H8
O43159,Q96EB6
P56282,Q7L590
P20815,Q9HAW8
P62877,Q58WW2
P05113,P51671
O15055,O15534
Q9NP66,Q9UKL0
P82673,Q96A35
P08514,P14770
O76024,P05026
P41159,Q9HD89
Q13601,Q9H7B2
O75715,P00390
Q8N5F7,Q9UMS4
P10276,Q15744
Q6P988,Q9GZT5
P62314,Q9BRD0
P05198,P60866
O75190,O95817
O15047,Q9Y5Z7
P01583,P18510
P62917,Q02543
P27635,P82933
Q15628,Q15750
O95619,Q9Y265
P68400,Q8WXX7
P84243,Q96EB6
Q9NPJ3,Q9UHG0
O75351,Q96CF2
P18825,P29992
O43290,P08579
P05198,P62750
Q5MNZ9,Q8TDY2
Q3KNV8,Q8IXK0
P46013,Q14674
O15270,Q9NUV7
P28482,Q3MJ16
P78352,Q9H598
Q13829,Q14145
Q15303,Q99075
Q03701,Q2NL82
P52732,Q9P2E2
Q5TAX3,Q8IYB7
O75694,Q8WUM0
P14061,P49888
Q9UKT4,Q9UM11
P30049,Q9BSJ5
P81172,Q99988
P0DP04,Q86Z14
P13725,P40189
Q9NY61,Q9Y5J1
P84098,Q8NA23
P62753,Q9H0A0
Q13206,Q9NY93
P62308,Q15459
Q5JRM2,Q9P0M9
O15111,P19525
Q96CS3,Q96JH7
O15371,P51665
Q9BYC8,Q9Y2R5
P05198,Q9NV31
P82933,Q9P015
P21926,P27701
Q9BQ48,Q9BYD6
Q7Z6E9,Q9BWT3
Q01860,Q7L190
P27540,Q92793
Q15648,Q9NVC6
Q8NHV4,Q9UGJ1
Q99757,Q9UJ68
O75400,P49756
P55317,Q9UBC0
P47914,Q9HA92
P43686,P49721
A0A0A6YYL6,P82933
O76062,Q16850
P52298,P62318
Q8IYB3,Q9Y2W2
Q8NI36,Q9NYH9
P51580,Q9NV35
Q15696,Q7RTV0
P61326,Q13242
P04181,P11926
Q5TD94,Q96M63
Q6P1X5,Q92830
P42336,P61224
Q8TEA1,Q9Y221
P62805,Q15022
Q16539,Q9UBK2
Q5JTH9,Q9BQ67
O95433,Q15185
O15382,P20132
P20226,Q53T94
P63208,Q16531
P31391,P63096
O00203,Q92572
Q8IYI6,Q96KP1
P04040,Q9NYQ3
P54750,Q9P2W3
P14415,Q13237
Q8TEL6,Q96SW2
Q9BQ67,Q9NVN8
P78348,Q16515
P15976,P25791
O95782,Q9H0R1
O00194,P08962
Q9H9S0,Q9NSC2
P27539,Q9HA82
Q02241,Q9H0H5
Q96RN5,Q9BTT4
P63208,Q8N461
O75616,P82932
P08567,P51178
O60563,Q14004
P04150,Q02790
P09341,P19838
P82912,Q9Y2R9
P13984,P36954
Q0VG06,Q9HB96
P04049,Q04917
P05556,P11047
P82673,P82933
P15313,Q8NHE4
Q05469,Q99685
P0CG48,Q96DC9
P62805,Q9H3R5
Q5QJU3,Q9HA82
Q96F63,Q9Y3B4
P11217,P36871
P08887,P19438
O95249,Q9NZ43
P62241,Q9HB96
Q92466,Q96SW2
P18669,P60174
P82933,Q9H2W6
O00257,Q9UQR0
P25789,Q16186
Q9BT17,Q9P015
A0AVT1,P49427
O75792,P04818
Q9UBQ5,Q9Y262
P27694,P49642
P56270,Q01844
Q13490,Q9Y572
P30260,Q9UJX4
P15311,Q16543
P41595,Q5JWF2
G3V4G9,P51570
P06576,P56378
P10144,Q71U36
O43174,P11712
O00755,O75581
O14777,Q71U36
P02452,Q16832
P28067,P30511
Q15370,Q9BQ90
P04233,P61513
P01730,Q9UQF0
P82664,Q9NYK5
Q9Y5J6,Q9Y5L4
O75116,P10916
P10301,Q13393
Q5TAQ9,Q66K64
P01116,P04899
P14635,Q8IX90
P61313,Q02543
P42766,Q9HBH1
P16234,P16885
P10997,P30988
P13051,P27695
P18077,Q9HA92
O14920,Q15750
P52564,P53778
P04626,P24385
P18054,P78329
O75439,P51970
Q9H501,Q9Y2X3
O00483,P31930
P07996,P08246
Q16539,Q16829
Q2M3D2,Q96KP1
Q05329,Q9P2U7
P00973,Q9Y6K5
P50052,Q9ULD2
P20674,Q9BQ61
O96008,Q9NS69
Q71UM5,Q9Y5J1
O95863,Q15910
P82933,Q16540
P10916,Q9UKX2
P25398,P62249
P14678,Q8WVK2
P24941,Q8TDN4
P18146,P27361
P51809,Q9UEU0
Q8TED0,Q96G21
Q5TAQ9,Q8TEL6
P39019,Q02543
Q16540,Q9BQ48
P07327,P27338
O95178,P10606
P06241,Q9NWQ8
P37840,Q13148
Q15646,Q8IY21
O43914,P43403
Q969F8,Q9HCQ7
P11047,P16070
Q14135,Q9H1B7
Q16613,Q9UHM6
Q7LBR1,Q9UN37
Q13427,Q9UNP9
O95390,Q8NER5
P12074,P20674
O15105,Q9HAU4
O00231,Q99460
P07197,P08670
P19387,Q9BYC9
O43752,O75379
Q9BYC8,Q9NX20
O60869,P08708
Q9BSJ2,Q9UGJ1
P01033,P13500
P63208,Q01484
P03886,P31930
P09874,P10144
P05771,P10301
P04156,P68400
O14802,P19387
A8MTJ3,P16520
P21583,P36888
Q5T011,Q6PJI9
P51575,Q12879
P15313,Q8N511
Q6P161,Q9P0M9
P24534,Q02543
P04275,Q9P126
P83731,Q9NZM5
O00267,O00472
P82663,Q9H9J2
P27482,Q14012
P15289,Q96EG1
P36954,Q15648
P62753,Q9Y5J1
P00734,Q96RI0
O43159,P46087
Q9BZM1,Q9UNK4
P05111,P08476
P04628,Q9NPG1
P48556,P62333
P23515,Q9BZR6
O60673,Q9NRG0
P12270,P57740
P00505,P32929
Q3B726,Q96G21
P02452,P07996
O43818,P42677
P00441,Q13148
P46782,Q9NQZ2
P46199,Q9Y2R9
P84098,Q9NX20
O43837,Q99798
Q99835,Q9BWV1
P51114,Q9UKV8
Q7Z417,Q9UHK0
P31431,Q9UQP3
P48200,Q96EP0
P41143,Q13519
P13569,P48048
Q9GZS1,Q9H0A0
P23396,Q9NZL4
O95822,Q4G176
O00472,Q9H3P2
Q8TAQ2,Q92785
O15111,O43353
Q13601,Q9Y3B2
P01042,P41143
P06493,Q99741
Q00403,Q9H204
O43172,Q8NAV1
O60921,Q99638
Q15286,Q9BXI6
O43818,Q71UM5
Q16526,Q9UKT7
P10244,Q09028
P08247,Q16623
P35244,Q9HAW4
O43678,Q9P0J0
Q96EL3,Q9Y291
P07585,P67809
O15169,Q9H2K2
P57729,Q9BPX3
P36954,Q15542
P01116,Q8N653
P18206,P26038
Q02878,Q9HB96
P08151,Q99835
P30279,Q08999
P08048,Q8NFZ3
O43674,O43676
P01116,Q8WYR1
Q8NI60,Q9NZJ6
P62491,Q96QF0
P06400,P78396
A4D1E9,L0R8F8
O14965,Q14511
P01116,Q8TD86
P19438,Q9Y572
Q5SRE5,Q9NRG9
O14965,O15392
Q8IYK4,Q8NBJ5
P50750,P51948
O60603,P01584
Q9GZL7,Q9UNX4
Q14582,Q99583
P24941,P63208
P59998,Q9BQ83
P32248,P50148
O00541,Q9BQ67
P18206,Q9Y6U3
Q9NQZ2,Q9NVU7
Q9BTT4,Q9NX70
P14635,P31947
Q9GZR7,Q9NY93
Q13573,Q14562
O43914,O75015
O60563,O60583
Q16778,Q99986
P82930,Q9BYD2
P60174,Q8TBZ2
P39656,Q14165
P31939,Q6UB35
Q9BYD1,Q9UI43
Q643R3,Q9UBM1
P08514,P11215
P63208,Q86WB0
P62714,Q5FBB7
P61326,Q07955
P20226,Q6NXT2
P04233,P61073
P50613,Q92759
Q07864,Q9BVW5
Q9Y3B4,Q9Y3C6
P24864,P62877
P50991,Q16543
P30533,Q07954
P01033,P16070
P82933,Q9BYD3
P28335,P31645
P09455,Q9BX79
P22087,P61353
P63165,Q92793
P09234,Q9BWJ5
P05060,P10645
P60520,Q86TL0
Q15796,Q9GZV5
O43251,P54253
P09919,P0DML3
Q9NWW5,Q9UBY8
O76021,Q9Y221
Q8TAE8,Q9P015
P18077,P60468
P17861,P62380
Q96EL2,Q9Y676
Q15696,Q9Y3B4
Q8WUM0,Q8WYP5
P27352,P51164
P16520,Q9NQ66
Q15370,Q8N668
O60260,Q9Y6H5
A8MTJ3,Q9NYW3
P52630,Q9Y6K5
P15153,P27986
O00268,Q12962
P82933,Q15070
O00232,P20618
P10636,Q9BVA1
P07900,Q9H6T3
P42285,Q9NQZ2
O95777,Q9BUQ8
P17568,P28331
Q9NQT4,Q9Y3A2
P20592,Q9UMW8
O15498,Q96AX1
P08138,Q9BZR6
P11488,P62873
P19174,Q15303
P61619,Q9UNX3
P11802,P24941
Q9NWT8,Q9P015
P11712,Q6V0L0
O00268,Q92759
Q9BXF6,Q9H4M9
P41223,Q15459
P06396,Q9NZR1
P04908,Q99728
Q8N3P4,Q9P253
P61966,Q9UPM8
Q03111,Q6W2J9
P11388,Q02241
P80404,Q08426
Q6AZY7,Q9UKF6
O75533,P17844
O14733,Q9UQF2
O14775,P14416
O15527,P27695
O75792,Q5TBB1
P05114,Q02543
P56537,Q9Y3A5
Q13526,Q14653
Q9H1B4,Q9UKK6
O15078,Q9BXC9
O75251,P22695
Q16623,Q96C24
O15155,Q9UEU0
O14735,P51178
O43504,Q0VGL1
P62380,Q06330
P34969,P61952
O43674,P31930
P08100,P19087
P11142,Q16543
P35548,Q15672
P49902,Q9BXI3
Q00722,Q14643
P82912,Q9BQ48
Q15428,Q9UK45
O00472,Q6PD62
P10301,Q13009
P09914,Q15646
O14638,Q13232
O43663,Q9BPX3
O95402,P36954
A6NJW9,P01730
P01579,P51681
P08575,P09382
Q13601,Q14686
Q9UHA3,Q9Y3U8
Q8IY57,Q969R5
P60520,Q5MNZ9
Q9P2U7,Q9P2U8
P35226,Q9BSM1
Q05469,Q13131
P62316,Q9UK45
O75015,Q8WTV0
O00463,Q99558
P20226,P51946
P80217,Q9HA92
Q15382,Q8TB45
Q86X19,Q9BPU9
O95822,Q9UGJ0
P42766,P61619
Q86YC2,Q8IY92
O43402,Q15006
Q00722,Q5T6X5
O00566,Q9Y2P8
Q9GZS1,Q9Y5J1
P10606,P30049
O15160,Q9Y221
P0DP23,Q01064
P08579,Q07955
Q00722,Q9Y2I7
O43865,Q6YP21
P01282,P07492
P31939,Q9H0P0
P62314,Q8NAV1
Q5MNZ9,Q8NEB9
Q07001,Q13702
Q09028,Q9UGU5
O60244,Q9H204
P49189,Q9BYV1
Q3SYG4,Q8NFJ9
O95931,Q9UQR0
Q8NB49,Q9NV96
O43504,Q8NFG4
P09016,P09067
P35268,Q9GZL7
P25963,P67870
P15559,P38435
Q15021,Q9BPX3
O14561,P31930
P82664,Q969Q0
P06280,Q8TET4
O00231,P25789
P62072,Q96DA6
P08123,P09486
P42766,Q9NW08
P61024,P78396
P10244,P14635
Q13895,Q9Y3A4
P34949,Q16877
P01116,P04637
O15455,O60603
P13569,P51168
P21802,Q07890
P68363,Q8NG68
P63098,Q14934
O43818,Q9NX24
O60869,P39019
P10242,P17947
O60603,Q9NWZ3
Q14691,Q9NXL9
P01116,Q8IV61
P48788,P63316
O15431,P35670
P01589,P01730
P09629,P12956
P12838,P31997
P27037,Q03167
O14957,P17568
Q15398,Q8NCD3
Q6PEY2,Q9H4B7
O14965,P02751
P23284,P27824
P49863,Q12918
O00161,O95721
P30613,Q7LG56
P11511,P56937
P01222,Q5JWF2
P09132,P42766
O60603,P11142
P31785,P60568
P19387,P62917
P01730,P60033
P62316,Q14562
P16219,Q9NR19
P10916,Q86YV6
P26439,P51857
Q9H1C4,Q9NR96
P40337,Q9H6Z9
Q96RQ1,Q9GZP9
Q13895,Q96IZ7
P18206,Q13418
O43623,P12830
Q5T200,Q9H6S0
O15392,P52732
P01730,P13765
Q15274,Q9BQG2
O95926,Q69YN2
P24385,P30279
O75084,Q9GZT5
O75251,P49821
P46937,Q01860
Q8TF62,Q9NV96
Q8IWE5,Q9NP90
P82914,Q9P015
Q9BYC8,Q9BYD1
Q02543,Q9H089
Q9H3Z4,Q9H598
P62805,P68431
P56705,Q9ULW2
P15153,Q9ULL4
Q9H0A0,Q9NY12
Q8NI27,Q96J01
Q13686,Q9BT30
Q03701,Q8NEJ9
P04233,P19387
Q6ZMB0,Q9NY28
Q9GZL7,Q9NX24
Q92890,Q96CS3
P25787,Q8TAA3
P82663,Q9NWU5
P63208,Q8N488
P01024,Q13203
P04233,P13639
P02788,Q8TAX7
O43242,P43686
P28838,P48506
O95166,Q6ZNE5
Q14157,Q9BSM1
P01579,P26842
Q07817,Q15370
P09001,Q9Y2R9
P55789,Q9Y5L4
P28072,P60900
P19838,P21580
O14944,P00533
O43143,Q8IWZ8
P12830,P14780
P82663,P82909
Q4VCS5,Q8N3R9
Q99816,Q9HD42
P62805,Q9NVP2
Q02252,Q9BYV1
P13569,P55072
Q15172,Q16537
O75822,P62854
P35712,P48436
O76036,Q9UBK5
O94805,Q9C0K0
P51668,Q96EQ8
P01571,P60568
Q8N6P7,Q9NPH9
P15153,Q9BYG5
O94776,Q9UBB5
P09237,P16035
P49406,P82673
P62072,Q8N4Q1
O43347,Q96EP5
Q53GS7,Q9BW27
P60228,P62979
P36954,P62487
Q00535,Q96SZ6
Q99728,Q9UJX4
P85299,Q9Y4R8
Q96GA7,Q9BYV1
Q15007,Q5T200
P51636,P56539
O15213,P42285
O43927,P80162
P08123,Q15113
P09234,Q15459
P25021,P54707
P09919,P22301
P50591,Q9UBN6
P08579,Q9Y2W2
P19174,Q96LZ3
O94776,Q8TDI0
P14678,P38432
P19838,Q9Y6K9
P17612,P78368
P41235,Q92793
P34896,Q3SY69
P82932,Q9NZL4
I3L0E3,P82664
P62318,Q9Y333
P27694,Q9BX63
P55160,Q9P2A4
P68431,Q01860
O15055,P56645
P22612,P52566
Q9NWQ4,Q9NYH9
O43353,Q13114
O75015,P31997
O15235,P42766
O94805,Q9BQE9
O00401,Q9Y6U3
Q9GZR5,Q9NZ01
P08236,Q2M3T9
O14653,O15498
P49815,Q9BVC4
O94788,Q8N3Y7
P08581,Q9NP95
O60739,P15880
O75821,P62701
Q9BQ67,Q9BSC4
P57772,P61313
O75822,P62847
Q96EY7,Q9BYD6
O15118,Q5BJF2
Q9NP95,Q9UEF7
Q99999,Q9Y3R4
P05388,Q8N0Z6
Q86W42,Q8NI27
Q7RTV0,Q9HCG8
P28482,Q96BA8
Q8IYB7,Q9NQT4
O95433,P11142
O43927,Q9NPB9
P04424,P78540
Q9BT09,Q9H1C4
P57678,P62318
Q86XR7,Q8IUC6
P54646,Q86TI0
P05091,Q9NR19
P09669,P31930
P18124,P25398
O43583,P05198
P01730,P01906
Q02846,Q16518
Q8TDY2,Q8TEV9
O94805,Q9H981
P04626,P16144
P0CG47,Q99816
P28482,Q12778
O14965,P01106
P01116,P15260
Q15459,Q96I25
P19438,Q9Y4K3
O95822,P10515
P63272,Q7KZ85
O75694,P57740
P09619,Q13480
P51003,Q6PIY7
P56703,Q13467
P33897,Q96GR2
P04004,P05121
O75947,P17568
P20719,P31268
O14777,Q8IZT6
P28482,Q92934
P28482,P50993
Q13033,Q8WZ74
P07196,P07197
P01100,P25490
Q96CW5,Q96RT7
P23443,P28482
P61371,Q9BWW4
O15287,P27694
P60468,P62899
P09234,Q9BUQ8
Q15428,Q9NW64
Q13326,Q16585
O43678,Q86Y39
O00329,P61224
P23763,P51809
P51825,Q659A1
O95139,Q9Y375
P16520,Q5JWF2
P20815,P35504
P25789,P55036
P24928,Q9NZN8
O00459,P04049
Q9NVK5,Q9ULQ0
P20645,Q9NZ52
O14662,O95721
O00459,P41743
Q02833,Q96KQ4
O00626,P13500
P25398,Q9NYH9
P20226,P56470
P07900,Q9Y572
O60566,P14635
P02452,P02818
P42771,P53778
O15217,P11712
Q659A1,Q9UHB7
O14775,P57771
P57772,P62847
P02741,P19652
Q9BYN8,Q9Y2R9
P62750,Q9HB96
P60866,P62917
Q96CF2,Q99816
Q99942,Q9BUN8
P02788,P05814
O95429,Q9UNE7
P36543,Q6PJW8
P01137,P55103
O60869,P62263
P63096,Q99835
P01137,Q6YHK3
O60508,P42285
Q05193,Q9Y3D6
Q330K2,Q9Y375
P06576,Q00325
O95456,P82933
Q96E11,Q9HB96
P63208,P84022
P62312,Q9Y2W2
P62942,Q9BRG2
A0A1W2PQS6,O75821
P52952,Q6STE5
P51681,Q9Y4X3
Q7Z4L5,Q9Y366
P31350,Q7LG56
Q9BVW5,Q9HAW4
P01730,P31785
P22087,Q9UKD2
Q9NZL4,Q9P0M9
O14776,Q9Y3B4
P01024,Q15485
O43678,P14406
P62070,Q9NZL6
Q7LBR1,Q9H444
P28332,Q9HAY6
P33991,P56282
P33991,P49643
P02671,P02749
P06753,P63316
Q04727,Q08117
P21912,Q12931
P36406,P62837
P62861,Q9UNQ2
Q02413,Q9Y446
O95155,Q9UNE7
O95299,P28331
Q8WWY3,Q9BRD0
Q9NQ50,Q9Y2R9
Q8NB91,Q9HB96
O43920,P10606
A4D1E9,Q14197
Q13618,Q9H0C5
O95169,O95299
O75822,P62269
O15105,P36894
P26651,P53539
Q8NEJ9,Q96G21
P24385,P38936
P56962,Q9P2W9
P25398,Q14692
O43914,P06241
P10244,P78396
P00374,P17752
P04637,P04792
Q9BQ67,Q9GZS1
Q86YC2,Q9NW38
P60520,Q14596
P20336,Q96C24
Q96D46,Q9BQ67
P07900,Q00987
P17931,Q12866
P02656,P55058
P20749,P25963
O60911,Q07817
Q9NQZ2,Q9Y2X3
Q8TEL6,Q9NXF7
Q8N3Z6,Q9BWT3
O00161,Q9BV40
P17568,P24310
Q14191,Q15554
P10606,P56134
P13591,P60568
P12830,Q14264
O15056,Q96PE3
Q13145,Q9ULW2
Q16850,Q96IV6
Q13427,Q9BZJ0
O43678,O95168
P62753,Q9UNQ2
P49790,Q9NRG9
Q14562,Q9Y421
Q96HR3,Q9NVC6
P20248,Q02241
P25789,P28066
O43772,Q4L235
P38398,Q7Z333
O95777,Q9Y4Y9
Q9BYC8,Q9NZL4
Q8NEB9,Q9Y2I7
P09661,Q99459
O15553,Q16512
P01308,Q96EB6
P57740,Q9NRG9
P04004,P05019
O60231,Q15459
P29459,P29460
P62805,Q9BY41
H3BN98,P04233
P16410,Q9ULD2
P01137,P22301
Q00722,Q9Y2H2
P10914,Q92769
Q16363,Q9Y6N6
P62269,Q9NQZ2
Q8NCG7,Q9Y4D2
Q96B26,Q99547
O14777,O60566
P40818,Q8TEB7
Q92466,Q9NXF7
O95992,Q02318
P09467,Q9NQ88
P82663,Q8TCC3
O14775,Q8TCU6
P11142,P13569
Q9HA92,Q9Y2R9
P0DPB6,Q9NYV6
P62899,Q9GZL7
P08253,P14598
P83881,Q02543
P10398,P61224
P49815,P54646
P05129,P28907
P62877,Q9H9Q2
P20226,Q13487
P01137,P05112
O15523,P22090
P07996,P08253
Q6PJI9,Q96EE3
Q9H9Y6,Q9NYV6
P17861,Q13217
P06576,P56134
P43246,Q9NXL9
P56962,Q12846
P15586,P54802
P25490,Q9Y230
O94906,Q15428
O00566,Q99575
O43678,Q9Y6M9
P57772,P62269
O95168,Q8N183
P09544,Q9UBT3
P25024,P80162
P48556,P62987
Q01831,Q9UKL0
P15880,P82673
Q6NTE8,Q9BYC8
P63241,P82664
P35268,P57772
P14635,Q4G163
P35658,P61970
P48436,Q12857
Q9BQE3,Q9H4B7
P17535,P17544
P10321,P30511
Q13895,Q9H9Y6
P26718,P78406
Q643R3,Q6P1A2
P17812,Q13232
P56381,Q7Z4Y8
F5H6H0,O00425
Q6NVY1,Q9BYC8
P51946,P78396
O95406,Q9UMS4
P09012,P23246
P49023,P50552
O14561,Q9P0M9
Q8TCU6,Q9HAV0
P82933,Q15029
P10606,Q8NGF6
Q03468,Q15370
Q14574,Q99959
O00762,Q14674
Q9HBY0,Q9NRD9
P62877,Q13617
P05112,Q99665
O60885,Q96SW2
O00268,Q9NVC6
P01116,P28482
O43143,P17844
P11215,P34810
P04406,P12830
Q15650,Q96RN5
Q9GZV8,Q9H9S0
P62805,Q9Y294
P06576,P25705
P26358,Q96EB6
P60981,Q9Y281
P43405,Q9UBK5
Q8IWA0,Q9GZL7
O15287,Q14469
P23769,P25791
P12004,P33991
Q7Z6V5,Q9BUB4
O95972,Q8WVV4
Q96DH6,Q9Y6R0
P17752,Q6ZQW0
P00403,Q12887
Q9P253,Q9UEU0
P22090,P42766
O15105,Q13873
P57740,Q99567
O43752,P60880
O75832,P51665
O75934,Q15459
O00168,Q9UN42
O43741,P54840
P18065,Q7RTP0
P04233,P36578
P17535,P18146
Q15113,Q9Y6L7
E9PNW1,Q8WXG9
Q71SY5,Q9BTT4
Q8N1G1,Q96IC2
P27635,P57772
Q9C0K7,Q9H9S4
F5GZY7,O95210
P49286,P63215
P37173,Q9HAU4
P08648,P11047
P17612,P23443
P09012,Q9Y333
P11836,P11912
Q3B726,Q8NI36
P62861,Q9Y2R9
P29084,Q9Y3C7
P56192,Q15031
P22455,Q9HCT0
Q9NVM9,Q9NVR2
P09016,P31268
O43504,O75140
P49238,P78423
P28335,P41595
P29084,P50613
P38435,P78329
P15880,Q9HA92
P11802,P84022
P82675,Q9NW08
Q14674,Q7Z5K2
P00390,Q16236
P02452,P08648
Q9NQ55,Q9Y3T9
P02768,P54296
O14598,O14599
P52815,P82663
O00472,Q659A1
P63010,Q6ULP2
P62306,Q8WVK2
O14965,Q9BZD4
P08865,P82933
Q8N4Q1,Q9Y5J6
P21796,Q9Y3D6
O43174,P11509
P04233,P62917
Q4L235,Q96PD7
P02656,P06727
O60603,P17066
P45983,Q9NSK0
P62877,Q16665
P13010,Q9UKL0
O14745,P17252
O43741,P54646
Q8NE35,Q9NZN8
O14862,Q9ULZ3
Q92922,Q9H165
O00330,P09622
Q92769,Q9UQR0
Q96RN5,Q9H204
P51575,Q99571
P49840,Q9Y2T1
P22090,Q6NTE8
P01732,P10144
P60468,P62829
Q6ICB0,Q99436
Q13099,Q9UG01
P00390,P19440
P80188,Q6UX06
O15516,P20393
P08708,P69905
Q07955,Q15717
O43474,Q9H9S0
O60603,P09341
O00459,P10747
O00512,Q04727
P19174,Q13554
O00268,P0C0S5
Q9GZL7,Q9Y4C8
P51843,Q9H9S0
O00566,Q5TAP6
Q8NEB9,Q96PE3
Q8NHU3,Q9NY59
P11912,P43405
Q9BWT6,Q9P2W1
A0A1B0GU03,P07339
Q9H0U6,Q9P0M9
O43791,Q13829
P98170,Q13546
P01116,P07949
P42766,Q9NRX2
P24752,Q03426
O95239,P14635
P23515,Q96FE5
O15523,P08048
O14735,Q9BTU6
P35227,Q00325
P19387,P82914
P09012,Q9UK45
P27694,P35251
O60542,O60609
Q12933,Q5VWQ8
O75821,P62266
Q9UJX4,Q9Y547
Q16543,Q99832
Q8TC12,Q9HAY6
P27540,Q15370
A0A1W2PQS6,Q02543
P62318,Q8TEQ6
P27701,Q8TAA9
O00267,P50613
P05112,P05231
P62750,P62917
P35558,Q16822
O14775,P63096
Q15543,Q92759
O75807,P47985
O14920,Q16543
Q9GZP9,Q9Y385
P52732,Q9BZD4
P09651,P62318
Q8N427,Q9NVR5
P07327,P21397
P62877,Q9BSK4
P04070,Q9UNN8
P01137,P09038
P19388,Q8N7H5
P01031,Q9P296
P52701,Q9Y6H3
Q96EK9,Q9H9T3
P60006,Q8IXK0
O43172,Q7RTV0
O15213,P22087
Q9P0J6,Q9Y676
P12830,Q15223
O43186,Q96SL8
O14775,Q9HAR2
O14757,Q92547
P05112,P40933
P11802,Q06609
P01106,P28482
Q9UBU9,Q9UKK6
P42766,P53582
Q9BVA1,Q9NY65
P62269,Q9H9J2
P0DP08,P60568
P10606,Q5JTJ3
O75204,Q9NX18
Q13895,Q9NV06
Q96EB6,Q9BY41
Q5T200,Q86U44
Q92769,Q9UKL0
P05181,Q16772
Q9NZL4,Q9UNE7
Q5TD94,Q86UC2
P28161,P46439
O75955,Q99816
P19387,P46777
P46527,Q5H9S7
Q16763,Q9UJX4
P05112,P14784
P48436,P51843
Q14498,Q15637
Q7L0Y3,Q99714
P45973,Q86Y97
P30511,P43630
P21589,Q8TCD5
P19525,Q9Y6K5
P61586,Q9Y4F9
O60656,P11712
Q8IXK0,Q9UQR0
O95391,Q13427
Q9H0A0,Q9H583
P05198,P62917
O43674,Q16795
Q96EU6,Q9NQZ2
Q86YW9,Q9BTT4
Q16649,Q9C0J9
O00443,O00459
P0DP23,P51911
O75460,P17861
Q06187,Q9NYT0
P19387,Q15544
P26373,Q9HB96
O15230,P23229
Q8WUI4,Q9BZS1
Q14469,Q9Y4Z2
P46734,Q13546
Q9BVJ6,Q9NYH9
Q8TDY2,Q9Y4P8
P00505,Q9Y600
O00443,O14735
Q8TDY2,Q9NT62
Q5T200,Q86W50
P09012,Q9Y383
P22090,P61353
P40692,Q9BXW9
P49336,Q9NVC6
Q9H981,Q9H9F9
P01308,Q16623
P21589,Q16831
P04150,P84022
P16219,Q9BV79
P11831,P15173
P17568,P56556
P01308,P18065
P19838,Q96EB6
P55010,P62861
Q03701,Q9BVP2
O00483,O95168
O95721,Q9H4M9
O43927,P32248
Q13263,Q9H4L7
P11712,Q99518
P12034,Q86Z14
P14136,P48681
Q8TEY5,Q92793
Q9GZL7,Q9Y6V7
O15155,P49257
P25054,Q15691
Q14562,Q9NY93
P23258,Q9BSJ2
P35270,Q8IWU9
P05121,P08254
Q13838,Q9UKK6
Q02127,Q9Y3E0
P61619,Q9Y3U8
P02647,P18428
O00161,O00186
P61970,Q9NPJ8
P09067,P09630
Q7Z2W9,Q9H9J2
Q5M775,Q6UWY2
Q9BQ67,Q9UKD2
O43612,P30990
P04637,Q92547
P32969,P41091
Q8WVM0,Q9Y676
Q9BX63,Q9BXW9
Q9UJX6,Q9Y547
Q9H5J4,Q9P035
P82664,Q9H7H0
P04798,P20815
O75342,P22735
P23443,P31749
P16520,P61073
Q8NHQ9,Q9NY93
P09661,Q9BZJ0
O43513,P51948
O14777,P14635
Q92793,Q9NQB0
P36578,P62917
P16035,Q9Y5R2
Q6E213,Q92781
P14618,P51841
P02458,P48436
Q13405,Q9Y2R9
O00505,O00629
P03971,Q13285
P28482,Q9BUB5
O43623,P48436
P14625,Q9HCN8
O95602,Q9NW08
P08476,P10600
Q15398,Q8WUY9
O43674,P48047
P35250,Q13535
P16989,P24385
O95977,P08754
Q7Z4L5,Q9BW83
P06756,P49746
O00161,P51809
P40692,P54278
P63098,Q9NY27
P36888,P42336
P30279,P38936
P01137,P36897
P26373,P61619
P01732,P26718
Q9BV20,Q9BWK5
P19387,Q8WVC0
P11712,Q06278
Q9NRL2,Q9UGU5
P16234,Q9UQC2
P08579,Q15459
P57740,Q9UKX7
P42766,Q9H173
Q13247,Q86U42
O60231,P42285
P11388,Q15398
O95996,P25054
P19174,P29474
P53778,Q9UBK2
P49888,Q9HAW7
O00268,P49848
P55809,Q9BWD1
Q14562,Q9Y3C6
O95639,Q86U42
P02008,P09105
O15516,Q96EB6
O95843,Q02846
P55317,Q8WUI4
Q9BUE0,Q9H204
Q14088,Q9H082
Q16706,Q9BZQ6
O00268,Q92830
P24158,Q9UM07
P09622,P25705
P19438,Q9Y275
Q8N983,Q96EL3
O43520,Q9NV96
P42766,Q5T653
Q9GZL7,Q9Y3B9
P12931,P16144
P00742,P10646
P25398,P27635
P10109,Q9HD34
P07339,P10415
P11912,Q06187
P04150,P51532
Q12788,Q9NY93
P08574,Q99798
P01116,Q02750
P46776,P60468
O15232,P49747
P49815,P49841
Q16773,Q9H2M3
Q16849,Q9UQF2
O00231,P09919
Q8N0X7,Q9H8W5
Q9BWD1,Q9NR19
O95045,P21589
P60468,P62701
P55010,P62701
P42285,Q15061
Q9P0M9,Q9UKD2
Q71U36,Q8NG68
Q71F56,Q9H204
Q7Z4L5,Q96FT9
Q13635,Q9HAU4
P03897,P17568
P15153,Q92558
P10276,Q15466
O43674,Q86Y39
O00541,Q03701
P39023,Q8N0Z6
Q6UXH1,Q9HCN8
P15018,P40763
P53816,Q7L5N7
Q8IY81,Q9NY93
P62280,P82664
P24864,Q99741
P00505,P51553
O14610,P19087
Q92466,Q9UNS2
Q9H0E9,Q9UBU8
P11142,Q99832
P35998,Q5VYK3
Q04206,Q9Y5W3
P10144,P20700
Q92759,Q9Y3C7
P19320,Q14242
P47985,Q9BQ61
O00189,Q6ULP2
O75694,Q8NFH4
P00739,P02656
P19174,Q9BT78
O43612,P01178
P09917,Q14019
P55735,Q8TEM1
P56915,Q9UMR3
Q9H9J2,Q9HC36
P10145,Q9Y4X3
O75489,Q86YC2
P04004,P05556
O15504,Q9H1B4
Q9HAW7,Q9UGB7
P82664,Q9P0M9
O95445,P02749
Q8NAV1,Q9BXP5
P27694,Q14191
O00231,Q5VYK3
Q13769,Q8NI27
P22680,Q14973
P09496,Q96CW1
P84243,Q99877
O75792,P39748
O60603,P37840
P05177,Q13427
Q16739,Q8TCT0
Q15843,Q9Y4X5
Q14692,Q9H501
P28562,Q16539
P62318,Q9UDW3
P08579,Q96DI7
P49411,Q4U2R6
Q96AV8,Q99741
Q12866,Q16518
P13686,Q8NFF5
P00973,Q96DX8
O60331,P18206
P42766,Q15029
O95926,P08579
Q01860,Q9UJU5
Q12933,Q9NYA1
P15538,P37059
Q05519,Q13247
O75822,P63244
A6H8Y1,Q9HAW0
P29728,Q9Y6K5
P19174,P21802
P13051,Q9UBZ9
P20226,P62380
O95931,Q14781
O75694,Q9BTX1
P34932,P61604
P11362,Q07890
Q9P2A4,Q9Y2A7
Q8TCU6,Q9P2W3
P05109,Q7L7X3
Q8NAT2,Q96J94
O43707,P63261
P56202,Q16617
Q659A1,Q9GZS3
O14745,P35240
O95456,Q9BYC8
O00566,Q14690
O60244,P20226
P43357,Q13263
Q9HA77,Q9NSE4
P25054,Q9HB71
Q7Z7F7,Q96EL3
O75935,Q14204
P17947,Q6N021
P01732,P14784
Q86W42,Q96FV9
P18510,P22301
O43678,O75439
P31751,P49815
P05231,P19838
P21579,Q05940
Q13510,Q8TCT0
P25398,Q96EH5
Q92993,Q96EB6
O60306,Q9P013
P35244,P49005
Q00987,Q16665
O15239,Q9Y375
P31943,Q13148
O75638,P43360
Q02543,Q6DKI1
P30049,Q53HL2
P11802,P20248
Q14691,Q9BRX5
O95977,Q03113
Q14332,Q9UBV4
Q8N983,Q9H9J2
O60869,P15880
Q5JTZ9,Q96GW9
Q15428,Q9BWJ5
O60869,P62273
P14625,P17861
O43572,P10644
P62805,Q86U86
P40394,Q9HAY6
Q15208,Q7L9L4
O00220,O75509
P20248,Q9BPX3
P36954,P52657
P02741,P02743
P13569,P22612
O75340,Q99816
P27986,P35916
P04180,P11597
P62714,Q9NWZ3
P16499,P18545
P01189,P41968
O15123,P35916
Q99741,Q9HAW4
P01584,P13500
O96017,Q99728
Q9UBZ9,Q9UNA4
P57772,P63244
O00268,P62805
Q5JTZ9,Q9NSE4
O76021,Q13601
Q96EL3,Q9P015
O60542,P07949
Q52LJ0,Q9Y3I0
P62829,Q9P0M9
P17948,P35916
P55769,Q02543
P41091,P62847
Q9BTT4,Q9NVC6
O15530,P49815
P01024,Q16581
O14775,P51946
O43674,Q9Y6M9
O43513,P50613
Q9H307,Q9Y2W1
Q13326,Q92629
A2RTX5,Q5JTZ9
P30531,Q16623
P04275,Q9HCN6
P35398,Q13255
Q09161,Q8NAV1
P60866,Q9UBQ5
O43504,Q6IAA8
P01011,P02763
O75354,P36959
P0DPB6,P19387
O14561,O95168
P55084,Q9NR19
Q6WBX8,Q92547
P47985,Q86YC2
Q8NCR0,Q9Y2B1
P00325,P05091
P28161,P48637
P25705,P36543
P31273,P31274
P07954,Q99798
P30305,Q15759
P36543,Q13488
P31994,Q14314
P18206,P48059
Q6ZMG9,Q9NY59
P38936,P46527
Q9NWT1,Q9Y221
O00499,P02649
O75581,P56704
P28715,P52701
P63218,Q9HAV0
O95140,Q96TC7
Q96SZ4,Q9H9S0
P50440,P78540
Q13424,Q92629
Q5QP82,Q8TEL6
O15054,Q15291
O43752,O60499
P40424,Q9H9S0
P04637,Q16539
P25098,P78368
Q14442,Q9BRB3
P00915,Q07973
P05198,P41567
O95235,Q14674
Q15831,Q9Y376
Q8TDN6,Q9GZL7
P16333,Q99704
Q02543,Q8IYK2
Q15061,Q9H501
O96000,P31930
P39023,P84098
Q16539,Q9Y243
Q99832,Q9NPJ1
O43660,P08579
P29992,P49796
O00268,Q92831
P53350,Q02241
Q9NPJ6,Q9ULK4
P60880,Q15811
P62857,Q9NYH9
P09012,P09234
B9A064,P21589
P10276,Q13887
P05362,P19838
P49406,Q9HB96
Q8TCD5,Q9BXI3
P11712,P20815
P00747,P07996
P51116,Q14444
P09619,Q9NP95
O43847,Q7Z333
O43707,Q8WWI1
P02741,P08603
O14950,P10916
Q8NB16,Q9Y572
P24385,Q00535
P62314,Q9Y3B4
Q96AH8,Q9P253
Q68CP9,Q6STE5
O43156,Q9Y4R8
P41227,Q14CX7
P62917,P82912
P60568,Q07108
P28482,P62714
P53618,Q96KG9
P01023,P04070
O14776,Q07955
Q96EU6,Q9Y2R4
P84243,Q99549
P04233,P49207
Q9NW64,Q9ULR0
Q7Z5K2,Q8N3U4
P48556,Q6ZVN7
P21580,Q13546
O95299,P56556
Q15459,Q2TAY7
P01730,P01903
P25398,Q13347
P12830,P60484
P00491,Q9BV20
Q15633,Q9H6T3
O15213,P25398
Q07955,Q13838
P41091,Q9Y262
O43818,Q8NEJ9
P00748,P05155
P30926,P32297
Q9H501,Q9Y5J1
Q9BXJ9,Q9GZZ1
P06727,P11597
Q9Y5J7,Q9Y5L4
P27824,Q14213
P05089,P05112
P41091,P62269
Q9BTD8,Q9Y4Z0
O00303,O15371
O95402,P19387
Q4U2R6,Q9Y291
O00161,Q5SQN1
O43895,P28838
Q12888,Q92547
Q05823,Q9H6R0
P04233,P47813
O75969,Q15506
P62841,Q9HA92
P08865,Q9BYC8
P02042,P69905
P13674,Q02809
Q15428,Q6P2Q9
P30260,Q9UKT4
P17612,P51787
Q9BXS6,Q9NSP4
P42568,P63272
O43818,P62241
O95777,P08621
P12074,Q6YFQ2
Q02880,Q92547
P11161,P18146
P07477,P13569
P06576,P10606
O95999,Q12933
P55344,Q99437
P54578,Q13200
O75529,Q9UPT9
O75821,P62081
Q15370,Q9Y2U9
Q96P56,Q9H7T0
P14635,Q9Y6D9
Q6UXB2,Q99616
Q2TAY7,Q9UK45
P14635,P51946
P20815,Q9HAW9
P09629,P31267
Q14686,Q96RS0
A5YM72,P42357
P00390,P46439
P35250,Q8WVB6
O14981,P62380
Q8NHQ9,Q9NVN8
Q7Z7H8,Q96EL3
P00533,Q07890
Q14145,Q9Y2M5
O60568,Q96KQ7
P84098,Q6DKI1
P08195,Q01650
A2RTX5,P49588
Q15843,Q9UBW8
P49588,P56192
Q13895,Q9GZL7
P86790,Q7L1V2
P08151,Q14623
P0DP08,P24385
O43818,Q92979
P02452,P62736
P42766,Q9Y3B7
Q8TD57,Q8WXX0
P61586,Q99819
P28072,Q15843
O60674,P01116
P28482,Q05655
P09234,P62306
P55010,P60866
P62837,Q96CA5
P06733,P60174
P01579,P25942
O00401,Q92747
Q9NVS2,Q9UI43
P23508,Q9NYH9
O75865,Q7Z392
P25398,Q9BRX2
Q9BTD8,Q9Y4Y9
Q9NW13,Q9NZM5
P60468,P62750
O75489,P06576
P07333,P09919
P41220,Q13237
P22626,Q13148
O15155,O15498
Q16594,Q92759
Q5MNZ9,Q676U5
O00512,Q16695
Q9BYC8,Q9P0J6
P60953,Q99819
P08708,P22090
P01033,P01137
P55010,P62266
P09234,P62304
P01042,P30990
P62805,Q96LA8
P36954,Q00403
P06737,Q9NZT1
Q13564,Q15843
P11586,P31939
Q9NPH3,Q9UBH0
Q9HB96,Q9NRX2
O60563,O94992
O00469,Q02809
P16220,P24385
Q9GZV9,Q9NQ76
Q8N5H7,Q9BRG2
P04637,P18146
P84243,Q92830
P23526,Q96HN2
Q15428,Q15459
Q71U36,Q9H4B7
P51589,Q13427
O95813,Q9UBV4
P04004,P10909
P05198,P46777
P01579,P60568
P11172,Q9Y3E0
P25490,P56524
O14776,Q9Y2W2
Q9BQ48,Q9P015
P63173,Q9Y2R9
P01106,P01116
Q8WVK2,Q9Y4Z0
O95168,Q9NX14
Q08426,Q9BWD1
P49756,P63162
Q13895,Q9NVN8
P36543,P48201
O60869,P62899
P13688,P40199
P11279,Q969R8
P05062,P35557
Q96EL3,Q9BYD3
O60244,P50613
P27361,P50548
O60315,P12830
O60664,P20645
P26639,Q5JTZ9
Q12834,Q99741
Q14457,Q5MNZ9
P07585,P13611
Q53H12,Q86VF5
P25786,P54578
O95433,P31948
Q13576,Q9UKA4
O43482,Q9NSP4
A1KZ92,Q92626
P42680,Q13094
Q13503,Q5T200
O60563,Q03111
P02730,Q9NZD4
Q9UJP4,Q9Y2M5
P22087,P62861
Q9NX47,Q9Y3D6
P02768,P02788
Q99728,Q9BS18
Q9BWU1,Q9NPJ6
Q9H6L2,Q9NXB0
P27695,P78549
O43818,Q9Y3A4
P31749,P49840
P12931,Q00987
P25789,P28062
I3L0E3,P82930
Q9NW82,Q9UMS4
P23443,P23588
Q86U42,Q86V81
P51452,Q15759
O75487,Q9ULW2
O00566,P46782
Q14CW9,Q9UPT9
P41091,P60228
O00757,Q16877
O43933,Q13608
Q9BQ48,Q9BYN8
P20248,P50613
Q7Z4L5,Q9NQC8
Q6ZW61,Q9NPJ1
Q02543,Q9BYD6
Q02790,Q16543
Q9H9Y2,Q9UNQ2
O43921,P54760
P36954,Q7Z7C8
P84098,Q8IY81
Q4U2R6,Q9Y676
P14635,Q9UM13
P05112,Q6UWB1
P15502,P28300
Q96A35,Q96EY7
Q9BX69,Q9Y239
P02647,P61769
Q8WVK2,Q9Y4Y9
P61803,Q14165
Q92685,Q9Y673
Q9H089,Q9UHA3
P82914,Q99798
Q92973,Q9P2E2
O75116,Q9BUA6
P10916,P24844
P46439,Q03013
O15516,P35398
P60484,Q9UNE7
P48729,Q00987
Q9C0C2,Q9NZN8
P25398,P30050
P08621,Q13148
O15264,P51452
P00491,Q8IXJ6
O60830,P10606
P41567,P55010
Q15459,Q9BRD0
Q02487,Q14126
P09619,P29353
P62837,Q9H0F5
P05107,P32942
O95363,P49588
Q8NA03,Q99714
P46060,P61970
P04899,P09471
Q8N8D1,Q8TBF4
P01730,P41597
P14174,P17174
A6PVI3,P09661
Q8N157,Q9UPM9
P31943,Q07955
P18621,P84098
P38432,P54253
P00367,P00505
P04798,P46439
O95168,Q86Y39
P26718,Q12918
O95497,Q9H999
P51857,P80365
P15153,Q92569
Q9BT25,Q9H6D7
O75822,P46783
P56962,Q86Y82
P05198,Q9UBQ5
P17509,P20719
Q8TCZ2,Q9UKJ1
Q6NSJ5,Q8IWT6
P20226,Q13547
P28907,Q13423
O43639,Q8IZP0
Q6NUM9,Q8IZV5
Q16881,Q6YP21
P17980,P43686
P10914,P52630
O95168,P20674
P42766,Q9H9S3
P30405,Q08752
P27348,Q04917
O43272,P28838
Q99798,Q9H9J2
O00232,O75832
P35269,Q9NVC6
Q8N668,Q92624
P62877,Q8N7A1
Q12933,Q13546
P00750,P14780
P61254,Q9HA92
Q9NQP4,Q9NUG6
P08138,P27986
Q03426,Q14534
Q14690,Q9HA92
Q15650,Q71SY5
O60282,P19784
P28482,Q15418
Q13099,Q8WYA0
P84098,Q9Y399
P62269,P62917
P24311,P31930
O60906,Q96G23
P22087,P62701
Q86YC2,Q9BX63
Q15370,Q8IXH7
P01730,P04234
O43143,P62318
P02730,P06028
A4D1E9,Q9NRX2
P56282,Q9UHN1
P62263,Q9HB96
Q13263,Q9NU63
O14791,P02749
P02649,P02749
P42768,Q13094
Q9BXY0,Q9NZM5
Q6SJ96,Q7Z7C8
P82933,Q15648
P26639,P49588
O43174,Q06278
P61604,Q16740
O60840,P41595
Q9NVC6,Q9NX70
P08865,P57772
O95843,P43080
O75531,P20700
Q92922,Q9UNS1
Q15904,Q9Y5K8
P06858,Q07954
P60953,Q9NPB6
Q6STE5,Q9H165
P00734,Q96IY4
P02743,P02766
O75197,O95859
Q9BXF6,Q9ULV0
O15287,Q86YC2
Q09028,Q5PSV4
P19835,Q9NST1
Q06278,Q96GD0
P82914,P82933
P19388,Q9H204
Q9NXE8,Q9UMS4
P49756,Q7L4I2
Q01101,Q9Y4Z2
O95931,Q92800
O94761,P52701
P23528,P50552
O00512,Q86U70
P28074,P62191
P57772,P62263
Q9NQZ2,Q9NUL7
O15335,P17301
Q86SQ0,Q8N2M8
P23409,P23760
P35222,P56703
O00159,P35579
Q5MNZ9,Q8NAA4
Q12933,Q92569
P35638,P53778
O75643,Q9UMS4
P52732,Q99741
P68431,Q99728
P35244,P49642
Q14653,Q8IUC6
P52732,Q14807
O75197,Q9UBT3
Q03111,Q96JC9
P11802,Q16543
P09001,Q9UHA3
O43663,Q14807
O43633,Q9H444
O95466,P07737
P28288,P33897
P56381,P56385
P13807,Q9UQK1
P13535,Q9Y623
P51003,Q5TAX3
P01008,P10646
P17844,P52756
P84243,Q92831
P29033,Q9H9S0
O43719,Q15428
P0DPH7,Q9H4B7
Q96EY7,Q9Y3D3
P09661,P63162
O75916,P08754
O60841,P25398
P01222,Q8TDV5
P57054,Q9BRB3
P04004,P24593
P01730,Q9NZQ7
P10114,Q52LW3
P62910,P62917
O15371,P60866
P07437,P84098
O14684,Q16647
P08118,P49863
O00193,P63208
Q7Z460,Q8N2M8
P01137,Q14392
O15264,Q8WZA2
Q9BZM6,Q9UBK5
Q6PJT7,Q96ED9
P61158,Q9P1U1
Q52LR7,Q92993
O43707,P35579
P28072,P51665
P54886,Q53H96
P15153,P61586
P20248,Q99640
P42224,Q9Y6K5
Q96RT8,Q9UGJ1
Q9ULW2,Q9Y6F9
O43741,P49815
P33993,Q9UBD5
B7U540,P51787
P60866,P84098
P22695,Q00325
P20226,Q9NX70
O00763,O43741
P52789,Q9NQ88
P56282,Q9NRF9
P04233,Q8TD47
Q8TEK3,Q96EB6
P20618,Q99436
O95219,Q9Y5X3
Q6NUQ1,Q8WVM8
P00747,P04004
P38398,Q99728
Q99575,Q99714
P50552,Q7Z5R6
O94979,Q92734
P10997,P35318
P80108,Q7Z7B1
P46782,Q9UBQ5
O43914,P02745
P11511,P49888
Q08379,Q9H8Y8
Q1MSJ5,Q9BQ89
P28907,P43490
P61513,Q9Y3A5
Q8N511,Q96NT0
O15155,P46459
Q641Q2,Q9Y3C0
O75581,Q9UBT3
P01106,Q96EB6
P25788,P28072
P62191,Q9UNM6
O15516,Q10586
Q9NVS2,Q9P015
Q07326,Q92521
O15520,P09619
O14818,Q5VYK3
P49747,P58397
P28482,Q16539
P01562,P10914
P15153,P19878
Q15172,Q66LE6
P45973,Q71DI3
O14777,P53350
Q8TAT6,Q96EQ8
P62277,Q02543
Q5T1C6,Q9NZ01
O14818,P25787
P82933,Q9BYC8
P25205,Q9BVW5
O00401,Q9Y281
P01730,P42224
P56962,Q9P253
O15169,P04637
Q13601,Q9NY93
P32121,Q969F8
P42285,Q9NZM5
P20618,P60900
O15498,O75379
Q8IXM3,Q96EL3
P15313,Q8N8Y2
O75822,P62244
Q99871,Q9NVX0
P01588,P52333
O00566,Q9H583
P11488,Q9HAV0
P42677,P69905
O43143,P09661
Q16586,Q9H9S5
O15315,Q86YC2
O95059,Q9UKV8
P27694,P49736
O43674,O75380
P05198,P60842
P62805,Q9UBL3
P43686,P55072
P23229,Q16363
Q92665,Q9Y2R9
Q8TEB1,Q8TEL6
P49711,P84243
P14784,Q13241
Q8IY92,Q9BQ83
P12830,P14923
P53041,Q92526
P19838,P20749
O00459,P36888
P04233,Q14690
P68431,Q9Y294
Q8IVS2,Q9Y2R9
O60895,P30988
P06744,P60174
Q9BWJ5,Q9Y3B4
P02741,P22301
P22626,Q07955
Q9BZE1,Q9Y676
P02763,P02766
P28223,P29992
P63272,Q8N7H5
P49771,P78423
Q5T2D3,Q9BYC8
O15055,Q14995
O43776,Q7L3T8
P29992,P62873
P51580,Q92820
P30990,Q92673
P00734,P02749
P16219,Q08AH1
P05129,Q00722
O14910,Q8N3R9
O43809,Q05048
Q6P597,Q9UQF2
Q8N7U6,Q8NEH6
P08253,P13498
Q9UJX6,Q9UKT4
Q9BXA7,Q9UJT2
O15169,P49840
P01024,Q92496
P56381,Q06055
O43395,P62318
P35268,Q9UHA3
P09619,Q07890
O00488,Q02543
P25398,Q9BSC4
P42766,Q96EH3
O75717,Q8WVB6
P62308,Q96RS0
P08620,P09619
O76021,Q9NW13
P00519,Q99704
O75792,P49642
P61956,Q9UBT2
P46087,Q9H0A0
P42356,Q8TCG2
P51003,Q9H6E5
P05112,Q969D9
P14635,Q8NCD3
Q6NUQ1,Q9NP72
Q8TF01,Q9H307
P36954,Q75QN2
P04440,P30511
O60603,P09429
Q8TDI0,Q9BTC8
P28907,Q13976
Q92917,Q9BXP5
P63272,Q9Y5B9
P54803,Q9HA82
P01375,Q13546
P62280,P69905
O43678,P56134
P61247,Q9H0A0
Q9NZ01,Q9P035
Q9BVP2,Q9H0A0
P06493,Q15398
P25398,P68104
O75486,Q92830
Q15428,Q9Y4Z0
O43921,Q15375
O75807,P03905
P42285,Q5TAP6
P15586,P16278
P08708,Q13895
H3BN98,Q9HB96
P02778,P05112
P04233,P46776
P09496,Q9NZM3
P00338,P00505
P84243,Q99880
P42766,Q14999
P04792,P0DMV8
A8MT69,P27694
Q13615,Q96PE3
Q29RF7,Q8N3U4
P19387,Q9BTT4
O15234,Q9H307
P08138,Q9H213
Q6ZNE5,Q9H492
Q96DV4,Q9P0M9
O00626,P10720
P82930,Q9H0U6
P04075,P50053
P38646,Q16654
Q13163,Q9Y2U5
Q8IZ83,Q9NZD8
P68371,Q9UIF3
Q96IY1,Q9UNN8
Q96J94,Q9BXT6
P62266,P82673
O15335,P05556
Q5HYA8,Q9H6L2
O00459,P42702
P52815,Q96EL3
Q9H237,Q9Y6F9
Q92611,Q9NYU2
P20226,P24928
P12644,Q13253
O15047,O15550
O95478,Q9GZL7
P04049,Q16543
Q8WXX5,Q96BN6
O14763,Q13546
Q8IXM3,Q9H9J2
P09110,Q99714
O00459,Q05655
P14625,P27824
Q16819,Q9BYF1
Q9UHA3,Q9UQ80
O43688,Q9BX95
O43639,Q9Y2X7
Q9NX58,Q9Y221
P15924,Q14126
P09012,Q6P2Q9
O15054,P68431
P09104,P60174
Q6P1M0,Q6PCB7
P51787,Q96BI1
O75448,Q9BTT4
O75306,O75439
P0CG48,P48556
P09661,P52298
O14777,O43684
P23025,P50613
P62318,P83369
O43681,O43765
Q76N89,Q9BT67
P42858,Q9UKV8
P11172,P22102
P05113,P60568
P13232,Q01113
P01579,P10747
P23396,Q02543
P09848,P35557
O15213,O43818
O95251,Q8WYH8
Q9BX63,Q9HAW4
P11233,Q13393
P19387,Q9UNX3
Q02543,Q9UQ80
O14641,Q9UP38
Q16585,Q16586
O43741,P04035
O60306,Q14562
P48637,Q16772
P15153,Q04206
P56192,Q15046
Q71SY5,Q9H668
P20042,P60228
P62906,Q9BYC8
Q09161,Q7RTV0
O60522,Q96J94
O15105,Q9Y5K5
P56706,Q8N474
P82664,Q13084
P62266,Q9HA92
P57740,Q9BW27
O60906,Q8NHU3
Q14995,Q9C0J9
O43174,Q9BPW9
Q96CS3,Q9UKV5
Q07955,Q08211
O60896,Q13255
P07585,P98160
O00626,P61073
Q9H944,Q9NVC6
P13725,P14210
P29992,Q13255
Q9BPU9,Q9UPM9
P61803,Q9NRP0
Q13126,Q9BV20
Q04771,Q15796
P13500,P51684
Q9NPC6,Q9UBF9
P06493,Q14674
Q15393,Q9UMS4
P01589,P05113
P17987,P61604
Q9HB96,Q9NPD8
P09622,P29803
P08579,P62304
Q68CQ4,Q9Y6V7
O43395,P09661
Q2NL82,Q9NY93
Q13522,Q15172
O43482,Q6P0N0
Q8NES3,Q9UM47
O75575,Q9NRG0
O75586,P36954
P46779,P61619
P10606,Q9UI09
Q3SYG4,Q6ZW61
O14777,P20248
P19525,Q9NPP4
P25398,Q8WU90
Q9BYC9,Q9P015
P60953,Q15052
P82930,Q92665
P11413,P35557
Q9BYD3,Q9Y2R9
O14776,Q15459
P62249,Q9H0A0
P62877,Q99627
P0CG13,P35250
P62913,P82664
O00311,Q99741
P11712,P38435
P02649,P21757
P84098,Q96EH5
Q96EL3,Q9BQC6
O94907,Q8N474
Q8NI35,Q9NPB6
Q08378,Q9H3P7
P17931,Q08380
O43174,P00326
P27694,Q9UQ84
P06730,Q9UKV8
Q9HAV0,Q9UK08
Q7Z4H7,Q9NVX0
P16144,P20701
P19388,Q3B726
Q8TAE8,Q9BYC8
P63208,Q8IUQ4
P08620,Q86Z14
O00231,Q13200
O60895,Q5JWF2
P62318,P83876
Q9NVP2,Q9Y294
P52815,Q9H9J2
Q8NAV1,Q8WWY3
O14495,O60906
P62487,Q6UXA7
Q15506,Q9HAT0
P61247,Q9Y5J1
P84243,Q9BZ95
O95639,Q92797
P01588,P40225
O60603,P19838
P16220,Q14012
P56192,Q96DP5
P10916,P45378
Q0VG99,Q9NYJ7
Q13636,Q9UL26
O95402,Q9NPJ6
O43818,Q9NV06
O75379,Q13277
Q969H6,Q99714
O15541,P08579
P51787,Q9UNX9
P05198,P84098
Q02543,Q9UHB9
Q02543,Q9BRX2
P53778,Q9BY84
O43174,P28332
P01730,P60568
P62714,Q6P9B9
P01024,P07204
Q8WXC3,Q9ULZ3
O60583,Q15370
P22090,P82912
Q9BWJ5,Q9UK45
P82664,Q8IYK2
P17483,P20719
P08138,P20783
Q96EY7,Q9BYN8
Q00987,Q01094
I3L0E3,P82933
P49756,P52756
Q9BZL1,Q9UK45
O43299,Q6ULP2
O14556,P37837
P40337,Q15843
O00626,P32246
Q8NEC5,Q9H7T0
E9PNW1,Q8N8V4
O75807,P00414
P36954,Q9NV88
Q96EY7,Q9H2W6
P16499,Q9BY32
P62805,Q9NPJ6
P45984,Q13115
P01024,Q02985
O00327,Q96EB6
O43674,P30049
Q16572,Q9H598
O43143,O60306
P78504,Q06330
P19838,P63151
P62917,Q92615
Q9BS40,Q9UI42
Q13546,Q96HS1
P49674,Q04917
O00506,Q9NVK5
P17301,P26012
P48454,Q9UD71
P25788,Q99436
P05771,Q9H6Z9
Q9H8P0,Q9NZ01
P67809,Q9Y3B4
P28482,Q9UP65
P25490,Q9Y6Q9
P46778,P61619
P19525,Q96P20
Q12882,Q9NV35
P21333,P35579
P24385,P61024
O15264,P45985
Q9BXY0,Q9NQ55
P02649,Q86X55
O43815,Q9ULQ0
Q13895,Q9GZS1
Q7Z4L5,Q9NWB7
P49406,P82930
P49591,P56192
P01579,P15391
Q16540,Q96EL3
O95602,Q9H0A0
O00472,O60563
O14929,Q13416
P04792,Q92598
O14641,P25054
Q8NBZ0,Q9H0E9
Q8IXK0,Q9BS18
P60520,Q9H1Y0
P33992,Q9BTE3
Q6ZMI0,Q86UC2
P62917,Q92616
P05023,P14415
A4D1E9,Q6P1L8
P01308,P10997
O15259,Q9Y283
P46531,Q9NYJ7
O14561,P30049
P16520,P63218
P51449,Q9UL17
O60306,Q9NW64
Q96FZ7,Q9NZZ3
P46459,Q12981
Q99728,Q9BX63
O43242,Q16401
P01266,P02768
P22087,Q13895
O95926,Q2TBE0
P25787,P55036
Q13136,Q86SQ0
Q99741,Q9NXL9
P30837,Q9BYV1
P42285,Q9HCG8
P61254,P82664
Q86TX2,Q9NZ01
O15145,P68133
O00442,Q13895
P16219,P31937
P82664,Q8IVS2
P49790,P57740
Q9BQ67,Q9H0A0
O43674,O95182
Q9UHA3,Q9ULX3
O95445,P27169
P20815,P37059
Q9GZL7,Q9Y5J1
P07741,P21589
P39019,Q9NQZ2
P11142,P20336
Q9BUE0,Q9Y3C7
P43686,Q13200
P42766,P62081
Q9HAP6,Q9NUP9
Q99816,Q9BYZ2
P61353,P61619
A4D1E9,Q9Y3B7
P30279,P49918
O43929,Q99741
P02452,P08123
P04004,P49763
O15264,Q13976
P17535,P17676
P03971,P43694
Q92466,Q9NZJ0
P56539,Q16623
P51587,Q9BX63
Q8TAE8,Q9Y2R9
P01031,Q16581
P49356,Q8WUH1
P49848,Q6SJ96
P63165,Q00987
P08311,P35237
Q9NRX1,Q9Y5J1
P07585,Q15303
P09683,P62873
Q96S44,Q9NPF4
P10600,Q9NS15
P09017,P09067
P09622,Q96HY7
Q2I0M5,Q9HBX8
P06280,Q9UBX8
Q13033,Q9NVK5
P82933,Q9BQ48
P30154,Q15172
P08069,P08620
Q04323,Q9BUN8
P57682,Q13363
P14635,Q96S94
P08708,Q9UNQ2
Q9BYG3,Q9NY93
Q8WUD6,Q9Y5K3
P00390,Q03013
P15153,P52566
P26640,P49588
P30049,P31930
Q7L3V2,Q92843
P63261,Q01449
P15173,Q02078
P62857,Q9HA92
Q96EK6,Q9UJ70
Q14435,Q9GZV9
P04234,Q13094
Q13616,Q9UKT4
O43583,P55010
P00441,P04040
P36578,Q9HA92
P61247,Q13895
P55036,Q99436
O43447,Q9Y3B4
P54840,Q16821
P06280,P15289
Q96EY7,Q9Y3D5
P21589,P32321
P27694,Q9UNS1
P84098,Q96L21
P50991,P62714
P08637,P60568
O43390,P35637
O15371,P62081
P26718,Q9UBK5
Q15648,Q9BYC8
P09914,P19525
O43660,Q8NAV1
O95863,Q00987
P00505,P24298
Q13601,Q9H0S4
P09619,Q9HCT0
P31939,P49915
P31939,Q01433
Q16540,Q9H9J2
P29992,P51681
P27824,Q15388
O43921,P29322
Q12778,Q15796
P09619,Q06124
O14503,P49674
O94910,Q8IV45
O43237,P51808
Q9H6L2,Q9UPM9
P50613,P51948
O60741,Q9Y3Q4
P84098,Q9UHB9
P55036,P60900
P43490,Q9NRC8
P32248,P78556
Q01831,Q92466
P12074,Q9BQ61
Q86YC2,Q96B01
Q9BRT9,Q9Y248
P42126,Q08426
P03891,Q86YC2
P11217,Q6PCE3
P50750,Q14004
P26010,Q13477
P61024,P62877
O15235,Q99798
P20226,Q92759
P20815,P35503
P24864,P63208
Q9GZR5,Q9P035
P61619,Q9BVK8
P53634,P55957
P63272,Q08945
P18846,Q8TEY5
Q07973,Q8N1Q1
P28482,P36507
Q8TDN6,Q9Y221
P17612,P55011
Q13523,Q9BTD8
P09651,Q13247
O43474,Q01860
O00231,P28070
Q96QS1,Q9Y5U2
P19387,Q9H9Y4
Q15393,Q15428
P04626,Q99075
Q53F39,Q9NR55
P15498,Q9UBK5
P39023,Q9BQ67
O00444,Q66GS9
P06737,P46019
P19838,Q14653
P04637,Q9UKV8
P01116,Q8TDF6
P36954,Q9P086
P42766,Q96D46
Q14690,Q96EU6
O00268,P51948
Q9BWJ5,Q9NW64
P62917,P80217
O00459,Q06124
P30968,Q15726
O00264,Q5BJF2
Q8N5I2,Q99816
P35575,Q9NQR9
P40306,Q9UL46
P42766,Q9Y2R9
Q96G21,Q99848
P42285,Q12788
O43639,Q9P286
Q00537,Q8NHU6
P62714,Q05513
Q15650,Q9NVC6
Q13158,Q13546
P08183,P20815
P17480,P20226
Q9BQ67,Q9Y5J1
P16520,Q7RTX1
O14641,Q13145
P53778,Q9Y243
P20815,P26439
P35789,Q13263
Q9BQ67,Q9BQG0
P05165,Q96PE7
P11802,P55273
P04808,Q9NSD7
O15264,Q8IW41
O96008,P62072
P47895,Q8IZV5
Q6P2Q9,Q9H6L4
Q92917,Q99459
P02452,P17301
O95456,P20618
P22090,P62701
O00763,O95822
O00471,Q13563
P00156,P31930
P25398,P61619
P61952,Q8TCU6
P14317,Q9C0K3
P16662,P20815
P26717,Q12918
P28331,P31930
O43639,P15153
P25054,Q12923
Q02543,Q71UM5
Q15813,Q99426
P33992,Q7L590
P52701,P54277
O15230,P50895
P42766,Q9BYC9
O75821,P55010
P08708,Q9Y2R9
Q86W47,Q9UGI6
Q9BVI4,Q9GZL7
P14635,Q9HBM1
P61254,Q9HB96
P14136,P43004
Q13526,Q9H2X6
P25963,Q9Y6K9
Q14690,Q9HB96
Q8NHQ9,Q9UKD2
Q13601,Q9ULX3
Q15697,Q92917
P0CG48,P62877
Q6STE5,Q9C0K0
O14607,P08048
P19838,P51617
P07737,Q9Y6U3
Q6P9F7,Q8IWT6
O15498,Q9UEU0
P61266,Q15836
P17568,Q9Y6M9
O00566,Q9BVI4
P84243,Q92793
P56703,Q5T9L3
P51809,Q9H269
O60869,P46781
P28906,P28907
Q8N442,Q9P0M9
Q8N448,Q9Y6R0
Q93088,Q9UI17
P68104,Q05639
P00403,P12074
O75251,Q86Y39
O60306,P14678
Q14974,Q9BW27
P08579,Q9UQ35
Q8WTW4,Q9NQL2
O75838,Q8NEW7
Q8NEF9,Q96G21
Q9NY93,Q9UHA3
O00585,P19875
O14641,Q7Z3G6
P56703,Q9H237
P20226,Q92994
P56937,Q15125
O00203,O14617
P49721,P54578
P01116,P42336
P08514,Q99828
Q9UJX4,Q9UJX5
P33991,Q14181
P60468,P62917
P19438,Q9UM82
Q92797,Q96FC9
Q96CB8,Q9NVM9
P09919,P26441
Q12933,Q8N5C8
O95433,Q12931
P00450,P02788
P15927,P35250
P30990,Q99523
P52701,P78527
P10720,Q9Y4X3
P35914,Q99798
P15056,Q04917
O60563,O60885
P12644,Q13485
P08590,P12882
P54920,Q12981
Q9Y295,Q9Y2R9
Q13393,Q8WUD6
Q6STE5,Q9BQE9
P09619,P12034
Q9BQ48,Q9Y6G3
P05198,Q15056
Q8TEL6,Q9NV06
P01112,P01116
P15927,Q9BVW5
P35670,Q04656
Q92843,Q9HD36
Q02318,Q9Y6A2
Q53H12,Q9NST1
Q86VN1,Q99816
Q9NQZ2,Q9UNQ2
P43307,P61619
O95299,Q16795
P20042,P57772
O95813,P56703
O43752,P54920
Q06278,Q9NR63
Q9H0A0,Q9H9Y6
P20226,Q16533
P42766,P62906
P42677,Q9H0A0
P52948,Q8WUM0
Q16518,Q92781
P35612,Q9NZR1
P08047,P19838
Q9NTG7,Q9Y6E7
P21579,Q99584
P22087,Q15269
P02751,P07996
Q5HYA8,Q9UPM9
Q16625,Q8WTV0
Q15024,Q9NQT4
O43741,Q92574
P01579,Q9UL17
P51003,Q9BZB8
P46782,P60468
O75694,Q96HA1
O75616,Q8WVM0
P08048,Q9BY66
Q99075,Q9NPA2
O60393,O95972
P11802,Q13315
P0CG48,P62191
Q8TAE8,Q9BQ48
P16520,Q8TCU6
O14944,P21860
Q4U2R6,Q9BYD1
Q659A1,Q8N5P1
P22087,Q9UNQ2
O60573,Q96F07
Q15459,Q7L014
P06756,P20701
P78368,Q99835
O95777,Q9BTD8
Q8WWH5,Q9BZE2
Q15029,Q9UK45
Q14CX7,Q9BXJ9
P09038,P14210
P41091,P62244
O14986,O43707
P04233,P08865
Q14562,Q9Y6V7
P02656,P11597
O75821,Q9UBQ5
Q15750,Q8N5C8
O75439,O96000
Q14692,Q9NYH9
P42229,P60568
P19838,Q04759
P27824,Q8IVP5
Q9BQE3,Q9BVA1
P35398,Q09472
Q2VPB7,Q9UPM8
Q13105,Q92547
O75106,P27338
P49286,P63096
P49642,Q99741
Q8N3U4,Q9UQE7
P08253,P16070
P04637,Q13263
O43603,Q9BT56
O60341,O95863
Q6P996,Q9NZS9
P01583,P19438
P62266,P82664
O75694,P12270
P25398,Q6P5R6
O00161,P23763
O14641,Q9ULV1
P04844,Q8TCJ2
P19387,P29084
Q86TI0,Q9UGJ0
P63220,Q9UBQ5
P62861,Q13601
P61956,Q13263
O43174,Q8N3Y7
P09543,P14136
Q9H204,Q9NX70
P36954,Q15528
P68363,Q9BVA1
O60603,P34932
P02649,Q13093
P42285,Q9BWT3
Q13895,Q9Y2X3
O43678,P10606
P14625,Q9UBS3
O43172,Q15459
O75821,Q04637
O95639,Q9UKF6
Q07955,Q8NAV1
P25942,Q12933
O60869,P25398
O00566,P61247
P61964,Q01860
P08240,P42766
P18124,Q9HA92
O75976,P58743
P84243,Q92973
O43818,Q9GZL7
P02649,P98155
P28482,P28562
Q9Y221,Q9Y3U8
Q6YP21,Q99707
Q13547,Q92922
O75528,Q9UPT9
P38919,Q96QD9
Q06587,Q9BSM1
O00303,P05198
O00294,Q16518
P01116,P21802
Q02094,Q08999
Q16401,Q99460
P24863,P50613
P00390,Q9UJ14
P01222,P43116
O43159,Q9BYG3
P30049,Q96KJ9
Q3SYG4,Q9BXC9
P62753,Q13601
P19957,P23490
O60906,Q8N5B7
P54840,Q04446
Q15796,Q9HCE7
Q13356,Q9NW64
P79522,Q15459
O00194,Q70J99
Q8N4P3,Q9BYC8
P62330,P62491
P02452,Q9HCN6
P04004,Q07021
Q15428,Q8IWX8
P02452,P05556
Q96SE0,Q9HCU5
Q8WUI4,Q9Y618
Q92572,Q9H0R1
A0JLT2,Q9BTT4
P54578,Q93009
O00459,Q12933
P11021,Q92611
P0CJ85,Q14331
P15153,Q96N96
P09234,P09661
P25398,Q7L2H7
P78316,Q96EU6
P19440,P48506
P35637,Q12905
Q8IXK0,Q96DE5
O60869,P61513
O00204,P49888
P49286,P50148
P25789,Q15008
P31930,P99999
Q96JP5,Q96SW2
H3BQ15,O94808
P02741,P02763
P33316,Q9BXI3
Q9H204,Q9UKL0
P84243,Q03164
P04637,P84243
P20273,P21854
P10415,Q9UBR2
A4D1E9,Q96EH3
Q92620,Q9NW64
P31751,P46527
O15264,P61244
P19838,P62714
P06729,Q07108
P00480,P29474
P02655,Q96S06
P61586,Q9HAU4
P10916,P35749
Q96EE3,Q9NRG9
Q15286,Q16658
P05198,P08865
O94778,Q8IXF9
P19971,Q9BXI3
Q13263,Q6NUN9
Q9BV90,Q9Y3B4
P08579,Q96A72
A6PVI3,Q6PJT7
Q8WXG1,Q96C10
P60900,Q9UNM6
Q3SYC2,Q96PD7
O15519,Q9Y572
P40692,Q07864
Q8IY81,Q9Y6V7
O14957,P31930
I3L0E3,Q9BYC8
Q15628,Q9Y572
Q9BRD0,Q9UMS4
O60293,P51003
P15144,P19440
O14735,Q8N3E9
P80217,Q96C10
Q8NFA2,Q9HBY0
Q9BZE4,Q9UNQ2
Q8WV28,Q9UKW4
Q9BQ67,Q9BV38
P42677,Q9Y5J1
Q9NZZ3,Q9Y3E7
P09017,P31268
P59044,Q9ULZ3
P04233,P62891
O75592,P63208
P22087,Q9H8H0
Q9H0A0,Q9NV06
P16144,Q15149
O95479,P60174
Q15477,Q9NQT4
P08579,Q9Y333
P04070,P05154
O43791,Q9Y2M5
P05976,P10916
P50440,Q9BYV1
O75964,P30049
Q9H9S3,Q9HA92
P78556,Q9NPB9
O60603,Q9Y4K3
Q16222,Q96EK6
Q86YC2,Q8NB91
P24941,Q13416
P27824,Q9UBV2
Q9UHA3,Q9UI43
P19387,Q9P0M9
P54840,Q6ZSY5
P13385,P27037
Q15843,Q6EEV6
O75486,O75529
P82914,Q9BQ48
P42285,Q15024
Q15061,Q9NYH9
P09619,P12931
Q9BRT9,Q9BVW5
P43490,Q96EB6
P21589,P30520
P27695,P67809
P48200,Q9UKA1
O95685,Q6ZSY5
O60271,P38567
O00585,P51681
O15514,Q9BTT4
P62280,P82933
Q12933,Q9NP84
O60603,P01583
O00459,P01111
O14777,O15392
O75558,Q15836
O00541,Q9UI43
P33992,Q9Y5N6
P36543,Q96NT0
Q14562,Q9BW85
O00399,P52907
O75439,P21912
Q9BTE1,Q9NZ32
Q9NYJ7,Q9UM47
P05198,P62851
O15047,Q6NXT2
P13500,P32248
P46527,Q9BW61
Q15648,Q9BQ48
P22694,Q9UD71
O14920,P04792
O94788,Q96SQ9
P62995,Q13242
H3BNC9,P42766
O95936,Q15796
P00395,P10606
P36941,Q00653
Q8IXM2,Q9UGU5
P52701,Q9UQ84
O14640,Q04721
O14672,P49768
Q09161,Q13242
P48058,Q9UBN1
Q96C10,Q9BYX4
Q9HAU4,Q9Y6C5
E9PNW1,Q9H251
Q04671,Q13203
P10145,P19838
Q13601,Q15397
Q8WV28,Q96B97
P62249,Q9BYC8
P18621,Q9P0M9
Q13895,Q9BXY0
P11172,Q5EBM0
P62249,Q9UNQ2
Q12980,Q8WTW4
P62304,Q8N8D1
O00459,P12931
P25490,Q01860
Q6P1M3,Q9NPB6
P01730,P15391
Q12874,Q9UMS4
P02751,P18206
Q7Z333,Q9H0D6
Q96G21,Q9H583
Q29980,Q29983
O94805,Q9H8M2
Q9BRX9,Q9H6Z9
P12872,P30990
P56937,Q92506
O75419,Q9Y248
P09382,P0DML2
O75251,Q330K2
O43820,P35475
P07900,Q9UNE7
P32246,Q9Y4X3
P62266,Q9HB96
O60832,Q13895
O95863,Q15672
O75593,Q15796
O00499,Q8TB24
P04275,Q76LX8
P49257,Q9BS26
P25398,P47914
P52815,P62917
P22087,Q96G21
P60174,Q12996
P16298,P63098
Q13573,Q96BP3
P50990,Q8WZ74
O14735,Q86YW0
P82675,Q9Y2R9
O00746,Q9Y5L3
Q8NFR9,Q9UHF5
P02766,P61769
O14907,Q9H825
O15105,P62140
Q8WW33,Q96J94
P47985,Q12887
Q6STE5,Q8NFD5
P28330,P49748
P51114,P51116
P61619,Q9HA92
Q15819,Q9UNE7
P48556,P61289
O00463,Q15750
O60603,P02656
Q5JVL4,Q8NEH6
O95926,Q9UMS4
O14863,Q9NY26
O94907,Q9Y6F9
Q9H3J6,Q9H9J2
P62857,P82664
P51809,Q86Y82
Q8IWY9,Q9Y294
O43683,P14635
P63208,Q15843
A0AVF1,Q8WYA0
P00973,Q15646
P36578,P82664
P25398,Q96CT7
Q96G21,Q9H7B2
P35398,P56645
P15884,Q02363
O00220,Q93038
O15105,O75807
Q13889,Q9BTT4
Q8NHM5,Q9BSM1
O60656,P20815
O95104,Q7Z333
O95619,Q12824
P06493,Q99640
O14562,P43686
O00161,Q9H115
I3L0E3,Q9Y2R9
P42338,Q12933
Q86VZ5,Q9HA82
P07992,P52701
O15105,Q96J02
P05976,P35579
P49411,Q9Y2R9
P25963,Q8NEZ5
P16499,P19087
O75344,P07900
P61218,Q92759
P14416,Q969Q6
P09234,Q9BTD8
Q659A1,Q92541
Q06609,Q86YC2
P02671,P05546
O60906,P04062
P04233,Q9HB96
Q05469,Q9UGI9
O60733,Q8NCC3
P42357,Q96KN2
P49756,Q9BXP5
Q13705,Q15796
P10415,Q15173
P28336,P32247
P52732,Q9BVA1
P35916,Q9NP95
P49755,Q15363
Q7Z4L5,Q9UG01
Q96B77,Q9Y375
O15269,O95477
P25398,P69905
P04233,P82932
P42285,Q9H583
P19174,P27482
P04196,P05546
P82663,Q92665
O94901,P20700
Q15878,Q9UBN1
P13073,P31930
B7Z1P2,P63208
O14735,Q13496
Q16831,Q8TCD5
Q6QHC5,Q9NY59
P57772,P62829
Q6ZNE5,Q9P2Y5
Q16880,Q9HA82
P02788,Q8WWA0
O60524,P42766
Q7Z7M9,Q9NSC7
Q15848,Q96EB6
O00566,P62249
Q9BXT4,Q9BXT6
P17612,P19838
P16520,Q01064
P62851,Q9UBQ5
O60603,P02778
Q7RTV0,Q8N8D1
A0A140T963,O75351
P30281,P46527
O43776,Q9BW92
Q96N66,Q9NRZ7
O15145,Q9P1U1
Q09472,Q8NEZ4
P10600,Q99959
P82664,P82673
Q05048,Q10570
P62910,P84098
O15145,Q92747
Q92466,Q9UBW8
L7N2F9,Q15836
O00459,P78356
P49815,P62753
Q01130,Q13247
P10114,Q8TEU7
P12644,P18075
O43678,P56381
P38936,P78396
Q7RTV0,Q8WWY3
P37059,P42330
Q05639,Q6ZMC9
Q6UXA7,Q9Y5B9
O60573,P26639
P0C1Z6,P25490
O95718,Q9H9S0
P00374,Q96DP5
P42285,Q9H7B2
P23921,P33992
O00161,Q13190
O00401,Q15642
P62979,Q99436
P00390,Q9BUX1
P02778,Q99616
P01579,Q96PD4
P01308,P02649
P01222,P20396
P25685,Q16543
O43186,Q96KN7
P01023,P02766
P18206,P78356
P22607,Q9GZV9
P62191,Q16401
P51531,Q92785
P22090,Q13895
P63098,Q53ET0
P53778,Q8WZA2
O60264,Q92922
P54253,Q96I25
P84243,Q13185
P07327,P10768
P62805,Q92794
P14618,Q01860
Q96FV9,Q9NQC7
O75822,P62861
Q9BYC8,Q9Y3D3
Q8TD19,Q8TDX7
P15391,Q8WV28
Q8N122,Q8TDY2
P07327,P21964
O00154,P49753
Q8IY37,Q9Y5J1
P11021,Q9BUN8
P01588,P04141
Q14999,Q15843
O43678,Q86YC2
Q9BYC8,Q9HBH1
O00231,Q9Y5K5
O75154,Q9ULH1
P04746,P06737
Q17RR3,Q9Y5X9
P56282,Q14566
Q12816,Q13895
P25490,Q9Y5K5
P23511,P62380
P48556,Q0VF49
Q15370,Q96EB1
P40616,Q9UIL1
Q99757,Q9H3M7
P20783,Q99523
P28907,Q9NRC8
O75762,P01042
P33991,Q9Y5N6
Q02543,Q9HB96
Q96JB2,Q9Y2V7
O95471,P12830
O43320,P09619
P11387,Q9BX70
P61619,P63173
P82664,Q9HA92
P62877,Q93034
P18074,P19387
P00738,P01024
Q96NW4,Q9UL25
P10916,P12882
P62995,Q07955
P05181,Q6UWM9
P02647,P02768
Q9H3Z4,Q9UMS4
Q9HB96,Q9Y2R9
P43246,P54277
P11234,Q96KP1
P62820,Q9H8Y8
O75694,Q9NW82
Q5MNZ9,Q8IYT8
P82664,Q9Y676
A8MT69,P62805
Q15269,Q9H0A0
P23443,P30153
O15169,O95271
P51575,Q9UBL9
P42766,Q8N442
P25490,Q06546
P21266,P28161
P02652,P11597
P52630,Q15646
P60228,P62854
O43921,Q9UF33
O95251,Q9NXR8
P51654,Q9UBV4
Q03701,Q9BXY0
Q9P2L0,Q9UG01
O43525,P51787
P46527,Q969U6
O43555,P01148
P19387,Q9H944
Q06187,Q12933
P46439,Q16696
Q92552,Q9Y676
O60306,Q6P2Q9
Q15459,Q9Y3B4
P57772,P62861
P19388,P62877
O43174,Q8TC12
O15105,Q8N5C8
Q71U36,Q9UIF3
O15235,Q9BYC8
O75581,P25054
P23258,Q9NRH3
P15153,Q9UIW2
C9JE40,Q9UK45
P25963,P62837
P36954,Q6ZYL4
Q15637,Q8IWZ8
P24928,Q13526
P09629,P31268
P03956,P08253
P47914,Q02543
Q99741,Q9BRX5
Q9BRG1,Q9HAS0
Q96E11,Q9BQ48
P10916,P19237
P10145,P18510
O75154,P18085
Q14566,Q9UBD5
O00401,P18206
P11233,P60763
P06858,P11597
P60468,P62424
O75489,P17568
O15027,P49257
P60174,Q9Y315
P84243,Q9HC52
Q96EY7,Q9Y6G3
O60563,P24928
P62263,P82933
O95863,Q8WVJ9
P24928,Q7Z333
P35555,Q08397
P25490,Q9Y4A5
P60468,Q8TCJ2
O43818,P39019
Q15768,Q5JZY3
O95619,Q52LR7
P62857,Q9HB96
P36578,Q9HB96
Q13546,Q96P20
P10606,Q02221
P01730,P13232
O96000,Q9Y375
P01730,P14902
Q86UR1,Q9HBY0
P01730,P33681
P62424,Q9Y2R9
P62847,P69905
Q96EL3,Q96GC5
Q14061,Q9Y6N1
Q96BP3,Q9Y3C6
P46663,Q99986
P50613,Q15545
P63220,P84098
P06493,P46527
P20264,Q9BPX3
Q96PU8,Q9NPJ6
Q14197,Q9P0M9
Q5ST30,Q9HA77
P04040,P51659
Q86U38,Q9NY93
P19838,P45984
Q13651,Q6UXL0
Q14331,Q9HCG8
P16220,P18146
Q15398,Q9H0H5
O75106,P30838
Q02878,Q9Y221
O75899,Q9UBS5
Q96MN2,Q9ULZ3
Q96EL3,Q9BYC8
P22090,P35268
O95977,Q14344
Q12874,Q15428
P09001,Q9P0M9
P02649,Q8WTV0
P04626,P19174
Q9NWS0,Q9UHK0
P56962,Q15836
P43686,Q9Y5K5
P62318,Q12874
O60306,Q15459
P47813,P62917
P11172,P22413
P10144,P60568
O00483,O95299
Q9H2W6,Q9H9J2
P14210,P21781
P20618,P51665
P01266,Q92911
O43914,Q6ZMC9
P19838,Q16539
O00585,O43927
O14965,Q9NQS7
P39656,P61619
P61088,Q9UNE7
Q00987,Q9Y243
Q06609,Q9BX63
Q13561,Q9C0K3
O43741,Q8N122
P23511,Q03701
P52434,Q9NPJ6
P22680,Q02318
O00268,Q15545
Q96EB6,Q9UPT9
P25789,P49721
O43159,Q9NW13
P29460,Q9NPF7
P20226,P49848
P60880,Q8N4C7
Q02078,Q16539
P82930,Q9NQ50
O15155,Q96IW7
P13569,P51170
O15371,P41567
P33240,Q05048
A0A0A6YYL6,P25398
Q9BW85,Q9NW64
O14775,O60262
P60002,Q9Y5B9
P55039,Q8WU90
O43464,Q13489
Q8NEB9,Q9BTU6
Q15041,Q9HB96
Q9BV38,Q9NY93
P09012,Q13435
P08238,P53041
Q96H22,Q9NSP4
P49841,Q9NPB6
P20226,Q92830
Q07890,Q92529
O43674,P10606
O96000,P30049
P19438,P22301
P08138,Q16288
P55010,Q9UBQ5
P20336,P21579
I3L0E3,Q9BQ48
Q9H5K3,Q9Y2B1
P62979,Q9Y5J1
P37198,Q9NRG9
H7BZ11,Q02543
O96017,P33991
Q86UD5,Q9UBY0
Q8TEX9,Q9Y294
O95391,Q9UMS4
P50613,Q16514
Q96M98,Q9Y6A4
P09093,P48052
P52435,Q9BTT4
Q659A1,Q96CJ1
Q14442,Q3MUY2
Q6P2Q9,Q8NAV1
P63220,Q9HA92
Q6PHW0,Q6UB28
Q96EN8,Q9H1K1
O00541,Q9Y6V7
Q6UX04,Q8NAV1
Q9C086,Q9H0E9
Q02363,Q8TAK6
Q9UBB9,Q9UMS4
Q15428,Q8WYA6
P13500,P46092
Q15528,Q9BTT4
P27449,P55344
O94805,Q6STE5
O75251,O75380
P51398,Q99798
Q15269,Q9Y5J1
P04004,P08697
P62917,Q9BYD2
P14618,Q7LG56
P01178,P30990
P55010,Q04637
P20336,Q15042
Q03701,Q9UHA3
O43187,Q9NYK1
P19525,Q13546
Q9UKY4,Q9Y6A1
P19438,P50591
Q99595,Q9BVV7
P15408,P53539
O15235,Q9Y2R9
Q52LR7,Q9H0E9
P82663,Q9P0M9
O75448,Q9H668
Q5T5Y3,Q9BVA1
P60228,P62269
Q9BYC8,Q9UKD2
O14561,P10606
P30049,Q9UGL1
O60353,Q8N474
O14640,O15169
O15547,P51575
