Node1,Node2
5324,5351
2054,3008
133,4046
1736,2967
1042,4012
2997,4499
3980,5313
1356,1417
29,6054
2098,4107
1419,2953
1762,2498
1074,1818
1810,3137
3144,5405
3157,4284
2674,6566
2809,2826
178,2616
276,1811
2030,7234
1803,6110
1585,7202
209,6107
1861,7483
2546,4006
351,4786
3350,4439
3274,6983
2541,3852
1784,3335
3144,3185
1736,7226
2195,2547
2115,6991
2680,3485
1970,6500
731,3581
2301,2442
2677,2963
1314,6360
3144,4051
5111,6512
2094,3050
4939,5317
4049,4103
1736,2956
1941,2702
3925,6277
775,5334
1932,6249
5111,5125
3350,3479
2172,3689
1941,2803
3836,6013
5812,6395
3784,3850
3346,3463
1062,1435
3765,3998
4520,6001
2482,3717
2254,3735
256,5868
183,3384
4029,4719
345,3429
1372,2918
2826,7263
248,6948
4137,5166
508,3100
2273,3979
2559,3045
214,4480
500,6912
1721,4131
4796,6497
359,7452
769,5805
2661,3350
1955,6068
5812,6683
194,3248
1159,1363
1387,1803
715,7395
2116,3410
150,578
238,1725
2531,5883
3257,3259
1834,7178
1927,3611
1045,2372
6972,7213
3188,6831
1715,3550
3275,6975
2588,6510
1980,4658
3121,6038
4047,6518
338,3133
2920,4029
3284,6212
5793,5960
1736,2166
1834,3144
4582,5960
5878,7077
3150,4184
553,5493
2033,5834
1981,3699
2516,7148
4556,6590
248,6782
3355,4053
4480,5315
314,4049
4384,6584
3159,6820
3574,5792
384,2587
1479,2794
4517,5054
616,3131
508,5156
5857,6038
7431,3850
3486,4613
3160,3744
1428,5009
3364,3484
321,1415
1819,2822
1042,5346
1678,3021
3075,6590
6286,6883
4493,4574
6591,7147
3522,3744
483,889
194,2018
5805,6278
1007,1916
4280,6413
677,1259
2400,3047
3961,7108
4213,6972
268,1019
1086,1550
3350,6043
3733,3744
3144,4078
459,4458
4734,5132
6346,6752
4283,6365
3350,6074
1356,3079
2363,2333
1217,2236
2918,3053
312,3979
1276,4174
683,1482
3273,5857
928,1984
2895,3145
1537,6271
4078,5120
1443,2558
647,1884
2127,5493
4433,7009
3864,5506
1729,2550
3252,5490
2105,3119
2273,3880
57,6343
1473,2119
1227,3061
3185,5374
3936,6221
2116,2897
4133,6559
3076,3252
1358,3817
2727,5447
3260,4189
1227,3790
1045,3498
1766,3025
217,889
1374,3026
765,3622
1301,6425
1069,1722
1301,2136
4445,5313
3240,3350
2034,3289
2764,3360
1748,2247
764,3043
2909,6559
1069,1690
1543,1711
1981,5913
1486,3084
3533,5351
6332,7197
1661,1834
2485,6555
4437,6149
585,3185
3144,7348
2160,6343
256,4816
5252,5915
986,2228
4816,6044
5372,5918
673,4968
1479,5476
221,3223
1804,5313
3130,5725
5466,6162
2148,3231
4189,4418
1729,3665
2891,6850
1653,7442
2363,5428
2081,3643
3129,3923
4267,4647
312,7455
3888,5379
4268,6497
4030,4042
1572,7014
5324,5918
155,1060
3274,4439
2828,3979
2487,3058
565,2254
7442,2358
1356,5193
519,3458
1083,1818
5022,5996
240,1177
2030,4983
4549,4913
6944,7019
2175,6825
1486,1487
1918,5089
3908,6571
731,2401
2044,5693
2895,4030
662,2166
1614,6360
384,3386
1858,6981
508,3099
3201,3274
2835,6028
79,4177
2458,3058
3008,3043
4689,6224
1543,4048
3223,3539
4409,7290
1175,6469
7367,7381
412,3955
4833,7094
2997,4003
3008,3143
3350,5464
217,6746
3031,3319
4421,5178
886,950
1039,2385
6320,6360
19,4288
335,6318
4517,6214
66,763
1736,2592
5355,5571
3008,3118
4134,5529
2790,6208
4577,7348
4751,6843
1417,3959
1207,2766
3047,3403
3879,4335
589,4775
2485,5986
995,3172
469,3045
1818,5351
5056,5748
4531,6006
268,2439
7442,7225
5649,7278
1659,4589
2828,7455
3384,4478
5156,6670
3887,6114
5505,6597
1668,5012
5648,6627
1736,4096
718,1834
5540,6752
3833,5134
3026,6135
2946,5181
1177,3281
1177,3111
2101,6592
5026,5181
3019,6469
2068,4642
372,3147
3758,5558
2828,3880
1495,2155
2096,7021
765,3116
4417,6752
6583,6606
4843,5918
2349,3758
4439,6883
1478,3313
3486,3497
1177,2840
2353,2934
3706,5002
408,450
1177,2408
3611,6523
3350,5427
5602,6822
1430,3026
2030,6149
178,443
933,2834
1731,1761
2828,3837
3313,5237
585,4968
1400,3237
1089,1519
853,1691
1281,2564
2050,3119
1430,2435
2865,3185
1482,5065
686,4653
6038,6265
1259,3354
6556,7094
3648,7378
1926,3171
4480,5176
541,6942
3321,7089
836,6402
1702,7348
666,1236
1223,1621
4349,6122
2116,4377
1092,2687
3633,5208
601,3121
399,5351
3157,6738
3744,6072
2053,3836
300,3275
402,1121
3486,7254
627,6921
6006,6434
1986,6006
5092,7009
1063,1298
3252,4614
2498,6126
1811,1857
739,2519
128,5033
6393,7009
3586,4639
345,2500
147,6432
5384,5529
3076,6360
2275,3223
204,3611
889,7226
1819,2448
1659,2223
5233,6152
124,961
6166,6746
1904,6760
4554,6289
4189,5416
763,1376
1148,1818
1417,4157
4297,6128
247,4479
3682,3945
3399,6159
6946,7036
1803,6466
5569,5974
7044,7379
3252,5504
222,5786
3022,3274
508,7156
174,1754
1186,3144
1227,3802
1008,1235
853,1482
1695,1784
1803,6911
1103,3452
1133,1482
1278,2679
617,3255
4773,6660
174,1249
3199,5755
1062,2932
2498,6883
1439,3036
108,501
1534,2542
3838,5812
3135,3252
1224,3157
6042,6746
372,5361
1090,1502
6779,6865
2045,4703
949,7288
3744,5886
502,6239
1074,1617
338,2821
2244,2797
1534,2200
2527,6621
1638,3961
1942,3058
1227,3110
87,3350
721,6466
3854,4835
4922,6660
5624,7325
3586,4085
5483,5675
1636,3046
3172,5059
1134,2228
650,4526
3129,7235
3156,3284
3939,6064
3920,4255
457,2377
3654,6752
2460,3147
2434,4757
946,3275
1283,2627
2116,2502
5719,7244
4029,6831
1112,2070
16,2828
6111,7156
2433,6752
1184,3772
889,2166
2207,3125
1815,5023
1336,4489
5436,6554
3497,3983
3150,3382
2631,5823
3432,3485
2460,2688
1803,5240
2676,2895
1094,3202
5099,5409
1074,2085
1221,7069
3384,3696
1312,6276
2030,3141
1202,7135
4462,7382
2381,3808
3275,7110
1195,2932
447,3983
375,5271
967,2552
1034,1089
3932,7094
1149,6660
2180,3340
941,3319
174,362
1402,3265
998,2204
2784,3248
6109,7178
2290,2731
5317,7332
4189,7230
346,662
3994,6883
813,3984
6077,6059
1756,3320
3737,4093
3023,3129
7322,7406
5690,7276
1083,1782
2691,2992
969,7052
2570,3202
3884,5944
5477,5574
2378,5817
2889,3577
167,3157
3065,6738
3344,6485
313,4313
2543,3173
4198,7178
5960,6173
2887,4757
2030,7322
5734,7315
3854,6741
939,6575
87,2498
6381,6475
150,6908
1847,3446
2166,2966
1301,2721
3115,3959
3144,3631
6484,7239
1918,2398
2949,4544
1475,3442
5002,5136
2669,5857
2865,7348
1045,2605
5252,5621
1514,1635
2022,2037
3252,6360
7445,2876
1330,5354
107,2743
1225,1799
1110,5277
57,6754
1514,2328
3726,7018
1390,1707
1768,3815
984,1200
5329,5369
4968,5288
2587,6825
3252,3260
587,2828
3384,4796
4138,5109
6715,7233
174,1499
1224,3425
1653,3349
3208,3673
383,5429
3334,7160
459,5349
3151,6738
736,1443
2955,3391
1514,3385
6597,7200
766,5692
1941,6475
2976,3182
2081,5837
1949,4496
1482,5798
5415,7171
3696,5006
351,1174
1799,2091
508,4268
2038,5261
3082,6883
2116,2558
359,5855
1045,3902
194,2505
6057,6883
1430,3119
1443,2037
2742,3497
6606,6911
1045,3446
3562,3949
7442,4786
2101,2413
2353,6410
526,2137
2878,6162
483,6912
4500,5317
1892,7245
3025,7293
790,6667
1591,6875
1509,1605
468,1766
1207,2578
1024,3396
3144,4423
5060,6104
3025,6572
5878,6240
1392,7165
858,7132
7319,7334
2303,3157
1227,6506
3384,7266
6277,6921
3123,7156
6883,7234
4029,6316
2415,6825
704,5945
406,599
798,7428
1241,4115
2971,5064
2043,4029
1801,1918
4406,6038
722,5918
3028,3090
893,1799
3961,5942
2027,2877
2054,7156
209,314
2572,3398
3257,3284
3651,6078
745,5003
1577,7284
2866,3059
5814,6711
1020,5693
319,6350
4169,7163
3172,5052
3669,5331
1402,2834
1678,3350
5518,5540
197,1278
5346,7414
551,4609
2189,3572
3130,5942
3058,6782
1184,4794
1479,7153
3744,6605
3572,5352
831,6972
3275,6959
338,5198
2735,6735
3979,5451
2451,5818
3284,4928
3076,3896
3252,6746
454,1658
6004,6505
7230,7367
5335,7331
1087,1594
865,4876
267,6141
3359,7075
561,6767
1667,6700
6331,6482
4435,4613
3826,5136
6686,6687
889,4096
4495,4613
1804,6590
5866,6331
1591,2253
4796,6300
4288,6590
1964,6061
1029,1473
3150,3599
1178,1354
2811,2828
1561,1578
3384,6329
1430,5739
2377,4577
3979,5850
1205,6089
519,552
5159,5763
5346,7054
1958,4389
159,946
2731,3197
6038,6175
5066,7254
1441,3746
2434,6025
660,1344
4834,7367
164,2628
4920,6755
2498,5826
2809,3075
1328,5541
7488,6364
324,323
1585,3163
2198,4968
2116,2580
2082,2365
1851,2977
3266,6482
764,3105
616,2577
2270,3144
2963,5814
3252,6218
4762,5120
3486,3607
1978,5351
2081,4452
5268,6772
67,263
1125,7430
2834,3961
2896,7091
3160,4029
1564,3746
4899,6048
1714,3485
17,3157
182,4012
2274,7173
3150,3269
5931,5992
2695,3076
1827,3000
960,3837
3252,5444
1612,4197
4365,4456
1571,7045
3583,7102
148,5389
7473,7178
2558,5748
4389,5168
616,3123
2728,6879
84,5817
1312,3626
5383,7345
2833,6190
976,6354
853,4757
1885,5817
39,998
3259,5481
1092,1108
1322,6425
4256,6149
150,324
5593,5641
1251,2905
700,7226
2382,3129
5444,6038
5831,7127
5795,5811
3045,5953
454,1628
5495,5996
2895,2920
2325,5191
1236,7135
3586,5628
1956,4770
3274,4293
4970,6240
1788,2116
2112,3119
1711,2705
3758,4790
4424,7200
5283,6564
3275,4779
1829,5331
348,6604
3384,5124
310,5060
1659,3798
3572,6153
523,1729
4813,6849
5287,5978
608,7478
4196,7378
2024,2645
2013,2558
3076,3909
3008,3105
1074,1171
194,2640
2548,6883
1466,2043
449,5164
3147,3157
5471,7300
121,3145
651,2991
3158,3180
744,7448
794,2965
3618,4077
683,1270
3626,3936
4328,6742
2758,4053
5304,7111
375,5667
497,3580
174,2553
2745,3478
3928,6304
3107,3744
3061,6883
2098,3226
5518,7200
3095,5773
2705,3309
1904,3647
1219,1328
1318,2866
699,2698
4222,4905
3282,4011
3213,7220
5360,6300
3519,3744
4268,6300
1446,3205
1668,2617
4775,6645
1934,3216
5494,7304
2840,7367
695,6746
3933,6584
2794,3145
1256,1852
2037,7324
2577,6752
2451,3707
4968,5460
2068,2095
575,3134
5309,5350
980,5842
3108,7089
2565,7200
94,3266
1803,3150
5136,6115
6401,7089
3274,3892
1392,1410
1002,1235
5292,7308
687,7141
2986,3144
589,6017
3344,4226
585,4180
256,3309
1177,6747
4246,4349
6286,6283
3744,6608
2983,7264
3144,3267
1356,6390
1662,7458
453,491
3172,7221
1200,3485
108,3535
2049,3439
1473,7384
1291,2480
1307,6495
2116,5303
2112,2895
2116,6383
3539,3988
900,4012
3152,3252
1970,2727
950,6262
2077,3309
194,6439
1223,1829
3129,3408
508,5475
1620,6207
290,699
3094,6545
1942,3689
483,700
831,3115
2329,4147
2737,3076
3900,7156
6738,7125
3008,4782
2789,3026
2946,2994
3104,6718
1647,1946
895,6190
2392,5493
3338,4392
1901,2809
2174,2943
3252,6043
1766,2043
3085,6825
384,2569
2518,3022
442,1892
1317,2924
1491,1600
4435,7254
1636,2249
946,3443
1533,2750
3157,3274
768,6998
3463,4652
4195,7142
1343,3401
186,5064
4197,6307
2105,2794
508,3224
2250,6590
6078,6221
3157,3467
2794,4030
6683,6965
933,1356
998,4131
1313,3377
5477,6366
2531,3145
1049,2212
163,3391
1621,6410
5026,7260
1866,3343
3409,3751
6252,6947
3172,5583
3153,3157
3384,6497
797,4929
3983,5995
3350,4312
242,3560
2992,5806
1069,1430
442,7394
1385,1864
2368,2460
1283,4053
1893,3628
770,5201
5295,5505
1131,5351
3574,5510
352,4012
2565,3008
2491,3313
2326,2516
642,7382
5375,5812
3144,3536
1249,1415
3265,4982
765,2895
1372,3696
299,1659
317,1768
1729,6425
998,2882
1895,6281
4170,5929
2244,3248
3058,7033
3906,6484
2377,3980
4614,6718
1242,3205
1799,2659
1434,2626
1970,5873
2425,3989
1573,5812
3260,5817
1395,1629
3120,3917
1434,1706
3433,7021
1227,1792
194,222
6539,7009
52,541
2185,5099
57,6707
672,6191
3620,7073
917,2485
1479,2038
3350,5416
1069,3828
442,1633
4526,5953
2037,2427
3269,4012
3156,6038
3290,3586
296,3196
657,4280
1074,5867
1610,5250
1417,7089
3275,5390
1529,1537
3022,3107
1569,2414
4478,6883
2180,7149
2381,6434
4582,5852
1885,2607
4643,5711
1970,4735
788,986
3353,4075
261,1097
5181,5495
2331,5885
1918,5826
1666,3026
1092,1097
3275,4918
3284,6708
2379,3420
2050,3882
3022,3139
3837,6248
2038,3433
332,4012
2115,6524
5446,6609
2068,3000
1415,1507
1731,4044
209,3871
5179,6766
3076,3111
890,2029
3763,7058
501,4883
3115,5217
1743,1756
577,7289
244,1219
1584,2305
3820,5863
1205,2176
3144,4101
6149,6983
6972,7317
4293,6331
616,3121
694,1413
2865,6606
5410,6038
327,2572
1069,1777
1146,3379
500,3341
5696,6046
2649,7159
5045,5046
6038,6580
5630,5758
1086,1114
1083,1110
3961,7246
3390,6672
3060,6111
3912,5002
2195,4904
3843,6111
2048,4214
2575,3008
3754,4713
2558,3307
616,3160
2765,3612
1180,2997
1177,3138
585,3742
4889,7242
1357,2127
3047,3137
2983,6947
35,494
6606,7302
4504,5993
763,3061
6349,7155
5118,6497
2528,5838
133,702
4356,5355
384,601
1504,1811
5688,5695
1348,1713
2743,7065
5108,5593
2893,6128
3744,6919
4775,6067
2485,3384
2494,3773
599,6383
6339,6884
3384,6608
5977,7094
1019,1415
3123,6883
2415,3274
1357,2244
190,4551
3354,4378
4500,6986
2419,5299
133,6294
1117,3913
5355,6936
950,6816
2997,4094
2110,2169
5251,5438
3495,4283
5414,7094
5853,6883
1502,3314
1665,6999
1029,2015
1814,2932
2223,3313
2587,6346
6656,7263
1218,3746
5376,5713
6746,6752
3837,7130
1649,3010
1420,3165
3223,4001
645,3252
3151,3274
1515,1756
26,662
2950,5299
4440,6574
2834,4689
6149,7215
2742,3618
1270,5591
1934,1970
3979,5544
1553,3749
1511,6093
5657,7126
1961,5380
3889,4712
3626,4077
533,2756
1125,1584
3834,5331
2732,3611
3702,7362
2993,5582
148,5513
5,3881
1799,5791
1901,2754
2031,2733
4478,6486
267,4237
4613,6744
6841,7117
3173,7200
1473,2150
257,6467
1316,4044
345,1029
5978,7098
333,1534
3266,6066
3107,7094
2742,6106
7044,7235
2821,6705
989,4574
3696,6149
6114,7375
66,384
1045,2800
1824,3237
2166,2968
1736,1997
1457,4168
3054,4029
4272,7009
3811,7320
148,2862
1064,1205
6803,7369
342,3266
3008,3131
5362,6263
541,6427
1092,5300
987,2098
4407,6269
1860,2228
1834,2809
4461,6276
2516,2875
2713,3096
144,1659
1430,2447
1356,2834
933,3534
2611,4014
268,6634
5878,7256
3025,4718
1317,1573
2992,4602
3266,5070
1963,1982
2376,5009
3042,3172
2034,3076
977,6515
925,5776
1537,1939
2490,3439
1570,5332
26,699
2228,4749
734,6318
1074,3453
6608,6663
2056,2541
5118,6608
511,2874
1002,1097
3284,6331
3490,3572
2656,3160
4242,6125
5408,7384
1274,3144
1803,3568
1725,6341
263,1301
4029,4463
3138,7094
1156,5817
1584,2475
1738,6509
3255,3258
1644,2440
1810,3834
2754,5737
807,2101
1009,5787
1918,3696
933,4186
1803,5313
163,3793
2858,3268
5110,5763
272,2733
244,526
3923,6657
3046,3248
7469,5166
3125,5465
593,3836
1446,4128
1027,3542
1639,2387
2379,4444
156,3696
574,6475
2378,3254
3008,3157
1665,3293
2034,2965
1356,3651
2274,6521
3115,7089
453,2674
5350,6272
1218,3374
2558,4051
72,1799
2216,2828
2616,4853
3326,6417
635,6905
1180,3437
4834,5518
731,6833
2485,4355
5049,5086
598,7345
3674,5134
2607,5625
2013,3354
1187,2539
3480,5896
1895,6160
831,5193
3156,4029
3102,3391
6158,6876
1200,4806
2420,7089
6467,6841
1032,3498
3666,7131
3635,4020
714,4099
869,7407
1157,5178
2563,6831
1569,7357
3120,6931
3229,5279
4643,5015
3107,7200
4075,4768
5536,6654
2030,3008
189,7146
2616,3050
3156,3350
312,491
384,3139
1467,3208
1283,3464
3538,7260
3534,5877
810,1069
271,1665
840,5814
3390,4772
3061,3696
3332,6879
186,3744
1714,2196
3346,6898
1246,2803
399,6107
1298,1846
1397,2308
302,2558
3204,6111
5797,7342
1208,1584
1652,4086
5181,6526
494,793
2895,4538
3696,7322
755,1668
3252,3259
946,5756
2155,2174
5134,7377
1437,2377
2415,3022
4613,6272
541,5035
3257,7200
7444,4115
5817,6057
1442,2564
2663,6165
1243,3076
3759,4352
101,1895
467,5812
3094,3935
526,1249
3157,7113
1714,7003
3979,5522
6627,7089
1283,2472
79,4943
2498,3161
3321,3486
7200,7265
60,6767
1159,1769
866,5429
1834,5965
2962,7278
5203,7150
3090,3721
494,6690
1184,6979
628,3684
179,3886
4680,6752
489,3998
2049,3032
5120,5324
4225,4435
5852,6211
1511,4392
1984,3045
617,6746
3138,6300
3653,5877
1392,2445
3284,4680
1205,2040
4214,6052
3252,3257
1341,1842
4152,6149
1754,5835
3085,3274
2030,2415
777,4711
17,6825
2292,3451
1008,1030
1207,1468
174,2000
2296,2866
3744,3854
4134,6883
425,7131
5002,6730
3141,6360
647,2778
972,4757
3160,3313
5469,6149
3906,7406
4336,4522
1301,1500
950,5475
2948,5193
67,3405
5181,5788
987,1442
3107,5529
883,7395
1205,3026
1184,2033
138,5644
476,6475
183,5919
786,2166
1039,1903
2422,3345
2194,6584
2281,2704
150,3051
585,3992
2745,4589
2048,3119
1039,6546
3519,5529
1443,2043
1690,3998
1108,1112
2460,3105
587,3344
1482,2139
628,4530
1839,3574
1777,6736
240,384
1003,1024
1175,4808
1953,5868
3600,6883
3252,5866
6043,6752
5346,5761
3744,5529
2144,5931
3156,5857
3550,6906
5351,5843
1228,6038
2794,2920
6801,6878
1202,1348
2642,3713
1272,1918
668,1665
385,6250
498,3983
4767,5844
508,3142
235,3823
2077,2807
3125,5105
2013,3794
5317,5993
228,2269
1216,1466
7015,7092
3110,3696
3284,6539
2899,3309
2281,6946
875,7226
5992,7263
2198,6190
41,5842
2363,3041
508,769
2345,5782
1402,3534
3952,5853
530,1343
5745,5852
3384,5138
1819,2000
2050,2690
1563,2068
1009,7458
2244,2505
500,991
1690,6410
630,4982
385,5146
3869,4775
1962,7200
3909,6038
1923,6132
651,5702
5747,5750
348,4202
1729,3498
647,1883
89,5593
2797,5290
4512,6001
2846,3011
866,2559
124,4012
5850,7155
3274,5289
3115,5648
2762,4480
4480,6301
3585,6986
2531,3173
1185,6006
2064,2440
779,1356
5878,6698
2584,6121
1317,1423
1040,3229
3586,3686
5082,6576
183,6625
3696,3744
2013,3620
1092,1276
1266,1684
1753,5243
629,1503
1939,7395
1319,2458
267,5594
3754,4229
3698,4775
3258,5505
7258,7367
2101,3705
3574,5801
889,1997
4359,7107
174,3490
2570,3744
5841,6930
1443,4560
1417,2948
1638,6272
1316,7467
6179,6464
1647,3187
1711,2381
5005,5418
5136,6122
1799,3490
1159,1202
2509,5610
1013,1811
3653,6744
899,2221
4803,4875
1117,1519
3266,5481
5931,6620
1811,4299
3126,5877
3259,4614
2453,2734
738,1236
4281,6240
3627,7396
3115,3961
2125,2803
415,5733
1052,1123
980,3019
3129,3440
3022,3173
5532,7178
4487,5794
2582,6300
1611,2074
662,4757
1514,4145
1372,2030
2928,3485
3350,6111
6111,7266
3983,4213
4462,6841
3122,3568
494,3587
2301,2875
1895,2716
3259,5504
1953,4816
2183,2465
570,1441
4106,5812
183,3209
174,1415
727,7089
3252,4418
1387,3255
5350,5937
100,7345
1796,2773
3094,3638
327,2376
2030,2570
1441,5730
3646,6558
954,2230
316,1647
1934,4724
616,2491
643,5125
3968,6940
3144,5366
9,3350
2030,3100
1420,7445
1494,6425
1551,3295
7424,6851
3978,6466
2895,5368
1227,2433
3468,7177
1373,2997
2407,3150
2030,5529
1177,5617
3129,3180
3254,5518
1725,5137
3076,5416
6929,7374
4280,5755
5527,5878
7173,7416
1417,6462
363,1227
6529,6899
5290,6439
661,6709
2985,7095
497,939
1086,1409
35,3178
928,3535
1668,2379
1811,3615
1729,2934
1855,7021
3094,7139
4730,7303
4211,6696
6883,7094
1424,7073
2918,3061
3744,7243
3880,4217
3144,5374
3144,7459
3502,5189
3166,3185
3643,7341
3035,3299
1074,1777
3867,4416
1659,5267
3349,3499
2030,5156
2338,4937
5092,5345
2663,3950
5431,6264
3172,7000
1473,1756
636,1069
1328,1975
5305,5783
3698,4923
1278,1593
2516,2520
3953,4423
1926,3274
718,3951
4060,4950
3150,4797
420,2794
3285,4820
5271,5501
3466,6524
1076,3026
6331,7253
174,1516
4129,4130
1926,3467
7461,5493
1762,1926
2274,5978
1270,6941
1479,6377
3274,4250
870,5241
1370,1654
1227,3629
1427,7073
356,1668
3319,4625
3921,6929
270,7166
589,1897
267,4656
3068,3526
5818,6318
2821,5674
3131,3945
1177,2948
1177,3181
879,5113
4950,6860
1986,4235
651,4599
263,3857
1918,2582
2160,2310
345,2637
1514,7307
895,1834
3073,5065
719,6142
589,5822
6330,6952
1992,3144
922,4843
335,3334
1584,3026
1522,4467
5721,6991
3150,3708
6466,7263
731,5640
3440,3926
1217,3211
37,6149
150,5268
914,6333
5544,5850
2528,7211
2889,3778
3076,3284
108,4768
5816,6715
2963,3921
2423,4610
2809,4068
1281,7123
4407,7107
1369,7093
1087,1165
5178,5449
1039,2076
2016,2174
1236,1348
2905,4922
3744,4289
2673,4005
1049,1054
3486,3983
4080,5317
3710,4029
1298,3062
256,1000
2300,6249
950,5309
5911,6603
3229,6013
2061,3157
919,4431
1852,2772
3560,4372
2498,6752
2664,6008
163,5240
1197,2329
3915,5918
1479,2050
3344,3840
1537,1821
6670,7238
3267,4754
2246,7295
5071,6350
2498,7265
3252,5416
2900,3282
2459,5817
4868,5602
1356,3653
2671,6107
3022,6534
3046,6343
2510,2623
1803,2833
1150,2366
3025,5465
7312,7319
254,6149
1668,2088
3486,4551
3173,6172
2292,5493
585,2736
1511,3338
2364,2702
570,6318
7243,7406
6164,6497
444,5404
576,3331
1803,5491
1958,5467
3275,3915
3840,3988
57,6688
3099,6149
210,4078
2347,7364
3008,3123
3118,3350
2364,2803
3350,5469
216,7222
2015,3313
456,4871
508,3118
3144,4552
2460,3131
232,1719
919,4861
2091,3572
6058,7367
933,3959
1360,5193
2303,6346
1147,3976
1070,1710
2674,3275
662,5937
127,6696
3166,7348
475,5975
1803,5572
1500,3855
1569,3780
764,6825
1415,5296
3089,6839
501,3081
312,896
6752,7113
3094,3565
372,3886
2498,6147
3259,6746
5853,6283
2196,6502
2058,2336
1755,2007
3231,3372
1092,1219
427,6432
27,7263
1918,2030
102,6841
1261,3572
174,5143
1153,3655
1867,4489
3045,4702
2198,4168
1420,2268
1803,3075
2314,3190
1970,4601
3607,4689
3696,7094
5941,6591
2123,2621
3020,3447
725,1714
1069,2479
2305,3339
1803,2669
3185,5288
1758,2849
1638,5877
4688,7138
341,3854
1753,3836
1200,5610
2080,6346
1008,6918
2573,4006
2483,5351
1551,5864
3770,7214
1534,7116
3459,3586
1926,2569
3144,5165
1476,2812
1615,3676
174,5296
2829,5441
147,7462
2918,3802
383,928
3953,4471
1266,1598
3685,5351
2460,3157
4398,6738
4418,5857
2498,3841
1456,2914
1792,3252
1368,2803
3255,4957
4843,5756
1586,1936
3259,6218
5817,7371
3438,6820
2491,3696
1584,3455
1729,6410
1007,2583
2372,5296
810,5299
3144,3528
1729,3446
2228,3515
3076,3104
115,3461
1829,3869
1788,5925
2543,3160
3022,3110
519,5838
2096,2895
559,5749
57,6701
2377,5931
2408,3076
7,6346
994,2127
96,7390
547,2844
4053,5940
351,2699
5382,7217
1653,3499
3234,6439
6284,6533
2498,2575
1085,1378
4352,7071
3128,3977
3173,3313
3274,3378
248,3704
4244,4397
3732,7135
814,4283
150,5729
653,3144
1186,7478
116,760
3099,3284
1443,2543
1584,2795
6535,7093
1177,2498
7254,7317
600,3562
2343,2702
248,6877
695,5817
1765,4130
1231,1810
3837,5522
803,4048
2563,5996
187,3384
3156,3313
3259,4052
133,4245
3022,6882
4470,4689
2434,7450
2343,2803
118,1091
1560,6835
1777,2395
991,1482
2699,4377
1731,2961
1818,1934
4775,5356
57,3319
3836,4812
466,3058
787,3816
743,3854
3230,5738
2180,6163
1045,2091
1033,1829
3021,3085
1799,3178
587,5850
3718,3744
5317,5406
1227,3192
328,3244
2705,3338
363,764
3733,6486
6240,6971
3579,3836
1573,6264
3135,3284
614,1918
1152,1280
3121,3696
2956,7226
1764,6111
6038,7200
1089,1106
998,2632
3338,4747
1143,3086
5315,5355
98,6038
1834,4046
1895,3724
1466,5290
534,3837
508,6608
2548,5853
4214,5747
1476,5002
128,2763
3698,6189
383,5584
195,2246
5166,5495
302,6104
879,928
2132,7387
2050,2038
1753,3479
2160,3319
235,7037
1803,2700
4151,6264
3696,7200
3566,6746
5538,7322
1659,3786
383,4655
712,1849
412,3014
7254,7299
5136,5894
2794,4538
3708,7217
2733,3869
2840,6718
628,2326
2049,6109
1668,5649
3254,5444
2570,7200
2301,5888
758,4996
1878,6814
627,2641
589,1925
4012,5354
497,3571
3959,5877
3150,6581
312,4217
1581,5009
2081,2326
3131,6346
889,5937
2456,3047
1407,2098
3144,5889
1043,1914
2833,3150
662,1132
432,3115
494,985
2997,3347
1768,3084
432,6627
5252,6316
236,501
345,2337
3022,3052
5231,5852
407,6663
1486,1879
407,7089
1818,6869
6157,7178
4054,7184
3150,3250
3384,5538
6111,6608
1819,3178
79,7472
3157,6752
1748,3389
2081,5978
3878,6331
853,3341
258,2397
1803,4423
2368,3350
3989,5363
946,6045
314,5815
3157,7265
970,4480
3172,3953
1099,1181
3153,3274
50,3019
1205,1669
768,2997
1383,2948
94,6331
3205,3484
1316,2961
974,1868
5234,6369
4821,6430
4322,6755
4481,5846
1238,1714
658,5430
4613,4982
736,3160
1053,1415
258,2809
4554,7132
3252,6406
239,2858
7,3022
1970,7404
37,3744
1089,1553
1595,6223
3259,6043
1712,1961
3109,4950
2666,3812
2498,2598
7478,6810
1413,2283
2038,3622
4858,7156
2666,3144
1617,3454
3275,3899
4986,5271
1417,2684
174,5386
2175,3493
5013,6240
5734,5902
1903,3628
889,6912
2517,3586
3111,3157
5020,5597
4245,4479
2030,4268
361,4567
2197,4262
2589,3013
48,5960
6676,7367
651,4511
556,2921
4049,4179
483,2832
345,3958
5518,6212
4111,5180
2116,2866
5074,5419
1977,2206
1832,1895
1074,1467
691,928
3266,5490
4168,6606
1569,7442
2166,2965
922,946
1068,5453
1665,3905
3094,3637
1918,7162
1177,3067
4377,5351
765,4042
4968,6129
1665,5850
2050,5261
822,4876
743,3115
502,4593
5877,6741
2905,4512
1188,1207
2116,3164
5850,6391
1159,1278
865,5321
2791,5786
2403,7166
4843,5570
1811,4379
1511,4583
699,2386
6354,6682
2377,3382
1172,3019
880,4526
813,4190
384,3802
1918,3061
3612,6426
5817,6482
766,6780
3979,5779
1353,2579
4520,6350
2451,6615
5058,6999
587,3979
3363,6790
662,700
2863,3352
2068,6970
1803,3144
2803,7099
235,663
2275,3847
2948,6667
3150,6974
2048,2794
4886,6696
484,662
718,5354
1861,7206
1792,3076
384,3110
192,1936
6832,6833
121,2616
4286,5748
1403,2030
2498,3060
1872,2138
2410,5355
3150,6100
3739,6098
1768,3197
1730,6660
1423,4626
3066,3710
1918,6520
2028,2274
6479,7268
1387,6924
2654,6752
3115,3736
1069,3717
2244,3454
2057,3485
3951,6972
146,2043
5504,5505
2313,4111
585,1042
2274,6349
1136,2166
929,5299
7156,7264
1714,4405
344,3485
541,1362
3694,6272
148,3015
2434,7148
4048,6920
290,1482
4147,6575
336,2765
1842,1999
4982,7254
2913,2985
1725,6812
2083,5398
675,2230
6114,6755
3095,7321
4816,5088
3758,6730
511,2591
258,778
559,6082
1033,1925
6331,6924
889,1132
3144,4438
2971,7156
3702,4737
133,1901
3907,4626
911,6326
7449,3821
1227,3067
2657,5134
1410,2993
1958,2851
6583,7200
1775,3272
338,3594
235,5067
552,1659
121,123
1313,2116
329,4168
1523,6132
587,3880
250,2866
1480,2101
3600,6286
1638,4982
40,5317
5093,6355
1749,2222
3344,6324
3405,3803
2050,2096
327,352
1461,1933
465,2197
6072,7094
2049,5269
5351,5354
1725,3190
2935,3282
946,2311
1741,6785
3045,3213
2905,3675
6261,6670
841,4084
684,5828
3197,6899
348,361
1412,1742
2764,2856
3744,4304
1962,2918
1175,2516
331,4011
4242,6805
2326,7461
2558,4597
6166,7200
3144,5924
351,5343
2873,4610
1732,6706
361,3428
3109,7089
2498,3136
1033,1381
2690,3119
1978,2222
616,1962
1427,3021
3068,3270
5518,6676
2301,4452
416,1818
867,3144
4773,6001
1524,6155
683,1736
2329,6808
3160,3696
2053,3586
1074,2280
2727,3403
5817,6747
271,5990
3144,5144
2354,6425
4389,6648
49,3252
2785,5738
5668,6198
5529,5919
1804,6613
3707,3953
159,5812
2677,3643
2038,2112
5386,6376
408,6283
1665,3979
6149,6605
2997,3948
1692,3792
6042,7200
7201,7200
3955,5785
2387,5270
1316,1994
4922,6001
1220,3094
541,3228
146,4775
508,6552
1840,4063
1074,1262
3173,6883
3026,3930
2865,7263
2444,3172
49,5518
3008,3274
5139,7008
1764,3350
4467,7358
1584,4090
407,950
5137,6788
147,2584
996,2370
3115,4024
2642,3149
3269,6377
3144,3994
3284,4804
390,2733
2870,7077
2955,3185
2376,4012
765,1175
236,3560
3386,4221
1562,1863
6203,7192
3020,5495
3736,5696
2049,3419
7427,5537
786,1482
541,1116
2485,6442
189,260
2268,4208
2259,4006
1206,6752
1687,2905
1216,1680
2460,2918
1371,2055
2582,2918
4707,6417
1149,6001
2068,5730
1749,2122
1687,5780
1731,7012
3252,5540
1192,3026
1863,6068
1356,4495
515,3977
861,2828
3130,6272
4101,5346
5748,6643
1278,2961
1706,3484
1946,6276
994,7378
3185,5727
1458,3208
5617,7200
2963,6973
2516,5441
1926,2582
2052,3562
5705,6349
2833,5313
1669,1837
432,5193
2135,5667
1027,1895
3155,3572
1564,2385
2645,4256
2095,4520
3756,4959
1053,1110
2030,2257
1665,3880
38,4467
3486,6596
1962,6825
1135,3241
2138,2847
1074,2440
1764,2498
1668,1908
3135,6111
5064,5118
1108,2070
156,508
3902,6781
2874,7384
5261,5747
1684,1769
1895,6716
5505,6331
1309,1711
3018,6761
2377,2808
1804,6706
3222,5060
1529,4115
4126,5649
2711,6788
1178,2234
2203,6929
3218,3758
2498,5162
1059,5332
3928,4547
833,1807
5064,6883
4634,5001
361,5028
3090,6320
1560,2434
1661,1998
2415,7251
2432,6554
4480,5314
1069,2000
4982,6972
248,7138
3653,4982
1909,1922
904,5993
6314,7077
442,3669
1841,2255
1117,1234
4458,5349
3350,3733
1818,7338
928,4768
4054,5422
3099,7094
5097,6038
3058,4785
3434,7141
4727,5060
1631,6502
2828,5979
5219,5456
3129,5177
2727,6875
1238,3485
385,5022
2768,2932
2377,6174
1585,3155
1706,7364
383,2821
209,4103
2541,4426
6565,7079
147,6980
1551,1718
662,4321
369,5812
1112,1115
204,1750
6794,6986
4874,7387
349,1834
29,6752
2373,2807
689,4643
2492,2992
1069,1119
494,2501
4674,6772
3574,4006
5877,7496
1177,6983
312,3624
2955,4968
568,7096
3345,3948
497,7279
3032,3037
5545,6190
1063,1509
2037,3895
2985,4526
2038,7154
3068,6002
3135,6038
2460,6825
3330,5351
1533,3377
3274,4284
290,2965
3275,7173
1387,6746
3540,5379
163,6356
133,1695
3400,3474
3126,5864
3208,5960
5492,6327
2695,6038
80,6355
987,5813
4888,5996
1789,2087
750,3258
939,3580
3318,4689
1179,5129
3744,5121
417,4757
472,3961
2084,5099
1473,5686
1410,3174
3215,3626
5155,6497
161,4026
57,6692
511,5574
5118,6738
3900,5853
2834,4982
4858,6883
853,1144
3350,7156
4189,6541
3651,7333
5378,6264
1117,1830
3131,3252
1868,2364
1359,1621
3105,7094
3027,5975
1970,5303
3979,6547
928,3045
2736,4968
4684,6038
916,1803
6580,6752
2138,3282
511,6557
1301,1718
351,6377
628,6349
2498,4398
2039,3320
2930,5724
1143,7458
1000,6236
617,3284
1762,7200
3742,6590
483,683
4526,4636
1483,1868
2230,5199
5331,5363
3656,6343
1243,3284
762,2274
650,4283
2332,2377
5036,6376
1819,2508
1799,5189
1818,3698
378,6702
1430,1580
2313,2470
2081,6349
4969,6696
1269,2328
1313,2033
266,2531
1811,5453
140,2030
1467,1777
6860,7254
3581,6467
3856,4843
1934,2921
1402,3113
612,628
559,7246
1359,1799
3592,4754
1342,6354
2400,5351
500,2139
1054,2539
240,1227
2080,6360
3266,6746
3837,5690
1019,1301
3109,3961
4525,6817
2086,5283
2276,3150
3186,3926
1889,6258
1107,1553
2455,7089
1592,2874
1067,3026
2485,6484
1451,2164
5364,6986
577,3771
3064,7021
3125,5419
2244,3235
3486,5720
2030,3085
150,7410
734,3334
3246,3463
4131,7353
3150,4548
155,4681
313,553
5518,5699
5524,7224
282,3081
2822,3026
179,3134
173,7307
2294,3231
1029,1788
481,1665
5022,5181
193,1926
1229,6347
2970,6145
2669,6331
3150,4615
741,6608
7073,7396
3191,6804
950,7496
4349,5161
2451,6881
2535,5910
6346,6360
258,293
3491,5467
543,3120
263,2405
5060,5749
3408,5104
2913,4075
2824,4010
2745,4634
3579,4982
1227,3156
7094,7322
3611,5472
1834,3761
7435,2103
133,717
267,7455
727,2684
3190,6343
2216,5850
6800,6831
1924,3047
1247,1604
1434,1688
1042,1818
6559,7342
1927,4235
3266,6058
3733,6286
1946,3626
4482,4963
1625,2896
3568,5931
1227,3582
987,7440
5857,6331
2174,2699
4111,5493
1415,3502
1855,2112
2675,7092
1908,2379
66,764
2541,2765
6430,6766
786,2965
1278,1994
978,3129
1317,2434
1569,2292
1383,3112
1639,2384
1085,1595
3061,3157
595,6064
907,6738
3323,3663
5139,5748
1768,1887
1777,2268
4012,5351
2165,5824
6390,7089
1412,2233
3344,7475
342,1803
1355,2166
1953,2527
2039,5740
933,3109
3148,7348
2742,6159
4982,6627
508,2368
2516,2924
1074,1357
3622,5747
1664,1698
933,4241
3252,3350
3360,5817
384,5368
3435,6511
4775,7307
4569,6360
2012,2272
2797,3190
1605,5226
4684,7200
502,2289
1274,7478
1790,2275
3754,6786
6484,6488
2118,4008
275,1356
5234,7224
2314,3096
1645,6441
1110,5127
5346,7041
3111,6825
3100,6497
2043,2780
3469,5796
2198,3150
752,6615
519,578
1940,5189
163,3185
506,6986
3313,7461
1195,1625
2387,4499
6264,6732
1902,2180
2631,3398
1207,7087
1074,1619
987,5182
939,6502
133,1803
2275,2437
5166,5635
1654,1697
816,4770
1310,3460
832,5317
1584,1818
1803,4333
3892,5942
5137,6707
337,6111
2323,7458
1551,2504
1374,1430
3131,6360
1815,7348
4067,7131
3983,7223
4,6377
2030,3082
3554,4053
3259,7381
727,6744
866,5584
336,4027
6331,7249
345,2573
1100,1348
1514,2077
323,5542
1926,7265
494,6489
3715,6689
2837,5931
2684,4414
5135,6382
5089,6497
2729,6991
4053,4087
2473,7088
5120,5230
75,500
589,1769
2020,3150
177,3274
7443,3857
2282,7212
6221,7005
2435,3334
1863,2701
3259,4424
754,7281
1751,2127
1074,1151
2985,6200
2541,3267
2849,5275
699,709
193,1343
2123,6490
1906,2166
5187,5252
2053,2684
3378,6738
1977,5543
6149,7207
3486,3957
6528,7295
2336,4639
493,5664
319,643
945,2098
1413,1964
2068,3683
5529,7283
3105,5529
2171,6482
7421,1530
3275,7267
3643,7374
3524,6995
1528,4489
3275,4840
3989,6956
1749,2494
5002,5767
6344,7280
6610,7208
933,3961
3266,7249
5877,6972
3744,5826
3919,4596
2351,3379
5502,5508
3975,5431
3848,6111
6218,6752
1753,2336
1002,1162
2809,3974
3259,7258
2936,7153
3384,3843
1278,7012
1834,6347
1177,2654
163,2128
1319,2242
6835,6851
178,1227
7430,2262
2558,6711
2257,6883
3252,5857
2758,4787
4360,4656
3045,6187
468,1942
256,5493
1178,7404
178,3050
2340,2609
1615,2917
2181,3114
601,3138
2257,4869
2181,7176
1926,3061
811,2451
2497,2992
2870,6240
4283,4662
6497,6670
3841,5853
3656,5852
6504,6524
1569,3181
1502,3197
1665,2400
2641,2849
6135,6448
764,3107
1537,3306
867,2937
519,1366
4348,4467
1024,2383
946,4426
1227,4585
2092,2531
3255,6057
1803,6231
2482,7073
90,3157
3166,4168
2030,3696
6360,6453
764,3139
496,1482
174,2831
632,754
2616,4385
354,3950
2430,2945
366,6360
1918,6670
1551,2558
55,2684
3021,4897
1687,7259
1479,2558
2892,3409
4168,7237
897,6006
1799,2831
445,6444
1500,3000
2455,3961
156,6670
1665,3872
5097,5857
1045,3913
2037,3116
3334,5732
2038,7324
709,853
548,7341
2038,2355
634,2812
5089,6608
242,866
3534,6972
415,4183
6001,6669
4198,4935
866,5953
508,7195
3150,5139
388,6606
338,501
3149,6788
416,1067
5540,6746
416,1328
3646,3833
629,4262
1232,2965
2567,6965
3144,4587
3252,3795
3511,6986
1177,1690
5777,6825
2754,7038
4813,7072
2110,3485
3694,4982
388,3144
508,5590
2302,2436
178,2050
1667,2363
2828,3787
2737,3008
7243,7322
1831,6825
1482,1921
1644,2508
3008,3107
194,7295
6590,6620
3135,5857
240,764
731,3002
3157,4847
640,1474
1110,1517
1045,1415
3698,6894
1319,1783
2749,3881
2838,5503
1918,3848
643,4773
2030,5400
3144,4754
817,4899
2355,3050
3149,3190
3275,4710
2274,2437
5667,6665
4336,5993
1799,3180
1097,3591
164,3225
2820,7263
3275,5592
1069,2399
5249,6784
3906,6111
1721,4147
1725,3766
3524,5207
2803,6381
147,6712
735,3961
1479,3910
1301,1507
1207,2537
3119,5750
3088,6162
2484,4489
4014,6821
822,6510
1330,1464
4012,6377
594,1533
216,1268
1843,6206
442,1354
2290,4955
1352,5738
5937,7226
4012,7206
1042,3334
2948,5529
186,6883
704,6639
2012,2858
2103,6872
4613,7254
988,1547
1045,7139
1818,3408
6149,6300
5138,6111
4820,7496
1000,1983
1491,7093
1266,2345
3264,5108
3350,6883
3547,3950
3519,3696
642,2978
3361,6152
5837,6025
2228,5796
4699,6972
2537,2766
2661,3157
2440,3026
1815,4911
3259,3284
1803,4456
1513,1756
3651,5900
1083,1829
345,1686
2795,3678
150,1701
4943,6385
4731,5493
6083,6697
195,6439
3097,5612
704,4501
3953,5611
2828,6491
4905,6563
396,3150
5077,5944
497,4199
3150,5603
1660,2123
1069,3853
2462,3977
4824,7163
1384,1553
1564,3737
385,5027
596,1415
3005,7141
5826,7156
1729,1940
2234,5852
2664,4305
639,7189
1275,1502
5877,6627
4623,6302
5149,6327
2690,2794
258,4164
3125,4025
3190,6788
3444,3821
2664,6332
2874,2992
2038,2427
2015,4111
3138,3696
3310,6360
7446,3344
1270,1355
1438,7478
1763,2076
5477,7369
1656,3409
1042,3680
627,2760
1462,5526
1052,1489
3150,4760
1097,1384
2578,3090
2174,2175
3284,6346
266,2895
5919,6300
1417,5309
2043,3199
1799,2493
1105,1707
194,6797
2353,2354
3284,7367
731,7047
440,6724
2116,2168
7248,7367
3046,3096
3652,5463
831,933
1346,1615
3953,4365
3152,7200
4570,5678
4839,6484
1178,1818
617,6038
2475,7295
2918,3629
950,4396
3569,7058
5032,5647
4190,5315
2198,5313
4489,6877
2498,3179
4507,6111
1788,2410
483,2139
412,2805
3110,6670
2028,5814
884,918
2558,6581
2219,4770
3032,4480
3959,4613
6367,7325
609,3147
4816,7101
2292,4012
2905,5780
3098,3962
4029,4051
1446,3484
6570,6668
5429,6766
1803,2865
450,949
6038,6126
1356,5217
2803,6205
2498,3121
601,3021
6022,6554
3282,3556
2043,6681
4075,4678
5156,6149
2049,4220
628,2081
4109,6660
1179,5224
1119,7430
1220,1799
684,6857
1560,6851
3534,6627
1968,6946
4791,7226
5481,6038
1301,3415
190,3388
1330,7176
6878,7236
3147,6718
1180,1537
1815,6334
2821,3535
1344,1799
2013,3493
1573,2081
2058,3486
4029,4808
1175,7478
4257,6715
3274,6126
80,5136
7442,7061
6663,7283
453,4998
1145,2228
998,1721
1102,2962
7473,6113
1581,4012
116,853
1942,2609
4166,6612
1182,2280
1019,1358
1387,3259
183,7322
2369,6986
1200,5265
238,6343
3143,6738
1989,4610
4843,5812
1167,1615
3022,7087
2874,3897
2639,6817
2331,2394
1542,5895
3454,3550
3150,6122
3275,5623
950,3115
5526,7274
6054,6331
3150,7284
670,3205
4507,6038
950,6627
990,998
1926,3060
1226,1756
2828,6938
1686,1784
1542,1912
1151,3248
1443,3047
1638,7254
3744,6261
1593,1731
2477,3129
3274,6883
418,2297
672,3671
4012,6318
788,3756
497,6887
3259,6406
3079,7089
1205,1722
729,1278
541,6714
1434,2864
5560,6715
1803,2809
2938,7307
424,1621
662,1820
155,7415
3384,4987
702,5403
135,1242
2780,6280
2558,2754
2744,5002
1478,3923
2354,6410
2774,3370
645,763
1245,2498
1039,1064
1270,4110
6157,6585
2158,3789
1778,1827
1045,5296
3867,6532
5751,6672
1729,2091
1494,1847
4613,6972
3263,7200
145,1512
6396,7313
2217,6062
2485,6325
3744,6283
1855,2355
2308,3376
3953,6374
3688,5271
5463,7487
1226,1584
338,3560
3106,3350
3076,4952
704,6105
3150,6796
3124,5931
2258,6006
1678,7200
2274,2275
1661,1753
1719,3747
2174,3295
4421,4425
4288,5992
2681,4969
3266,3259
3698,4970
5249,7379
1243,7200
621,3953
2962,3069
3266,4293
508,5790
751,3185
5417,7089
775,1795
3111,6346
179,2819
644,6034
145,1481
2874,6433
1181,1888
2116,2223
2473,2544
150,4855
500,2972
501,3635
507,2844
2812,3147
3171,6346
778,3190
6929,7062
1834,7365
5505,6042
338,6789
1435,4262
2560,4084
3325,3409
427,7462
1485,3651
2110,2521
2736,6190
3275,5761
4807,5153
5252,5791
864,2543
6663,7406
2498,7125
2755,6752
3150,4012
5156,7322
3266,3257
884,4870
3628,4083
621,3275
3275,7108
2571,5842
235,2259
2589,4187
3172,4339
4890,7200
137,1441
2139,5817
1048,1328
2498,5342
1297,6502
1486,1478
1402,2948
2945,3392
1270,4654
1070,5739
599,3682
267,5440
730,1834
4283,5894
3115,5309
1371,3501
5127,6061
1504,2033
455,684
1435,2515
2477,6435
775,3207
515,2116
3140,4009
1413,2856
1356,7089
1288,3019
662,1144
3579,4613
1711,3149
1829,5038
1624,2649
1091,1258
5254,6663
5073,5758
1584,2784
4211,6767
828,6554
4928,5505
1514,6730
277,987
1457,6606
1803,3284
2087,5483
663,731
183,3744
5070,7367
4966,6360
4533,6712
4849,4941
614,3384
3275,4942
3294,5931
1757,1855
6353,6606
2802,3019
2545,4053
909,987
250,1659
5158,6121
1410,2183
866,5641
4012,4645
2274,2828
1562,3550
1142,4757
87,3157
2562,7200
2624,6502
6802,7341
3435,5346
196,3390
4421,7392
6286,7118
601,763
1435,3062
4439,6346
1226,4053
6746,6924
2978,7339
2488,3953
943,2835
1019,1045
3144,6566
423,1621
3150,6903
599,4589
5823,7373
2198,2498
5242,6186
3553,3964
1607,3019
1502,2363
249,3744
1851,4049
3640,6712
3135,7156
1804,6577
3157,3179
1934,7112
1214,7396
508,4304
3022,3170
3384,6619
1792,3284
2664,2668
2033,2750
6418,6742
1650,1736
2486,3574
3466,6929
1546,6574
5002,5559
2325,2516
416,7354
1045,1487
1507,1621
1041,1291
312,1259
2127,4196
959,2945
318,6972
3384,6261
2498,4406
2116,2730
1803,6478
3259,7196
1621,2354
553,3275
765,2616
598,3025
5409,6006
3022,5766
3754,6796
1317,6317
808,5684
2354,3562
5342,6038
5271,5667
3384,3718
2159,2331
3135,3313
684,2251
3570,3953
6283,7094
1569,4099
1868,6510
2166,2459
1638,6972
1659,6398
422,6420
1511,4277
1803,2754
1383,1406
108,2913
5509,7371
2786,3550
3843,6497
6038,6676
2037,2407
5931,7038
1569,4012
1593,2076
37,183
1136,2965
5462,5911
654,5706
1530,3385
843,1736
2275,6193
195,2244
744,4888
3157,5497
6452,6896
4798,5079
480,7268
4198,6294
933,3951
64,6752
3509,4097
866,5198
2676,3119
421,1570
4622,7399
2498,6346
845,7226
2992,4305
5441,6991
1354,3698
1319,7458
3084,4793
4928,6331
4313,6991
4613,6627
2873,6929
4868,6724
3744,7239
897,1037
814,4526
933,3486
186,3696
762,5814
498,1417
2230,5852
5928,6157
3942,6745
2377,6353
7448,5996
1649,5506
886,6627
1092,7453
1828,2116
526,2901
1840,2723
626,1503
1585,3927
1936,2670
2788,2904
5524,6477
813,2145
6526,7011
3696,4478
990,2308
706,2274
4213,5942
2664,3605
1647,2817
1664,1963
3021,3131
4377,5835
1211,3289
7077,7134
3108,5864
616,3138
3094,4673
3275,7380
4198,6449
5826,6883
2097,7091
1045,2434
2054,6738
5295,5518
2828,5680
3343,5792
3079,6221
1807,3770
3774,3902
3961,4835
2742,3585
5549,6772
2030,3070
1020,6826
3143,4869
555,5931
1936,5290
5463,7164
6752,7230
356,2379
3258,7367
2008,6502
133,6370
1502,1805
2516,5721
2037,2895
617,5857
5931,6913
1591,2439
4421,6817
420,765
4097,6040
250,677
198,7345
1676,2803
2098,4697
593,3486
3141,3350
982,6510
491,3344
1625,2116
5142,5503
1537,2284
1177,1926
2737,7156
2185,2230
2331,2842
241,1811
7435,6729
3259,6038
775,3164
5506,5964
525,7226
2648,6111
174,6982
1443,6965
749,2528
1970,2097
1714,6274
687,1473
1317,3444
1187,7356
1768,2262
1926,4398
3350,5400
1178,2289
1665,5779
259,4932
3053,4658
112,7314
5417,6221
6360,6595
6029,6742
121,2105
748,1784
2082,6282
174,2168
8,662
683,4591
5481,5857
1934,3025
383,624
755,5649
4200,6687
1152,1817
5878,6314
3103,3150
3961,4578
2230,3426
822,5321
7461,6025
1995,6061
1461,3345
5342,7200
2534,3195
3157,7125
3021,3136
1488,2712
3712,7277
238,6788
183,6446
7446,5850
5010,5751
1326,7458
1006,2070
2037,7090
4711,5664
511,6801
3959,6972
4987,6286
378,1410
3166,7263
1103,3720
2391,5892
1738,1748
2087,2289
946,4027
3350,6072
2064,5299
5234,6292
587,6566
790,3350
2020,6590
2702,2997
5279,5346
1159,1477
2176,2403
879,7385
3784,7034
780,2585
2646,6466
6146,7100
1392,2539
2006,4088
4858,6608
3172,5376
5414,5853
1551,2247
2905,7259
3979,4863
372,7039
3350,7266
1612,5477
1586,2701
1554,1895
1328,1978
3744,3844
2884,6878
1356,3961
2526,6419
3284,5518
643,4720
4310,7480
586,5000
2809,6769
2731,4543
2116,3927
1207,3076
5399,7304
4908,6038
3129,7204
327,5673
174,5107
2274,2686
2502,3698
688,7345
3651,7496
2652,3406
1185,5099
801,6285
580,3274
194,2795
4757,4804
731,4932
636,3026
2727,6773
2806,3313
450,2460
7437,3094
2407,5351
3259,4669
183,3932
1714,3908
30,5747
6156,7192
253,2997
306,4029
1845,5589
1383,3892
3480,4076
453,6021
2254,5841
2408,6038
223,3344
305,3275
678,1511
501,3560
3185,3953
1803,3017
2033,7092
2828,4998
183,7094
1226,2855
4918,7127
3150,5037
1834,2377
3485,6039
4024,4950
3625,4242
2248,7112
227,7383
790,2498
1976,6214
1200,6274
1572,3191
3384,5414
2498,4569
1829,7352
174,1659
1251,1498
860,5613
2065,2473
7473,7497
559,1356
1734,2803
53,2997
2116,5839
6287,6608
14,3150
2528,5933
3685,7307
3259,7200
3350,6329
3745,5613
508,3843
3204,6497
3486,5749
3923,7351
6486,6983
3179,6104
267,491
1099,1235
825,6832
4326,7480
4551,7348
2509,7220
3143,3274
1092,1508
3284,6632
1811,2941
2378,2764
3528,4816
861,5451
4186,5877
3057,3268
4426,7173
3977,5703
1826,2223
486,5960
1829,3669
1970,5081
4336,6555
4669,6746
1371,1956
3172,6988
402,4016
991,3544
2049,2697
3084,6776
764,3110
2060,6332
442,3574
1226,5351
118,2375
1189,7007
2168,3572
5146,5936
1023,1110
1665,5563
1402,3951
1502,6459
2668,6332
1427,5871
4429,4479
3157,3263
1317,2516
1177,1243
709,2166
1834,3211
3144,4551
775,3835
2049,2078
2228,6912
3274,5400
540,7092
4006,6673
5475,6627
137,1039
3953,4029
3536,4480
5747,7154
3022,3090
1760,5758
2188,5300
571,1467
3551,3586
3115,6622
6991,7386
4833,6670
3391,4968
2641,3656
3953,5915
2037,3160
6038,7113
2711,3319
30,2050
483,2972
2013,2407
2527,5868
3275,5103
1313,1551
4365,7218
2015,2503
1177,3143
3107,6752
3345,6821
2732,3359
2030,2695
519,2293
234,7314
3466,7155
3171,3252
3144,3537
659,7345
4384,4816
1495,4399
1803,3972
1043,2146
1278,1690
2244,7295
150,7082
483,6458
342,1177
690,3129
5490,6346
103,6046
7451,3764
3284,6360
1665,5213
4418,5505
163,6890
1923,6425
47,2195
5490,7367
6389,6660
450,5493
2649,4676
2498,3240
2498,3201
2541,7393
1768,2330
3063,5100
566,2353
3182,6513
4641,4775
5538,6883
1659,6489
1534,1879
3115,6741
1175,2810
2498,6888
1356,2948
345,6808
364,5351
3953,5292
1584,3408
1269,2910
3135,6883
526,4074
3061,6346
3593,6326
1128,1409
1227,3065
4043,4053
1095,5188
2020,5278
2144,5313
1148,3945
6049,6435
3694,7254
1564,5880
3909,5505
4808,7060
2498,3127
2695,6883
4710,5315
5422,5747
5355,5353
1039,6011
1759,6425
5354,7127
1108,1097
1834,2820
3466,5191
1411,1847
679,5855
1834,4245
1082,3210
6807,7393
2451,7194
5931,6466
1803,6038
3281,6346
796,4108
3836,3941
19,2809
6038,6227
5070,5518
6377,7245
1074,7412
2962,4956
1958,2400
695,3266
3390,4881
3157,3192
5002,5123
2178,2962
3157,3170
4757,6595
2160,2574
388,1834
1064,6417
2565,3157
5374,7348
1184,4053
1430,1891
490,1799
4689,5993
1665,2273
1139,3401
3115,5864
6746,7249
1089,1445
1761,2770
2431,3789
472,5877
2955,5878
4750,6061
2038,3145
2264,6986
1644,3610
2914,4752
7442,4258
1413,1512
4304,6608
2992,3605
1502,1566
1829,5294
3338,4536
1803,3974
2275,5874
2808,3752
3076,3135
1175,1551
1747,3345
2377,3150
1958,5734
3906,7156
6627,6741
1792,6038
816,6132
8,500
4288,4561
2262,2353
1126,7295
324,6121
4680,6746
3688,5002
1024,1119
585,6713
741,6738
765,3119
1220,1486
3267,3275
618,3095
1039,1223
2299,3792
4418,6331
3259,6597
1885,2764
66,2918
2730,6293
1762,3274
2216,5814
560,3377
1356,3132
1665,6547
2244,6797
1024,6018
4777,6499
3564,5852
731,5880
950,4435
1918,2491
3504,5010
268,3982
5150,5257
2181,2866
3696,5124
4075,4485
6484,7311
1417,7496
3269,3334
3030,6701
1320,4048
1803,3672
1685,1949
3391,3382
1931,2217
5608,7245
3733,6670
998,1279
1786,3313
1186,2377
1879,5803
3259,5857
6272,7231
3266,6406
276,4235
2451,2765
1221,2076
3932,6670
1513,1847
6181,6548
1652,2074
712,5814
2410,3977
1243,7156
2485,6149
628,5904
4843,6213
916,6667
5734,6529
3192,3202
3524,6196
3182,3814
2379,2962
3961,7231
3696,6286
4189,6054
2181,3223
3110,6346
270,2636
2450,3319
313,7478
1205,3828
310,3983
2369,4554
6272,7254
2737,6883
3844,5351
85,4006
3313,5354
3705,5351
1895,4235
1675,3572
1731,2613
3887,6755
4690,6276
1078,3379
2699,3180
273,2160
150,458
3182,4801
2800,5785
3961,7254
7421,1514
1486,3498
195,2793
116,2166
998,1656
7094,7156
4982,7299
282,4974
1508,7342
327,2482
1756,5739
662,5080
1739,1742
3754,6226
1032,1415
3161,6497
1356,5580
1341,2618
2015,2504
1729,2000
859,5975
1840,2395
1803,7200
1045,1220
1372,3252
4909,6734
1764,1926
3130,7254
5877,6390
5049,6505
699,2034
346,1736
1064,3026
1502,1588
2339,2994
3179,3274
2647,2649
2264,2742
2605,5010
2054,3274
483,1311
1928,2068
153,4727
2498,3151
1730,6001
1926,2080
2959,5529
2186,5716
5524,6611
5702,6024
478,4757
777,4048
235,6243
1186,6313
884,2376
415,4876
442,6000
3854,7108
2020,3144
3022,3076
3043,6038
1611,2499
5529,7322
5256,7092
544,4019
3962,5722
66,6825
1310,1541
6286,6661
5742,6061
3083,4029
194,2041
1792,7200
1569,1690
2053,4820
1076,1216
528,2381
1818,3663
538,6132
1217,2703
2336,3303
2153,3717
1803,2060
415,4400
592,2702
1841,5806
2661,3274
5021,5918
541,2524
3255,6066
1177,4250
6387,7009
1889,4020
4189,5097
4439,6360
3522,4753
639,5247
1307,1977
2400,6134
6006,6934
788,4574
2677,5978
3878,4808
2794,5750
394,1577
6006,6281
1152,2909
2030,4890
3157,3201
1092,1117
174,4535
616,3181
4186,4982
4199,4377
3108,6972
2030,3906
1139,1991
3157,5490
1311,2228
690,4526
2054,6346
1569,2699
4053,6219
1511,6889
1736,5797
1533,2033
558,6145
6613,6921
2415,2498
2381,3668
3654,5817
6038,6708
2965,6849
1177,1224
1201,1371
2985,3635
3566,5857
1551,1665
194,1076
5634,6947
2081,3444
1812,2609
1143,4005
342,3255
2180,3470
2037,5422
2030,3131
1004,3202
5234,6611
764,2460
1045,3557
2485,7322
3778,4775
5850,6180
1369,2402
5747,7324
2591,3605
1369,1491
210,4762
1476,1514
2015,2558
2321,7486
306,4626
5228,5980
748,3275
2742,4077
1442,2098
5727,7348
2559,3081
1417,5417
7048,7382
135,2719
500,1355
2489,3945
4432,6861
928,2913
1678,6825
3108,3854
7473,6854
2855,5493
1119,1159
6752,7253
2068,3746
133,4865
2064,4381
161,6154
3266,7196
1547,7400
6438,6804
388,7263
1118,1345
1734,6475
1482,2967
2877,6574
807,2081
327,6673
7497,7296
2274,3845
5694,6402
1020,1341
1045,3460
151,6221
1417,7223
3144,3166
1792,3008
2702,4704
949,3683
2498,6360
4877,5493
3115,7496
5136,6167
891,6997
3643,3847
194,2593
3275,4697
267,896
3156,3157
6276,7415
398,1417
2531,5750
5653,6613
538,1301
2855,3697
2758,2866
174,5090
2164,5794
1317,7449
5814,6802
2030,7243
1655,3094
2642,6788
2754,4429
1437,7348
3383,5463
1479,4560
3057,6969
2313,5815
814,5002
136,1777
1668,2429
2569,3744
1572,1634
2030,3157
3037,3518
4458,5387
3172,3223
1756,3939
1482,2956
1383,3941
1316,1538
2030,3136
242,4075
402,3994
933,5475
5247,7034
3988,5522
1591,3184
643,5111
3144,6870
17,1177
1768,5090
5872,6972
884,2405
3837,4995
5074,5609
939,3357
1803,4513
4659,5135
3887,7241
1970,3024
4728,6264
3628,6322
854,889
1926,2433
5758,6076
2202,6138
150,7435
1665,2278
327,2388
1573,3975
264,3498
1815,2032
668,7346
2350,4097
2558,5621
765,1551
34,5814
3150,3172
5351,7404
258,1410
834,1958
1112,1119
1005,1287
133,4429
6625,6608
1330,1942
5969,6300
397,1729
3139,3202
3994,6360
662,5797
2091,2372
3025,5282
616,3350
1698,1963
32,7009
2829,3332
3854,5749
6300,7238
351,3923
1964,6946
3123,3185
3152,6883
3260,6752
2054,3022
1337,1904
692,3836
5218,7346
2762,5355
2498,3156
1534,5419
7429,2552
7423,1089
6313,7324
1076,1777
76,559
573,1647
744,5996
1177,3105
150,6727
3266,5540
6627,7496
3632,6272
981,1092
2895,5747
2349,2381
6321,7227
3102,5597
3157,7248
5197,6772
2144,6590
1926,5342
4450,6529
124,1139
3097,7132
3398,6130
2377,5313
442,3999
1383,4613
472,4982
1227,6446
1768,3458
5350,6927
5853,7118
3173,5537
1895,1953
1560,2174
1593,3678
4578,4613
2116,6773
6444,7241
6590,7250
1182,3945
2803,2911
1074,1169
4721,7173
351,4541
6111,6619
1386,1652
4044,7067
1417,6664
2236,2703
1209,1542
508,6287
1033,1406
3878,5812
3157,4614
2096,2616
1976,4517
1069,4055
2485,3744
1270,2166
4254,7205
2628,3641
1537,6510
3060,3157
6502,6567
1855,4030
500,4110
7044,7147
3122,4046
3223,5814
2081,2516
3696,5853
5587,6346
1673,3611
1765,2681
2275,2963
2028,2963
3975,6674
1177,3378
3709,5411
5350,5475
616,2498
731,7382
491,3880
735,5877
5490,5518
204,1927
3082,6360
5857,7172
2754,5545
7434,3349
1033,1352
1318,1970
662,2139
1039,1347
899,2033
1417,7228
5529,5954
4443,6570
1180,1639
203,731
3349,6487
3284,7144
2757,4588
815,888
2204,2975
2489,3377
5749,6627
1524,3486
1665,2181
415,2588
928,2985
4201,4323
683,1461
3059,5771
1862,6216
3836,4349
1250,2217
153,5165
1352,3927
1709,3205
4796,6663
3144,6313
744,4274
684,5429
253,822
799,1569
815,2595
2127,5868
3190,3319
222,3678
3377,5365
98,2030
2460,3802
5868,6516
743,5446
3137,3150
4147,6502
1868,2287
1330,4395
2030,5538
288,1659
2174,2504
267,4217
2672,6524
3988,7148
1836,3157
3356,7277
1427,7396
1551,3223
1507,1950
706,5814
329,6606
788,988
3240,3989
2491,6346
2050,7324
79,7494
3252,4834
2050,2355
508,3107
879,3702
6001,6515
1486,3902
108,242
3111,6718
671,6418
6331,7200
2470,4932
1596,6634
3266,4669
3492,4968
3144,5571
3144,7457
2460,3110
483,964
4816,5493
3407,6061
2123,5054
3172,4243
1417,4396
1803,3100
2654,3252
3811,4303
6074,6924
231,3237
1243,6883
150,494
2134,2213
5826,6497
285,1482
373,2263
336,7018
3189,3199
2011,4075
6038,6752
3373,4652
3923,4237
204,2906
3492,7348
1783,2127
5006,6300
4014,5808
1725,3922
5413,7127
123,4042
1341,1568
3892,6272
780,3700
1328,7363
998,2660
5817,6541
235,3661
1658,2331
2030,3071
3266,7200
120,2043
1803,1954
2922,5326
519,7289
143,2527
1565,4012
3022,3154
1798,3678
2390,3379
178,2037
1177,6054
6057,6746
452,1829
2208,2211
6292,6865
1569,1768
1386,2372
4304,5529
201,3223
3172,4991
2451,2762
3118,5529
5136,5447
899,4054
1227,1372
2669,7367
4890,6883
3659,3689
2994,4630
7066,7403
4435,5942
5932,6601
3076,4685
2297,4036
209,4179
1317,5370
5397,6247
2734,3182
3076,3118
1748,2545
639,910
2191,3019
812,2814
647,1200
1729,5296
501,6404
1270,2592
760,2698
5817,7026
235,969
2241,3237
1069,2670
5941,7044
3115,6972
687,1818
1417,6627
3076,6583
874,3045
1461,3287
412,3001
5602,6724
2094,2895
776,2510
622,1503
1157,6817
5102,5321
2068,4012
1175,4012
6267,6318
1638,3983
2127,4816
217,6331
813,914
4479,5367
2174,2558
3169,3926
661,1947
2664,5574
3910,6229
2081,2325
508,4234
5853,6633
1043,1689
3539,6965
6738,7156
2657,3712
2034,7325
813,5405
2363,3198
327,1039
1936,6439
1596,2015
3275,5614
467,4757
867,6333
1227,7200
950,3651
1180,4115
1488,2336
2569,7094
1807,2660
235,2734
2121,3586
221,3979
1803,2250
3979,7051
1547,1643
4152,5853
2607,6056
1177,3171
1278,1538
764,7161
611,2876
3350,7270
275,3961
6217,7309
2030,2737
2776,3129
384,4585
5878,6029
115,3730
1224,2498
5249,7044
237,7348
2050,2427
4960,7192
2261,6006
2828,5605
5414,6670
3115,3854
2503,2558
772,7326
3024,5002
7430,2136
3275,4618
5826,6608
345,462
175,5609
1731,3727
4049,6107
1226,6509
2460,6506
2983,7261
6309,6466
2166,5591
2317,2679
2155,3119
3115,7228
3854,6082
3696,3841
1562,2101
2252,3026
1926,3170
124,1564
750,4984
3295,4054
2244,3046
3142,3202
6627,6972
1110,1567
3281,6360
298,5550
2924,6991
4854,6613
2577,3284
1200,2560
1089,1279
597,5336
3391,4101
261,2363
3468,7056
949,3697
2336,3615
2452,3693
5547,6660
4921,7325
4181,6414
1479,6851
3025,6355
1665,3624
3618,4689
3519,6670
6817,7392
4078,7173
3996,5378
1014,1162
1286,5349
2829,3599
4770,6425
5538,6286
1430,2355
3950,5981
5426,6865
186,508
4968,7218
1159,2076
1144,1736
1208,7458
998,4873
5183,7077
167,2498
2182,2194
877,3964
2292,6318
6627,6664
1861,7479
3252,6583
555,6264
2525,4053
2498,6140
1227,3008
6497,7406
1291,2638
4640,5643
1222,1889
4858,6670
1918,6661
3739,4170
218,1184
1659,5018
1909,3353
150,3191
975,6952
2727,6500
2400,5304
1227,3171
4311,6510
3193,6263
6406,6752
6591,6771
156,6661
2548,6111
3172,7002
3118,3157
1741,1840
1126,1936
1272,3144
408,7057
1612,2704
4596,5178
3313,6870
993,6414
2276,2963
3223,6193
541,2189
2506,6214
1753,2517
2498,5464
1371,2003
4957,5817
709,1482
4141,6570
4053,6869
1804,2377
3138,6670
1009,7430
3022,4408
1725,3013
2790,2964
5315,5353
1131,2365
889,2654
3071,3157
3837,4178
363,2030
2714,2764
1086,1128
853,2228
3744,3848
5529,6300
1768,2292
1341,2149
1089,1112
5524,6865
3266,6597
3304,4849
5249,5941
762,2963
3350,4890
3110,6360
3391,6890
3331,6034
4270,5111
1313,7153
589,1128
2690,7021
1553,3278
3136,6825
3161,5529
2664,3545
2336,2818
1434,3544
1291,6354
3177,4020
174,552
3126,3651
2030,2577
1227,2415
1352,5809
5249,6771
1319,1662
3972,6590
3577,4006
3222,6990
4745,5842
1659,1818
139,2733
3605,5424
4394,6566
3266,5857
6497,7264
6752,6924
1402,4414
29,2669
3156,6738
1004,1082
5899,7155
2498,5427
2988,3628
3115,6627
1644,3026
1768,5999
2030,2587
1024,1331
1805,3129
161,1829
652,5060
2948,3961
161,6894
3301,4876
179,2947
1644,2435
1759,6410
3491,5734
5233,7213
1900,4770
2360,5533
1980,2460
5877,6401
5732,6952
7,3350
2651,5249
1537,6381
4061,4377
3150,3710
4346,7342
2313,2623
418,4048
3718,5853
148,7126
3851,6967
1976,4102
2115,2434
2420,6627
2433,6038
4327,6591
1661,5825
3698,4006
3129,7306
4053,5303
2924,3119
1019,6425
4053,6383
928,4075
1911,5738
1749,2308
1356,3681
5512,7322
133,3877
924,2217
258,492
407,4613
1216,4055
3095,7334
312,7062
704,6616
3729,5696
2080,2498
5732,6306
3694,5869
2569,5529
1178,4049
5675,5944
407,3744
1968,3597
3792,5339
585,4230
6042,6752
5609,6894
1482,5578
722,2049
268,4290
187,6149
949,6991
5136,5767
5734,5728
1205,2479
332,2043
1582,1982
2498,3111
81,6752
5505,5518
2016,2274
3284,4418
3144,5231
2039,6037
1799,3475
355,6700
1207,6320
3160,6346
235,5023
5125,6350
3181,3252
349,718
3130,7213
3723,6820
7457,5351
2818,3115
3123,6360
1275,3191
1813,2331
195,6089
457,1834
1537,4115
1551,2174
4829,5283
7,2498
212,2372
958,6807
6300,7322
589,2040
3144,3838
3157,6074
899,1591
1926,3127
364,2015
4020,4768
3894,5508
174,207
763,2951
1476,4884
500,843
1289,7093
3907,5763
1051,2217
3766,6788
4888,5181
5585,5944
2867,7135
6431,7127
3160,5471
1074,3572
3050,7021
2978,6467
4048,4876
2884,6332
3414,7396
958,5120
194,1617
344,1200
1472,5351
690,5002
1112,1257
5617,6752
1451,1777
3544,5910
4042,7090
6283,6486
3751,4724
5132,6774
4282,4958
1317,6991
3131,3350
3022,3147
2064,2524
1918,2959
1036,2116
7009,7039
939,6887
1417,5193
69,2083
5993,6794
1513,2236
6149,6283
2025,3182
5124,6663
3252,6331
1069,5822
627,3087
1681,3998
1537,1709
3055,4897
6427,6714
185,1453
2718,3282
950,6401
295,500
231,2244
66,601
6590,6913
5538,6608
7200,7258
146,1069
5581,6878
1191,3026
2736,5313
6442,6484
4367,7052
121,4853
5505,6632
238,3319
3095,6361
751,1834
258,5582
1420,6721
258,4262
415,6510
585,2955
5877,7317
121,5747
383,501
1020,1092
1189,3487
1127,5078
3172,6244
184,1890
633,4173
3996,6466
2485,3743
3580,4049
1323,1969
3347,3485
5417,5877
6963,7326
4661,6924
1177,4284
2890,7173
3109,5864
2433,7200
3275,4078
1095,1097
1033,1128
3113,7089
1649,2748
2596,2748
6157,6294
1766,2465
4389,4486
2793,5290
235,5751
763,764
111,1141
3129,7485
987,2346
6379,7153
1227,3100
3259,4684
5486,7322
6157,7497
731,3380
3418,4880
1807,7353
1319,1763
531,7326
342,6360
3284,4312
1953,2127
6109,7162
121,3050
3644,3902
1164,2701
3259,6212
1040,1415
5254,7275
3651,4435
1042,7092
1430,2424
2033,3377
2274,6973
3009,7127
1936,2244
2000,3717
253,2803
3284,6747
1186,1803
1232,1668
3224,6149
2527,6006
1318,1834
3157,5464
2244,2479
2241,2244
3103,5252
4198,7162
1281,1537
819,6226
1354,6718
112,6162
3384,4858
150,1265
248,3319
166,2274
3852,6998
2500,3469
6157,6449
1649,2283
1105,1510
5150,6247
187,7322
3275,5324
6738,6883
1829,3574
1807,5948
408,3952
258,3471
2664,2691
1543,4039
3135,6331
1356,5877
2160,5386
518,3150
4352,7153
3744,6663
3282,3946
3284,5416
5960,7171
1803,3294
4843,6965
500,1643
1803,3106
2091,3574
6109,6651
933,6622
271,6025
1443,5705
1661,1982
3953,4719
3150,3878
3406,3429
4111,5351
1067,1216
2259,3313
1259,3344
559,4835
628,3813
2669,5518
257,7442
2099,2616
3275,7383
4198,6651
1656,2410
662,2972
1356,2927
587,6929
559,3113
2731,3603
3675,6001
5026,5146
6054,6346
4602,6878
3319,6343
3972,5346
1261,3574
1179,6373
5518,7367
194,2784
3115,6079
3076,6636
1560,2081
4916,7142
3181,6360
1346,1509
5193,5946
2049,3528
4467,5714
1375,1569
1970,6894
3568,5313
2531,5747
1829,6870
3104,7094
2565,6346
1572,2333
1394,1509
2038,2531
3150,5393
3578,4053
4053,5007
3623,4056
195,2475
442,5655
413,3961
6456,7350
1476,3180
3193,7122
1103,3397
3384,3885
1669,2236
1376,3021
527,5786
1939,6463
727,3115
2486,6814
1236,1731
5136,5628
933,3130
1082,3528
2794,4338
1064,1818
3575,7173
1373,4115
5993,6069
1678,1918
5587,6360
927,7132
3080,3857
2405,4012
6287,6635
1820,4757
345,7184
2452,7376
2381,6028
4411,5857
1918,3507
3738,4083
1665,6491
149,4853
5479,6646
1803,4668
1834,4313
191,3438
2275,2677
1951,6264
149,5747
5996,6839
1045,2223
6422,7077
2656,5391
2634,6099
1074,5810
3696,4833
2451,3528
2313,5311
2030,5121
194,374
5649,7325
1918,5006
494,3033
902,1553
2398,3883
952,3698
1415,1900
1008,5586
2251,3045
1278,1773
2527,5656
2790,5554
289,6790
2270,3275
4014,6998
6418,7077
4492,5712
2616,3116
2866,6219
2672,3643
4982,5233
1806,4053
6350,6660
3313,3710
589,1210
3129,7016
2541,4237
1572,5428
3115,5193
215,2228
3144,3275
2959,6883
1343,5121
4614,6038
637,5812
3224,7322
2558,4286
312,4999
1753,2485
5857,6632
1142,1736
2491,6360
3204,6738
1024,2089
853,1355
1796,3174
2992,3545
150,5859
1069,2483
3008,3263
1240,2583
5857,6437
1803,4551
1360,3961
2684,3983
358,3484
5230,6807
2528,3024
846,6006
1270,2429
2101,4218
2241,5786
4013,7122
5060,6474
2837,5313
541,3604
1328,2843
2196,3485
1356,7333
2516,3599
3172,6982
3117,6862
1101,6012
4847,6346
5403,5756
342,6746
3150,4953
4906,6410
1205,3717
2272,2858
2826,5931
3651,6390
3055,6498
2531,4338
338,866
1668,2932
3892,4982
4168,6883
4346,6559
1060,1159
405,7478
998,1745
3150,3953
2564,6162
3696,5538
3252,6636
1625,2741
3336,7141
1497,5351
4775,6894
1348,2679
5136,7030
7473,7162
6286,6581
3095,7200
6756,6946
4477,5993
351,2979
1952,2280
2691,6332
2312,3205
105,6577
1205,1952
248,5875
2053,3115
867,7102
3769,5529
149,4338
2659,3319
2742,3626
764,3192
875,1482
2565,3022
4517,4936
2742,5993
3329,6497
2377,3144
2277,3611
3121,6360
3384,6663
161,442
3255,7248
106,2434
731,2998
2020,6613
813,7178
533,2128
345,963
531,3095
1596,2076
150,6723
6497,7238
2932,2897
6161,7245
5931,5952
931,3339
4068,7127
608,7127
5291,6591
511,2497
1205,2629
6261,7322
7450,6991
6700,7286
1949,2236
3773,6820
3127,3350
5363,7073
365,6884
235,1815
3021,3107
2030,2562
4078,4280
2380,7336
1811,2435
121,5202
1979,3205
1270,1787
1586,3248
2348,4012
961,1827
2133,5313
1086,2961
2718,4011
183,2485
6832,7382
4664,6696
3629,5747
512,6929
3,3202
750,7230
1599,2030
585,3953
3334,3451
731,3661
2274,5954
3859,7366
3124,3150
1200,1291
2742,4903
5653,6577
2038,2616
1918,7238
972,7173
4504,6986
2460,6031
445,7241
1317,2081
3025,5136
1482,2204
2498,4983
2498,2565
1413,1589
3535,4075
2101,2143
3391,6119
576,3438
1760,3562
118,1829
998,4100
1926,3156
156,7238
1383,1638
1007,1143
1113,4872
1008,1112
4757,6057
1285,5302
6602,6606
2037,2094
3412,3574
3156,3274
508,3110
4531,6584
3008,3192
8,4757
1417,4435
3008,3170
500,854
1585,1798
4932,7382
1768,3040
3859,6450
201,3493
4982,7108
1480,5908
175,5074
29,6043
840,1665
2172,3129
1034,5483
2761,4757
765,5750
6865,7224
1304,2771
1614,3157
853,4110
1270,2204
541,6814
712,2028
3104,5529
683,853
256,2835
4575,4849
150,6761
3190,4262
3881,7395
2199,6876
4019,4054
5322,5315
1420,3074
1064,7307
6533,6919
275,2684
1139,6249
1862,3667
2010,6190
517,1413
3275,5413
3686,5136
1701,3572
1227,1831
4223,6149
4928,7367
150,1719
3150,4353
2181,7006
1834,6466
2329,5943
2324,2727
541,810
5716,7024
407,3854
2558,4266
2184,4235
3329,3744
487,2039
1772,3758
1092,3781
314,1178
3754,4953
631,3962
230,1430
2118,2855
1989,4235
1537,7395
2734,2993
3173,6346
194,2036
1729,3502
1743,2116
616,3154
1410,2693
1402,3130
1332,1654
1794,6425
3306,3484
1045,1751
3626,4024
2396,7089
500,7226
327,7257
2821,4020
6913,7263
2258,5099
1227,5337
588,2809
3150,4349
3173,5471
1514,1850
6218,6746
3186,5249
4209,6700
5918,7163
3281,3259
37,508
2027,2260
4869,4961
6025,6453
2238,3334
3350,6738
1515,3001
7117,7382
2531,5202
3869,7058
652,5526
3050,3895
5470,5975
2166,7325
145,5576
2498,5416
3160,4042
853,2598
1417,6935
983,6354
1307,6933
1423,2101
2679,7027
6041,7156
3319,6754
1584,2561
4613,4823
2918,2951
3150,5161
3953,5818
3574,7300
1178,7092
5699,6331
1761,2286
2771,6004
1481,4147
6437,6746
1177,3106
3694,7091
1532,2855
1200,2071
1810,3686
1410,3149
1064,2403
1159,1629
3880,5793
384,1227
1659,3565
1984,3081
5993,6986
4796,6484
1748,5238
1205,2000
5857,6057
3850,4083
268,6404
2077,3758
2038,4214
2577,3350
2169,5805
670,3484
4669,6038
1725,3175
969,6467
735,4613
950,5446
3182,3773
3319,6788
2016,4029
3961,5475
1537,6348
3192,7200
1151,1584
2273,2828
1834,6370
3416,6584
2874,4602
166,1551
5476,7489
2482,5351
3441,3439
1482,2432
1042,2049
3115,4085
3150,5619
1523,6410
350,2098
998,2029
363,3157
3265,5942
5814,7341
7457,7349
1434,6246
335,2608
4613,5629
2456,2656
3643,6193
472,6972
1818,3890
4528,6061
3616,3977
627,1758
5797,7290
216,1308
1665,2019
5138,6608
1207,4249
4,5812
1486,3750
6670,7207
2951,3021
183,3696
55,1402
1895,2527
4274,5146
313,3938
187,7094
852,3926
286,7073
2498,3284
1347,5009
5355,5879
889,1311
828,3095
2282,4207
1270,2432
1177,1833
3170,3350
1647,6102
2255,6214
1479,1810
3496,4843
251,7022
7488,6780
5211,6667
1243,2030
20,6733
1301,1358
3311,7396
61,5136
4152,6670
4050,5359
1597,5387
3255,6746
333,3094
2379,7325
1227,1678
1603,1714
3464,7131
312,2828
2755,3252
928,7095
2274,7148
2407,3313
851,1420
228,5553
1351,4089
4705,5853
1476,1799
1803,3135
1387,3266
1253,2174
601,3043
3933,6006
3319,3685
1551,5717
1049,1846
1259,5850
4845,5602
1650,2228
2400,3399
5842,7256
6111,6298
6006,6716
783,2081
3257,7367
2189,6814
4130,6469
2402,3830
2030,3022
245,3150
3271,5864
998,2249
3109,6972
1840,4702
2167,3022
875,4757
3905,5960
1283,4008
930,2033
1685,2555
601,3118
1634,7397
3313,5683
2152,3425
6746,7200
4049,7176
1070,2789
241,6677
255,6601
3008,3067
780,2584
3026,7018
1659,2799
2091,3058
9,3274
2369,6858
16,5435
1407,1868
338,4020
3199,5324
3144,4503
3477,3717
3190,3371
3659,3923
3340,3574
3199,7348
1413,6748
1849,3150
1373,7395
1089,2395
1089,3591
822,4505
2565,3252
2664,6801
3744,7057
617,6331
2174,3307
1768,2984
797,1789
3384,6594
1177,1762
501,866
1700,6858
3313,6222
3076,6042
1803,3166
494,3282
1799,7097
1274,3275
3953,5240
1855,2616
1721,2123
361,4649
853,7400
3865,4005
2905,6389
4357,5512
2030,4569
2516,2887
3109,3854
6640,7107
1386,1430
7054,7127
2837,6590
144,6814
500,2592
1495,4317
5020,7009
2959,3696
1918,5976
6577,6921
2038,7090
3251,5420
2406,4108
1236,4862
1860,3544
2246,5290
3038,5478
3252,3394
537,1753
1082,1094
211,6502
5481,6331
3119,7324
4813,6405
3076,3280
7449,6360
16,3330
4734,4941
1301,1409
1069,2001
1404,7285
3124,5313
588,4365
4506,7126
576,6820
3439,4831
5317,6986
6439,7295
2027,6169
323,6727
303,1889
1137,1341
5868,6621
3846,5823
606,1537
5206,6277
933,5417
2081,7461
1110,1600
1173,1404
1177,4162
3994,7263
1782,2090
4911,5403
1184,2502
2535,6131
4526,6365
5374,7163
1317,1791
2754,4333
1918,6149
5967,6817
1314,4255
4019,5493
5050,6904
5360,6111
5633,6947
7434,3499
933,7223
2666,3211
1788,5708
2215,6006
1319,1348
2230,6307
2098,2163
3135,3157
2820,6706
616,3082
1086,7012
1532,3692
3702,5706
3953,4334
1019,6410
2548,5064
3744,5969
1803,2377
4124,6035
582,5939
4551,7478
1829,3577
5667,7190
1687,4132
1437,1834
752,3340
2301,3444
2133,6590
1736,1921
1163,3617
2965,4217
1649,1964
790,3744
943,7075
321,1729
3399,4689
819,4853
1065,1722
40,3399
7156,7266
3757,4044
3108,3651
4878,5855
1352,1685
1110,6018
626,629
5817,6038
4171,5892
989,1547
381,2338
5842,6235
1182,5293
1678,6752
408,6074
192,194
4120,5812
5181,6839
5526,5696
1659,3637
2274,7098
342,3259
178,7021
3266,6212
4494,5900
6066,7367
1879,2360
1970,3945
3334,5782
5650,6318
589,1903
6261,7094
3252,6042
2016,5814
6466,7216
1579,1644
1430,4030
2056,6807
3172,6954
6497,6581
4956,5649
1178,1454
1892,2043
1009,1159
1748,6509
2616,2895
2606,6550
1486,2091
2133,6466
432,1383
1756,2474
6132,6871
6277,7178
2360,3650
3150,5546
6061,7036
270,5704
933,6972
1540,1837
1906,2962
5756,5812
3125,4763
1463,4492
4594,4807
3118,3274
6113,7178
6054,6360
1953,2910
5002,6115
858,2576
4410,6991
4091,4794
1417,7317
1659,3613
208,6696
2030,6261
2043,3173
6833,7382
889,6739
2318,4146
5098,6053
3588,7307
3157,6320
2432,5975
3223,3295
1855,4214
6029,6240
1523,5351
1177,2036
3059,5403
1654,2428
2962,3667
370,383
1939,2803
3900,4168
1309,3309
4917,5008
287,1040
4315,5852
3157,3284
3050,3116
267,1259
2102,2222
998,2124
1330,2653
291,1486
3109,6627
2866,5303
3491,6899
4724,7368
3185,4815
5463,6114
1322,1621
4746,7254
4168,7266
3709,5920
3008,6626
1583,2596
1522,5166
954,5477
6497,7322
1756,1985
4418,7367
6074,6149
273,2734
1069,1717
4556,6466
3255,4189
6747,6752
4174,4346
500,786
2030,6287
2415,6149
2092,5747
5247,7189
6670,7266
1068,1818
183,6286
4843,6649
5498,5505
1054,1178
2160,2197
0,1652
763,2570
6464,6839
1177,3274
4997,5178
477,671
998,3360
2368,4869
3150,5861
5512,5861
1278,2317
1270,4320
510,2329
5351,5818
1313,6613
4571,6225
624,2858
2660,7307
1417,7299
2030,4966
2230,4873
1220,6282
48,1467
1803,6762
5552,7322
2737,3157
1322,1799
2738,2828
4035,4075
4424,6746
229,2905
1259,2754
336,3102
2164,2496
4468,6568
1714,1987
1242,1761
2092,3050
662,1921
1086,2136
2573,3058
4205,7396
2585,6712
4186,7213
483,2967
4439,6111
2664,2884
3,1082
3259,6708
1507,1935
5842,6698
2061,2498
1918,3138
1467,3375
2116,4364
610,2331
1269,1530
3744,5919
2853,3272
808,4978
3574,6519
2905,4720
6322,7034
2049,6311
1269,2370
3892,4613
383,6197
230,3953
5403,6045
646,919
1768,6368
1479,3047
1569,2502
1105,1696
3180,3689
4068,4479
1372,3021
1051,2539
6772,7410
3390,6806
2676,7021
6313,7162
4771,7301
415,2287
1383,3983
1803,2820
804,3274
1358,1523
1649,7036
3022,3378
6331,6676
422,3560
2377,4068
1237,2116
5826,6738
2575,6360
4580,5597
2116,5807
784,1417
5416,6752
2030,3107
3185,3382
2091,2528
483,2956
1889,5820
440,6162
525,662
1443,3050
3144,4577
4613,5233
1317,3310
1152,1388
3744,3952
3259,5505
1278,1324
1201,2803
1467,3869
3651,6401
3384,5969
1482,1640
6297,6627
6111,6614
2127,6088
1045,6719
1243,1803
2498,3994
1360,2684
3275,5831
5755,6991
750,7253
2374,4093
422,6789
178,765
5370,5856
3591,4596
3315,6991
1875,2076
1753,7009
3142,7094
3099,6670
735,6972
1400,1936
3129,5852
2963,6504
531,7319
217,7226
4788,5887
1981,2093
2078,5351
2038,2245
1495,3539
1492,5810
4714,5609
662,1355
2994,4274
568,4192
3532,7336
1317,1809
1430,1823
183,2582
1810,3173
494,4011
4739,5850
2804,6571
2176,6152
3717,6135
3470,5493
2498,6111
1918,2548
418,5660
1438,3275
3744,6625
5351,5363
6001,6350
1383,5946
4967,7034
4168,5124
3067,6360
7339,7382
3696,7053
3266,4980
1754,6728
2389,6990
1482,6629
2050,3173
3698,6673
5364,7009
415,5947
1659,2097
267,4998
2516,7449
3076,3123
1227,5777
174,1255
1379,1410
5378,7263
1829,1839
1000,2191
4766,6427
1657,5964
5360,7406
7189,7391
529,2275
3076,5130
1683,4029
5354,5493
3066,4797
5444,6746
1087,1595
1757,2895
2742,6555
4168,6286
3150,4937
2485,6883
1189,4062
1278,1713
5532,7162
1464,5823
1647,2336
438,1330
3260,6346
6670,7243
933,3115
2616,3160
3413,7049
1546,2866
1290,4165
1177,4507
29,1387
3115,7317
938,7092
2037,3050
5652,6409
2326,3783
2368,3274
1690,4044
4288,6913
310,1417
831,5877
2963,5978
268,1300
3303,3486
1633,5483
3182,3524
2097,3578
4189,6166
3390,5010
3343,3997
5524,5711
1841,4102
1659,6048
3475,3689
3110,3284
866,3560
3274,7125
5053,6750
2180,7465
3107,3252
668,3979
1586,6439
1809,6590
2754,3971
1942,5832
266,3119
7445,3356
1445,5188
2498,6038
3144,4269
3252,3258
3274,5342
3209,7009
4968,5240
1691,5851
998,1713
1366,2076
2484,7123
2030,5414
1855,6538
2289,6718
1476,2774
2774,5558
23,2038
2064,4156
2528,4301
5342,6752
5829,7127
1089,5188
593,3115
5752,6830
524,3275
5243,7009
617,750
4016,5351
3150,6987
1486,6545
150,6690
2313,5366
1074,1513
2727,3184
3115,7299
3144,4361
133,3971
716,6354
2156,5482
974,3651
589,2776
2604,4876
2463,3370
183,2030
855,7268
3989,7073
3173,6360
1975,6553
4680,5857
2455,3115
622,4644
7442,5665
1482,1860
2455,6627
2918,3008
2301,2325
742,2360
3186,3923
3018,6121
1356,4613
5012,7325
3275,4333
3124,6590
1986,3611
133,1834
2924,5252
3138,3252
662,4110
3021,3111
1581,3334
1811,4033
3003,7488
3832,5667
2449,6991
519,3032
447,3961
5604,7077
3082,6111
1039,3269
1834,4865
1543,3190
541,2454
1938,3697
172,7430
2336,3318
3115,3651
1112,1838
1407,2564
2429,5649
1206,3284
270,2176
1764,4869
1855,3119
3106,3157
2030,6360
1166,2371
1575,3144
1076,2083
5518,6043
5848,7127
268,1220
3274,5903
1818,7066
1534,2545
2672,6929
511,2664
3104,6825
3837,7475
4866,7367
497,1635
2948,5877
1718,5317
1754,3076
3989,5096
1242,1537
456,5263
103,5696
4236,7089
3626,6839
3495,7190
664,725
2355,2794
5581,6332
4783,6341
3980,6466
121,3886
600,1659
2116,2727
6111,6663
599,4933
258,848
7430,1466
3284,3795
4235,7073
3109,5193
1413,3916
3878,6965
1500,3374
6390,6627
671,5527
5579,6269
5468,6403
3284,5214
2981,7126
1312,3586
5505,6747
2268,3026
3142,5529
933,1402
3648,4816
780,6712
3740,5041
2829,4410
1247,2367
1074,1079
607,5477
1537,1979
384,1372
6054,6718
1270,1902
2065,3454
3068,3227
710,3486
174,749
4976,5463
1454,6718
1069,1367
541,1261
1301,2806
1919,2230
1661,2765
3157,3994
3274,6346
3174,3190
3892,6038
1560,2013
4742,6269
1328,2776
1497,2015
2727,5275
1473,1592
2496,5794
4309,6735
616,3143
7455,3837
503,7314
3093,5451
3882,4853
4598,6497
2829,6932
977,6685
1092,2710
6972,7231
1852,2141
815,5142
112,7126
3882,5747
2985,5433
1313,3125
2123,2626
2394,3019
1227,3696
256,6326
1488,3208
3066,5368
267,422
1069,3064
1075,1258
3135,6738
614,6149
5300,6981
5857,6482
3122,4245
3107,6360
5001,7142
907,2498
3045,4020
2301,4168
1310,2051
3211,3391
1430,2920
98,3255
4517,5392
3172,6517
1574,7397
2809,6466
141,6820
1383,4213
1918,6111
342,3284
1415,2487
6372,7185
2516,5370
627,2740
2363,3197
1045,1769
5625,7197
1039,1301
1304,3304
1065,1192
2997,3822
1515,3697
655,1504
1,1547
383,3045
3136,6752
1139,2759
4824,4843
3893,4757
2351,2975
1216,3322
3150,5442
1081,3026
617,3157
5493,5868
1243,3157
2325,2829
3144,4106
1317,1575
1402,3115
4613,5749
412,6123
7053,7322
2812,7389
1151,1430
329,7200
148,6507
3634,6991
1753,6539
653,3275
4833,5529
933,6079
790,5529
2582,3252
2959,5853
312,6069
6329,7156
4992,7034
1019,6377
1783,6138
879,4768
2498,3008
590,1818
140,2460
785,5805
5101,5543
950,7273
1649,1947
3138,6360
3744,6556
394,3251
2699,6984
2731,3862
248,2528
174,2487
1896,6695
6149,6670
311,6402
853,2967
2985,6189
441,2211
3157,6038
993,2338
3144,4105
351,2362
6521,6524
98,6346
5572,7263
2607,3172
1768,2731
2498,3350
2030,3152
1385,1412
487,3068
2372,2487
2400,4843
1019,1430
5315,5879
853,7226
4639,7128
7438,2127
1792,2030
1372,3008
2388,3129
2754,7263
1799,4364
645,3157
1473,2874
993,1434
1951,5313
3643,6859
3892,7200
2121,5762
1313,3199
5949,6435
19,2377
3330,3493
1413,7026
1069,3763
535,6214
6735,7040
2030,5986
2110,2554
2257,3252
4626,6484
3350,6619
4288,6466
511,7236
449,5500
1177,1219
3696,4987
1463,6989
5331,7394
2269,5716
1372,3350
1291,5244
3144,4558
1540,3361
3008,3154
1443,3119
1317,5252
3217,5249
3258,3350
773,998
4497,5290
1810,2813
589,7153
1569,3334
1668,2962
312,3344
3350,6261
1219,7131
1281,4115
2030,3896
1315,1413
1417,3653
4634,7078
1348,2176
1069,2594
482,500
4226,5850
4393,5235
548,5814
110,452
1484,1799
6074,6111
1420,3839
1076,4159
2946,6526
133,2754
3696,4569
2405,6377
1074,2131
73,4884
5942,7223
527,3248
3769,6486
4603,4741
1033,2721
4927,6965
2901,4011
1534,5609
3485,6274
6788,6812
4159,6086
2605,6511
6400,6570
1594,1793
3274,4569
3485,5768
2033,3660
2038,3064
2721,5738
5176,5315
2416,2889
601,3131
3136,6718
3350,6287
500,2204
763,5554
3698,3985
781,1200
5505,6066
1425,5191
2905,4132
7468,5824
2727,4601
3050,5084
3953,4675
351,2223
2902,3282
3195,3191
585,5220
2336,5804
5002,6122
3126,5942
998,2123
6277,6392
183,6552
1834,6806
1298,2190
2664,2665
174,3429
2043,3708
843,853
3199,4831
2642,2711
388,2377
2642,6977
620,2033
2381,6006
1040,1301
1586,2244
500,1140
4685,6836
2127,2246
2828,3344
427,2747
7,1926
1039,4055
1217,5565
1064,1216
3447,5824
2327,3498
4101,7173
88,2498
3052,3796
1799,7105
3744,7406
2087,3851
407,6883
2489,5493
2979,7052
3150,4246
3157,7200
1768,3429
5446,6082
3255,4424
2880,3975
2905,5111
3115,6401
500,1997
267,6021
1614,6346
4508,4843
2037,3119
996,3231
687,3612
1652,2499
2928,5805
2994,6185
5547,6001
7422,1825
2415,7094
1926,3065
1226,2043
1070,6151
596,1069
1358,2353
1175,3199
1415,2471
1074,1474
4705,6670
1269,1953
7452,3931
1926,3141
994,6006
3698,5520
5582,6874
248,2091
1962,3076
2486,3094
501,2985
3983,7089
458,2731
1131,3977
5417,6972
3843,6752
5005,6252
3425,6951
2755,3259
2152,3274
1889,6785
3255,7258
1092,2070
612,2326
2331,3690
1769,1777
871,2402
6264,6991
5140,6494
79,3003
3034,5842
3145,5747
3076,3274
3156,6718
1591,1942
1511,2124
6042,6346
2043,7006
1962,6606
2028,7341
1807,2123
1503,4092
4478,6111
1125,3237
1527,3019
3076,3467
3817,6410
1092,1095
7201,7367
5122,7488
1949,2746
3384,6983
501,5828
3953,6316
3536,5355
2948,4982
3391,4945
3696,6619
2049,3313
2217,3062
1815,4210
5801,5824
1280,7342
779,3115
1118,1181
3150,3620
5064,6074
914,2960
7430,1492
3734,4990
541,1361
4426,5346
2053,3626
2475,5996
242,879
546,1283
685,7387
3621,4689
738,1593
1275,7042
4349,5187
706,6802
822,6354
1029,2116
1053,1970
2085,3026
2257,6360
1449,6109
1141,2607
2050,2531
1520,5817
6331,6708
374,1492
661,2869
3319,3412
3706,5271
5594,6535
314,2671
565,3349
1547,6912
3284,6983
126,3756
6415,6435
853,2592
2582,3076
2498,3100
4012,6665
3115,5406
7141,7272
3696,6633
3104,3274
4953,7192
2105,2616
4666,7197
1809,5252
2330,6804
3123,6111
1465,1467
2250,6466
1569,7403
3388,3811
1611,2000
4613,6082
928,3081
3696,6287
950,6210
258,2291
2987,3809
2160,2615
1715,3026
1069,1610
147,780
4545,6319
3274,6633
2786,3248
1079,1177
3066,3150
3614,6942
1960,6225
508,2948
1461,4448
2582,6606
1494,1621
1024,6770
5166,7358
853,4096
863,3836
150,2731
662,845
1686,2116
3683,4012
2172,3837
3115,3653
3095,4191
989,2228
2533,6752
194,1130
37,6667
3156,7251
351,2358
1665,5605
971,1551
5351,6808
3744,6074
1227,3161
184,1314
3059,4053
1356,3854
2637,2866
1709,3484
384,2570
987,6271
3145,4338
6678,7364
2516,6991
3499,3968
3119,3145
1443,2656
1426,7396
3485,4706
2983,5645
3275,3528
384,3100
2463,5803
2485,3462
6964,6999
2531,4385
3050,3160
1494,1799
3843,6718
312,7446
2138,2843
1206,6038
1216,1367
4314,5242
780,3032
1807,5742
4387,4613
3103,4349
1092,2538
3252,3274
3961,7496
3275,6472
6213,7303
3399,5317
4262,5693
1834,2833
2147,6302
1926,3104
3252,3467
453,3979
1227,2582
3988,6929
1584,2791
3754,7192
1086,5117
389,7336
2087,2412
4284,6883
1674,3483
4006,4641
961,2996
1731,7456
1074,1411
7419,3144
2257,6606
2434,6650
1115,1113
258,2314
2542,4053
508,7057
1591,4342
3079,3115
3252,4957
1089,1713
3215,4982
351,7225
3079,6627
2850,5996
1834,5952
3874,6991
1834,4479
1069,2226
589,3527
6347,6606
6070,6752
914,4038
1536,4197
853,875
3043,6752
2582,7406
4596,5754
3159,3438
616,3105
3061,3350
1361,2127
2939,6396
3019,7068
4365,4423
2754,3972
2740,6455
3439,3673
5695,5770
1649,6120
1430,3248
2570,3252
1387,6331
946,5918
6581,7406
383,1460
2329,3533
1667,1768
2545,2866
3199,7238
1029,1532
3281,3350
1659,2542
2516,6932
192,2244
970,6157
5417,6627
1028,1869
4719,5920
2415,3008
1367,1819
1511,1832
1383,6401
439,4053
146,6417
5099,5868
998,1531
3066,7247
3106,6825
3275,6560
121,1855
4212,5181
841,2071
2030,3111
6329,6883
6265,6331
3702,5622
699,1736
2440,3717
1827,5676
4290,5188
453,3999
1160,4235
150,3429
2381,4123
2402,4864
133,3972
616,3378
1829,3588
1878,3572
149,2037
3135,3274
2166,4654
383,584
6289,7132
2030,2408
1665,6965
662,1643
1311,1482
29,6038
163,2488
699,6238
266,2794
933,4435
1325,5832
3349,3968
2421,3073
1417,5446
1609,5931
3135,3255
3626,4835
2050,2616
3155,5251
2491,3021
2516,6893
6041,6111
4148,7107
3205,4311
1855,3882
2921,5613
1809,6025
422,587
508,5969
3211,6109
1486,7139
1473,3697
3080,3374
3144,7111
194,5290
515,1784
2274,3643
4466,5345
1572,2009
267,312
1317,5955
1383,3126
3313,7403
3223,3330
1714,2409
7058,7394
1552,2180
1227,2030
2015,2223
2363,4632
6465,6722
5228,5304
1356,3115
3486,5165
1356,6627
847,4389
1736,1944
1055,1430
2318,2788
4569,6497
2326,2434
872,932
3144,3496
351,7442
1936,2809
889,986
6486,6883
2224,3313
4912,6850
3021,3138
1849,6999
2480,4876
5162,7156
2408,3157
6111,6855
2895,5432
3260,6746
98,3252
3588,4775
1381,2083
2947,6104
695,3255
815,833
645,2918
2381,2705
3110,3350
1229,6606
1811,7300
5529,7239
2369,3689
6214,6737
2381,3348
3118,6752
763,5777
3696,5512
3921,6524
3946,4011
2008,3485
1887,4692
2695,6346
1004,1110
2359,3650
6058,6331
649,3323
2733,3588
3900,6111
1799,2525
174,404
408,3744
1410,6343
6741,7089
5747,7090
267,5605
1178,4179
6472,6596
1700,3689
1829,3778
2005,3359
6764,7023
313,3275
1624,3379
1313,2180
3105,6346
2616,4042
6283,6670
4902,6354
1270,2459
3275,5544
172,3562
416,4006
2223,6684
3033,3902
3706,5667
3961,7223
6038,6360
2228,2972
1413,4936
1799,2524
3255,6406
3959,5942
312,5850
1074,7018
3253,5812
539,6788
2049,4551
2230,5806
5525,6327
504,4413
2336,2420
2654,5857
4684,7367
3186,7044
3992,4365
1177,6752
2498,7156
1818,6052
1926,3994
537,559
1661,3122
1889,6239
304,4479
759,1868
2886,3910
13,6742
501,4075
244,2982
539,2642
4590,5304
6277,6613
183,4833
695,7367
253,1639
2087,5959
2828,5451
2570,6360
3274,6360
345,3355
2645,3744
2485,7239
1736,2698
3132,3115
1918,5156
6041,6608
3284,4189
1030,5651
314,4111
1267,2101
1803,3060
1166,1323
4321,4591
2081,2875
6817,6873
2547,6305
2140,6880
2230,2625
1177,3173
1179,3829
2994,5022
628,5304
2225,2803
7455,7276
3945,6828
3022,3106
2331,2329
2050,4214
4348,5166
3144,3904
6670,7053
511,4265
508,5919
1766,5832
2081,5304
2608,3144
2475,5290
866,4768
483,1140
1074,2594
4661,6038
2807,3183
2035,2160
5956,7009
1415,2435
2377,3974
2828,3905
3123,3350
764,1227
2256,6220
1403,3350
1086,4165
1070,2000
3334,4012
1161,1895
109,1625
1564,1932
933,6390
2112,2531
2757,5616
3080,4012
1038,2539
1398,6427
183,5162
2054,3350
4709,6887
1088,1467
1714,2443
1695,2855
2218,6502
3275,7478
627,5753
3039,5463
1350,3076
1373,4489
1009,1074
1417,4495
2138,2836
3857,6845
3125,6005
2828,3193
1051,1435
283,5871
748,2116
6240,6742
2702,6381
4046,4479
678,4610
5827,5911
5450,7342
1177,3061
1430,2616
1069,2002
731,5395
2664,3920
3595,3837
3185,5492
519,4037
962,7364
2638,6502
2043,3150
540,3605
1354,5842
1175,2180
735,3983
2116,4118
123,2794
6436,6884
1040,1358
6554,7326
1749,4809
599,5923
5089,6663
1619,4549
2582,3202
916,2498
3870,3879
865,1291
384,1831
3125,6197
3951,6744
1062,1298
3050,5422
4234,5512
367,3859
346,853
2087,2537
6511,6672
5980,7348
1026,1035
3248,5347
1647,2053
6620,7263
3141,6825
144,3094
6331,6636
174,3644
5346,5407
1706,1868
2377,4046
2715,3068
498,3961
627,5852
1069,1584
1819,7359
415,2874
662,854
1537,2343
2372,2435
1339,1537
1241,6510
1341,1999
7461,5812
1695,5351
2527,6336
4370,4480
795,3752
3854,4727
1402,4435
946,6395
6127,6706
2054,2498
387,1069
133,7445
3082,7156
1024,1781
286,5507
3275,5144
2991,6005
3172,4012
307,6792
6881,7009
3651,4124
1918,3099
6038,6058
2331,4158
1224,7200
885,2434
498,950
1227,1789
216,3019
483,1133
1269,1514
483,1134
430,5951
3252,7113
3675,6350
526,2903
1177,2575
6038,6218
3696,6661
2977,3172
5696,6839
2674,3144
3144,5931
957,2422
3945,6359
3150,7209
3643,5954
1560,2809
3580,6128
1540,1544
3951,5346
3208,5362
1632,4147
1360,2742
1981,5480
2905,4817
842,3068
589,6548
1117,1120
1868,4311
2002,5312
235,2631
4378,7163
1448,3275
1318,4053
859,1482
5482,7073
7034,7189
181,5249
3058,5251
559,2455
1792,3157
1241,2098
872,5758
2741,7091
1725,3164
57,6693
3455,7295
6111,6625
3255,7196
407,1918
2978,2979
4830,7396
2094,4214
5360,7322
723,957
316,2336
4268,7322
1757,4042
585,5636
1175,1818
140,763
515,7349
1203,1371
333,1486
174,1729
419,3058
432,5877
183,6670
1064,1467
1656,2673
1274,7127
1834,2198
662,7226
491,6929
4207,7025
409,634
7153,7221
663,2401
3654,5505
4421,4596
483,482
982,1868
1024,1215
4189,6482
1848,5802
1711,2835
3399,6986
3177,6785
5856,6312
1093,1105
5024,5315
1754,1834
4411,6331
4094,5863
6034,6820
1591,3982
1114,2555
2485,5853
3109,3651
1479,5842
221,5812
1564,2068
5737,6025
3319,7464
2026,2160
1415,3947
196,5010
4054,6022
2386,2498
1487,3094
4650,6559
5002,5271
3045,4075
207,248
4029,7316
2569,6752
1178,5324
4288,5638
301,1961
1307,4543
4020,4075
1125,5786
4125,6006
383,866
1386,3334
3115,5233
2590,3252
258,395
2275,6596
2765,5351
650,3020
6366,6752
5193,5942
2030,2460
1754,7313
2112,2616
2363,4209
1259,6566
3274,3896
1779,3089
3252,4966
461,5671
760,3191
150,2501
1725,2734
1391,6502
1616,2195
3119,3173
651,3125
1610,1847
1768,6930
952,7073
2784,5290
1347,1428
5857,7253
963,2645
3485,6061
4577,4968
174,7010
998,4517
1665,3307
845,1482
3150,5818
3274,3479
153,3143
258,2706
3106,3274
2498,6041
2110,6560
2133,2809
1918,7156
2373,3140
3416,5340
2332,7263
598,3485
5355,6454
692,3983
2037,2794
1360,2336
1465,1619
7462,6712
1923,4770
3208,4582
1855,2690
235,6704
2068,4672
384,3106
946,4523
6038,7249
1845,6206
1576,1736
415,1555
2963,3466
370,928
35,5174
1936,3455
6729,6872
739,3232
1317,5856
3255,6038
385,6839
656,5315
2946,4467
338,7095
1393,1739
1711,3758
4656,5911
2049,5517
1650,2166
91,5503
5292,5603
1376,1926
36,6584
3319,3603
727,933
3025,4814
170,2381
1799,6842
5662,6448
349,2876
1036,2372
2176,2473
2498,4260
6025,6360
214,813
483,989
1936,2795
517,2764
1039,2483
2849,5422
76,7089
970,3144
1082,1080
1762,3252
3632,3983
5283,5944
1829,3283
407,6286
3486,5648
3953,4947
1177,3110
450,2541
2558,4297
1074,5662
5178,5764
1572,2551
5063,6318
1410,6788
3284,6175
4282,5900
3524,7389
3880,3901
1847,6714
1330,4423
3069,7325
2363,3032
937,3379
4984,7200
3274,6043
229,6660
3252,5518
683,889
1577,4051
2081,4893
5162,6883
3274,6074
843,2166
5810,6439
2780,3313
1011,2166
536,3025
6467,7490
3813,5304
420,2616
1803,4577
1272,3313
3268,7126
8,483
1134,1461
2104,7443
2289,3524
312,5544
147,2585
3709,6226
1895,2084
3255,3254
5992,6190
1028,3469
187,3696
3172,6999
312,840
195,1126
3384,3600
1039,1128
500,1142
3837,7060
5617,6360
1473,2292
6137,6637
174,1940
385,4212
873,2812
7424,6835
1668,6367
3486,3961
1064,2280
2599,5613
661,7343
2166,4126
65,3182
2043,2810
1799,1940
1309,2381
1644,2789
831,7254
3255,4669
4054,5231
1219,1503
770,4784
2079,2076
1036,3498
5346,5511
1404,3424
497,4709
2368,7251
5501,5667
3121,3350
2104,6845
4283,6189
266,1855
442,2542
3697,4816
4893,6360
2112,4214
483,6743
1585,5018
1410,2694
2587,2918
5066,7089
1434,4069
3354,4581
1110,1559
294,731
3611,4235
1895,2230
6190,6590
5842,6971
1577,1791
4622,6844
6632,6746
600,1569
3252,6632
2302,2974
2116,2662
1141,1143
3690,7301
108,809
1591,7092
1731,3032
2695,3252
1788,4002
2733,3698
501,6857
2172,5249
2379,5757
2081,3921
840,6965
3323,4163
300,6802
1214,1810
1352,2316
5986,7406
1804,3185
2590,6360
4643,5234
3255,7200
256,1597
778,1796
4841,5074
4679,5191
823,3709
1354,3144
1483,1761
822,1241
156,183
1751,3094
712,7341
5450,6559
2379,6916
3107,6149
3105,3252
2030,6581
566,6242
718,6370
482,1482
1042,2013
3119,3493
379,1269
2319,2803
691,866
1090,3195
4758,6067
1613,2997
593,3651
7419,5351
853,1140
397,1621
2736,3953
1069,2305
5463,5483
6613,7296
347,1502
2076,2961
2498,3153
3988,7051
2104,2916
235,6230
3255,6054
4376,6841
645,3274
3744,6149
4506,6513
1886,3567
5166,6885
314,6107
641,979
3199,4805
589,1466
695,3252
3115,4693
3021,3181
1243,6346
6484,6583
841,1648
2234,3377
5776,7411
3990,7254
617,7367
169,3977
4360,6603
5007,7127
3769,5853
4327,7044
248,3706
3131,6300
1307,7168
1591,7279
750,3259
5161,6122
283,3574
850,5136
118,3869
987,2603
288,5178
332,5331
3252,5295
4139,6026
2094,3119
2214,3338
4332,5964
3707,5346
1542,3231
208,6767
2590,3076
5002,6791
5616,5682
1756,3365
1443,3313
386,6761
3344,3905
3736,3854
4796,7094
3344,5850
398,7089
2030,3138
508,7215
3274,5427
3056,7390
494,3774
4058,7403
1924,3066
790,6486
4478,7156
1660,6103
662,875
1301,1674
3150,5365
1818,2482
2556,3275
2701,4071
1028,1298
737,1500
5481,7367
1227,3131
2594,2733
4153,4732
3045,4485
2087,2663
1106,1128
750,3257
1131,1970
3144,4426
5210,6053
4421,4845
145,3360
2994,5027
6164,7406
1291,2588
3309,6788
2442,5191
1673,2101
3026,6047
1217,1341
5814,7417
345,1546
3963,6402
6396,7362
2497,6332
415,4505
3533,5493
174,3410
1162,1287
360,1317
5276,5463
3172,3997
1089,3296
1909,2222
1227,2368
3076,6057
202,1818
4507,6346
3439,5214
5927,6360
563,3540
2049,6313
1547,3341
6676,7200
1584,2797
853,1133
1180,1371
2689,4207
853,1134
312,5522
5733,6510
6360,6983
1402,7317
3107,3284
589,1064
3275,3856
3099,6360
1319,1500
1175,3680
3076,3152
4932,5396
6111,7215
4365,6231
2526,3089
1070,2424
1634,2363
2829,4757
2562,6346
2827,3617
385,7448
5368,5748
1849,3172
3479,7089
763,2582
2542,3058
7428,4910
3444,5856
4189,6066
2434,2516
540,3119
3115,5749
1024,1871
3574,6894
3987,5805
4424,6038
692,2485
805,6340
4313,4816
867,5236
134,4365
387,6181
194,2786
4435,7089
3076,7074
790,3274
3131,5529
2929,5009
5853,7156
3113,5864
2037,2690
6395,7163
3050,4030
3144,3492
2755,6038
456,5166
383,4020
2091,5386
815,2124
3696,5360
3499,3735
6250,6464
1210,1569
3983,4024
1356,4435
2886,2876
2020,2377
2695,6360
76,950
3996,5677
2030,7161
412,7058
4189,5070
4689,5317
1819,2091
3204,6670
3744,7322
1528,1639
2754,4445
4843,6395
240,6346
2266,5667
2048,2531
3070,3252
2198,5931
3377,3925
4051,5748
6818,7403
3150,6156
784,1356
3854,7089
4747,5477
7127,7497
486,1615
1443,7153
4314,6928
5355,6301
2002,2945
6300,6497
2727,3580
5928,6313
1655,2116
753,2434
1178,1175
407,5853
312,2400
258,2693
905,5850
549,4689
1929,3860
187,6286
3097,6986
2946,5996
1205,3317
4789,6207
1834,4333
5026,5996
1413,3254
4761,6590
1043,2633
3282,4264
323,5197
1478,4526
946,7418
229,5264
1313,3698
663,6145
6947,7017
384,3085
235,2851
2036,3248
3572,5189
695,6360
998,4102
3284,4834
3157,6883
731,7052
1060,2007
2127,6336
914,1042
550,7268
3174,3656
2828,5966
1665,2828
3344,5062
1082,1226
4526,6115
3933,5099
235,642
1385,1432
1045,2487
385,3222
3686,3698
6865,7303
1815,3199
4523,5918
825,6841
1500,2385
5947,6354
3651,7246
2727,4348
950,4926
183,3160
681,3144
1929,7389
2579,3498
5254,7142
3443,5403
2498,4478
2166,2967
879,4020
1341,2620
520,6249
763,2030
3344,3979
71,6529
1879,3094
970,4198
3843,6663
1443,1855
1944,5817
754,3466
1089,1115
1483,1537
1479,5705
4667,6510
1572,1574
6850,6925
1979,4088
2754,2837
5842,5878
3895,5747
6286,7266
3486,4689
2948,6300
2734,5693
2200,3689
3349,3735
1962,3284
2874,4305
767,1304
1177,4398
1918,3224
3112,5193
4736,5317
1504,2087
1659,1746
1855,2038
500,662
3236,5423
3025,3728
5111,6660
183,4357
1485,4489
1074,1690
1417,5217
2516,4142
4856,6025
4274,5181
5527,7077
1069,6736
5274,7314
310,1356
859,1270
5135,7174
1348,7318
3274,5587
2737,6360
358,1761
511,792
64,6038
67,3231
4842,6360
4446,6466
764,1372
163,3953
2032,3144
2980,3859
297,5842
2895,3895
483,1860
1036,3902
3178,6814
5504,6746
774,3342
275,6627
2015,2292
699,2139
5355,6740
120,3343
914,5253
2099,5747
3223,3620
2030,3021
1675,3058
3131,3157
94,4189
2451,3943
1112,1118
244,3230
3252,7265
1046,1070
2919,5613
3272,7061
2173,3572
2527,7378
1551,5317
1486,3094
1708,2434
2039,2474
2435,5351
1591,2087
1814,2116
6608,6670
500,1650
2950,3094
1279,5188
559,3126
391,5379
1525,3837
161,6673
1895,4277
1818,2435
1064,3717
1420,3508
2280,6089
899,1313
1584,5810
4724,6451
3032,6157
3065,6883
3419,6157
747,3463
3284,3654
1726,6263
2985,4075
133,5308
1560,2015
3362,6668
1729,1900
2306,4843
1223,3717
1532,3450
2804,3485
1507,1923
1540,3455
4333,4479
5058,6965
1069,1865
5304,5837
1647,2058
1834,3866
1089,1124
2408,2498
4346,5664
2992,4273
2868,5178
1799,2160
5418,6947
1768,2293
1564,4973
3287,3552
3711,5252
3115,5942
3070,6360
484,2228
1857,3989
445,4248
1803,7302
2834,4470
1625,2897
706,7341
761,2866
4349,5252
1228,3284
483,1142
3150,4846
6329,6608
1229,1834
5877,6272
4643,6799
1412,2211
846,1511
3102,7349
3144,5592
1761,2312
6636,6752
907,1926
2139,7226
731,3861
985,3902
1015,2138
715,1537
3076,6534
4134,7156
1767,2803
3144,3173
3464,6574
2123,2356
914,4366
6402,7370
6543,6570
1670,6939
2076,7012
2142,3498
161,2040
933,3653
1514,4150
1030,1028
1201,1639
1729,3292
2116,2259
1803,3121
190,5884
3028,3076
4027,7163
3612,3697
1463,7287
3493,3788
2946,5302
553,3874
1341,2147
3391,4456
4456,7348
3975,6582
4346,5178
2648,3274
1862,5377
3344,5544
1045,4608
3144,7162
383,2913
1482,1691
3259,7367
472,933
1383,1417
0,1162
1467,2594
5681,6955
4596,6817
4359,6269
2844,4072
6605,7322
7428,5452
3612,7393
187,2030
183,6667
267,2828
5812,6966
3892,5350
3777,4843
1227,2737
5842,6314
1668,7325
400,3953
5509,5577
6240,7134
2558,4318
2460,2951
1194,2007
589,3046
1022,1949
1800,3391
271,2181
1537,3205
6032,7390
415,2446
399,1473
2476,5332
1074,2129
2050,3064
2595,5503
853,5937
1665,5793
5264,5344
5064,6111
1868,2911
1089,1219
1807,5182
4398,7200
5414,6111
6038,7381
4189,5481
2948,3115
6123,7058
7451,6425
3048,3698
1446,6440
1069,1400
3743,6497
7476,6777
1159,1783
1691,1736
2166,2592
93,2498
2498,5699
1665,3042
1193,2921
4957,6752
3076,3281
5741,6593
2742,4689
5161,5252
2682,3657
1243,3252
5996,7011
4685,5483
412,2800
5363,7396
5889,6566
2485,5162
2537,2518
133,3294
2648,6346
998,1636
4908,6346
2498,6072
5396,6832
5781,7035
3391,7457
3076,3110
5415,5968
750,3284
2858,5593
2664,4255
617,5518
5205,7192
1143,2236
6277,6577
4389,6384
4424,5857
6149,7283
568,703
3996,6991
183,3329
187,5853
1227,1811
1307,5371
1511,6006
2275,7155
4950,5958
2377,5220
312,2216
3384,3744
4308,6715
5124,7094
699,1547
2755,5857
3229,7140
2038,5747
3603,7112
414,6318
853,6912
629,1047
489,553
3135,6718
2908,3438
2525,5189
1803,3843
3707,6282
4480,6454
1346,1840
5075,5852
790,1918
1834,2865
7452,3712
6261,6497
2776,7354
1591,4290
4844,7007
2030,5617
2734,7052
3290,4689
176,662
413,6972
2669,3076
2820,5931
427,780
6172,7143
1482,1576
1430,1471
1768,7463
1967,7055
97,3612
5619,7155
670,1761
3260,3284
3150,5637
6286,6497
5529,6670
4858,6111
3045,5327
1649,1888
3079,3626
1214,5453
6149,6606
6157,6388
4905,6270
121,765
1126,3248
3115,5225
684,3594
3157,4507
1511,5448
3880,4386
345,1318
245,3754
2007,3602
6966,6999
928,3635
1834,2032
3390,5601
2485,5763
1103,1329
499,4613
6747,6924
133,4668
1217,1999
572,660
1999,3086
2918,3161
5878,6742
3150,5056
6157,6209
1373,1371
258,940
1270,1576
3566,7367
2275,5191
2977,6107
405,3275
1547,6238
6802,6859
3274,3769
2498,6329
1317,1856
3107,6038
2441,5191
2037,2038
4689,6986
292,2363
3274,4312
2753,6684
5077,5463
1467,2142
2157,7075
2962,4126
2377,6620
4124,5808
3611,4340
2274,2441
697,2049
383,2985
1069,2435
2758,2907
3035,3208
1190,6425
3284,3878
402,3468
2437,2516
4312,6746
1383,5942
2745,3615
5162,6286
1162,1289
6919,7094
174,7305
4467,5635
567,7070
122,5960
3744,7094
1045,2500
3252,3281
6796,7192
133,3938
1769,2235
2485,6670
4899,5949
336,3915
1467,1610
2821,3081
1799,6814
1415,6514
6633,7156
1662,5738
332,3343
133,4551
5881,7200
1665,2851
1543,3758
3486,4024
5812,6960
2000,3026
6258,6785
183,3204
6541,6718
2765,4480
1452,6570
2858,3091
1495,5427
5444,5857
1813,2329
3144,6101
1356,7299
1033,1395
2140,5355
765,5883
3841,7156
5416,6924
3953,4968
5918,6395
2339,5146
2816,3754
1181,4492
2389,5996
1258,1602
4324,4982
2013,5391
1482,5851
353,3313
3126,6272
190,2462
1402,3653
6742,7077
2498,5124
2984,3999
2080,6738
5002,6827
261,1092
3263,6360
7419,7478
2408,3022
28,2687
2050,2105
1061,1818
6286,6608
2925,6114
1244,1714
2573,4621
1316,1763
957,3619
2001,3026
3026,6363
2910,3097
1486,5272
2705,6006
391,2790
3095,7326
3144,6493
2265,6024
2482,3989
1674,1769
601,3139
3284,4250
267,5793
2971,6111
554,6735
4224,7058
2369,5612
599,4204
1029,1866
6258,6795
3563,4121
2994,5181
1926,2054
4557,6190
1819,7305
1751,1799
3398,5369
3696,6581
879,2985
1488,7092
289,6338
3961,6390
1070,3243
3744,3900
2866,4008
256,6006
2037,5261
2094,2794
474,605
2561,3248
176,4574
1119,1409
662,1140
1042,1834
3157,5400
1479,3172
1754,4573
432,4613
4970,6742
1803,6346
1423,5854
3129,4391
3479,4689
5527,6240
1188,3090
500,988
2807,3140
3754,7115
1918,4796
1313,7458
2700,5313
1121,3140
5386,6902
2911,6877
541,1746
4974,7124
616,3274
692,1753
489,1794
1492,6528
194,2244
1045,2524
4920,6444
3824,6884
1976,6819
345,1282
1774,4261
3709,3754
6590,7263
2812,3524
2160,2393
3438,6658
3740,5960
3127,3425
1962,6038
2030,3192
304,1834
413,3115
442,5362
1223,1415
5124,5529
2030,3350
2985,6857
1128,2076
1729,1978
532,1200
351,6957
7334,7326
2381,7145
5699,6752
265,4075
2030,5969
2498,3118
1492,7158
4288,6190
5099,6088
1918,6072
1807,2626
2033,6143
4174,5797
2049,3275
5814,7062
2081,2707
3022,3070
1678,6606
693,4757
1841,3206
217,662
1278,7135
1787,2965
2498,6583
3058,5296
853,1142
2379,4194
1918,7266
2451,3953
599,3806
3069,5649
2435,6318
599,3386
7172,7367
1855,3433
3095,4233
440,5602
2244,2653
3733,7156
1177,3160
1906,5649
3622,4042
1924,2543
1175,2043
3153,7156
2487,6814
1876,3373
3384,3932
1463,3557
651,3272
3932,7156
3952,6608
6467,7037
319,5111
687,6064
856,2228
5064,6895
2745,3092
143,5351
2528,7190
161,5358
257,3199
2030,3028
5331,5465
2684,2834
4049,6887
302,2535
593,5446
1092,2974
743,4613
1177,5497
2746,4165
1834,7263
6206,6540
2257,6111
2577,3157
5146,5495
3448,5349
3032,3144
691,2985
1834,2754
2858,2861
1549,2180
6627,7246
1619,7018
662,889
605,746
6053,6480
2582,6038
1551,5821
675,2381
3043,3255
3273,3259
3073,5852
5859,6761
3047,5192
194,1069
892,1463
2101,5735
735,933
174,2431
6894,7181
1853,7029
1258,1878
4450,5734
396,4049
2275,2326
5786,6528
5817,6752
179,1818
866,4020
1409,6659
1974,4479
5954,7406
1834,5319
4796,7156
1665,1849
1106,7330
4560,5432
1511,6623
7216,7263
996,2214
1749,3184
760,6728
677,5718
7483,7355
4421,4525
1446,1854
2275,5978
183,6619
1327,6634
5162,6608
2734,5332
2147,3698
1841,1976
763,3131
2127,7378
448,1929
2541,3575
248,6873
5047,6024
4368,4375
637,3975
5786,7158
456,4601
1861,2722
3280,6883
3729,5526
4758,6460
1158,3231
3131,6825
526,4264
5089,6606
6470,6788
928,2821
2764,2766
3390,6511
5070,6331
3887,4946
718,6431
2708,4610
69,5842
1294,2666
1598,5126
2030,4417
178,4042
1110,1128
2257,6038
4396,7089
2163,2564
2945,5348
1227,3160
126,2338
3150,5412
1217,1662
6442,6735
3275,7102
338,691
6594,7156
3769,6670
5384,6883
263,918
4755,5908
3229,7320
4123,5099
5423,5415
183,6633
4567,6001
1432,1412
468,2239
6452,6891
1958,5911
2498,4149
3113,3115
3113,6627
1307,2731
2528,6080
183,6287
1926,3153
1436,2329
889,2228
3259,5518
363,2460
7447,3646
998,2161
1310,1522
7162,7296
2702,4211
2230,6006
3580,7227
3514,5868
628,2441
1039,3374
2116,7091
3908,6502
5290,5381
133,718
3539,6566
616,2569
3469,7199
949,3886
2558,3223
2016,2558
6754,6751
763,3136
1031,1097
432,7254
2754,2826
146,416
5416,6746
4716,5823
3025,6273
4595,6949
576,3723
1975,6476
1748,2542
541,2917
599,3053
1661,3336
5252,7121
1736,6743
1811,6956
1564,3964
2222,4075
1003,1110
3185,4945
972,2516
6613,6809
1102,2066
3796,5130
968,5573
279,280
150,829
494,3572
452,3669
1815,5756
939,3571
1045,1729
1537,2564
5341,7009
2258,2461
407,3384
1467,2942
3651,4094
1387,3274
4524,6749
3094,3498
3677,5359
3275,3938
1074,1466
5360,7156
1537,2667
2498,3070
5351,6806
1278,1763
3224,5805
3266,7172
4176,4901
150,1623
344,6502
1836,2498
250,4053
5529,5853
1177,1258
1207,4759
4189,5490
1338,2465
1868,2003
1480,1818
1502,2724
1394,4147
1970,3994
183,3107
1983,2381
2707,4757
174,5933
1665,3344
1354,1591
415,1868
3168,3983
5738,7356
1962,3008
1642,1782
7452,6362
1743,5351
903,1111
2408,3252
2747,6355
3334,6318
1074,4473
3259,6437
5547,6350
1287,7093
1053,1818
6586,6734
5986,7322
2331,5551
682,3201
4590,6802
1074,1847
2963,3845
3289,7372
3411,3836
3143,3284
1000,2958
2168,3425
1584,2505
3334,5755
3528,7473
313,7111
2160,2334
5698,7263
327,4541
3172,3710
5283,5675
3344,4306
3111,7094
3122,4429
2329,2848
1354,6613
2013,2278
2971,3350
2875,6025
1219,5762
1417,3132
2809,4333
257,731
2116,3637
1803,7348
909,2331
133,3166
1237,3319
2535,7347
1200,4185
2543,2895
1356,3108
2570,3021
6357,6813
1029,1178
585,2801
174,1236
81,3284
2274,4503
6851,6929
5317,6159
3463,7059
5111,6669
1328,6476
415,1483
1244,3485
2381,5099
1092,1159
950,1704
596,1729
5675,6114
2055,2387
384,4897
3266,3255
1479,3050
764,1831
1918,6583
4132,5178
914,6157
1227,2562
4048,6725
3601,6790
2353,3947
2377,2826
483,500
2084,4235
1901,5313
764,2918
2575,7156
5136,6245
1041,1200
6077,6060
3172,7298
2128,3391
1053,2331
4816,5868
3959,6272
500,1418
1443,6377
2563,5800
2315,6343
1307,1768
2012,5752
6331,7367
1205,2001
868,3344
6240,6418
1410,3319
923,2116
312,5391
5493,6516
156,6497
174,2354
3350,5617
994,5099
1591,6404
3951,4613
5146,6526
3025,7291
1139,3395
2623,5366
644,6820
413,5193
4094,4115
3513,6097
4293,5857
5853,6072
1113,6768
2513,6111
1863,3604
1227,6914
1039,4012
3534,4982
5857,6070
3574,5331
85,7092
3439,5960
5526,5588
1840,3045
1040,6425
6848,7382
2591,4255
13,7077
144,1486
3391,3953
3029,6965
217,500
4834,6752
981,7326
398,6744
1364,1756
1834,3994
465,2097
1818,1824
3255,6212
3045,6785
3592,6991
1317,2250
4574,5910
174,1328
1228,3350
5817,6783
1283,6574
2377,6775
1072,1065
3266,7367
730,5931
483,1145
527,1584
866,2913
2081,6312
2663,2858
3524,3773
750,7200
2257,3008
1530,5123
3067,7156
1317,5721
2044,7093
3784,4083
7459,6880
3047,5673
831,3983
2985,5620
2525,3572
1177,2167
312,6617
4014,4124
1120,1266
2700,6590
4012,6957
6057,6331
4189,7248
2080,3274
1207,2087
3249,4899
4596,6948
3061,6497
5976,6497
452,5476
508,614
5826,6663
279,2292
3019,4885
2616,3119
3254,5295
2275,3539
508,7322
3744,5156
204,7315
1469,1547
5146,5788
1361,1847
1753,2420
3150,7006
460,5329
1414,4130
615,3754
4026,6851
577,1768
2567,4843
150,5051
6497,6608
892,2866
6113,6449
2237,2468
996,3385
2331,5943
3768,5934
4189,4614
928,4285
3495,5271
1278,6760
2318,3520
427,2585
3876,6591
2116,2854
1502,4163
950,3892
5066,6272
1543,1772
2313,3823
2049,3443
614,3696
1547,1576
5511,7127
559,3115
1711,3359
1502,4009
908,1441
1829,2031
2408,6360
1538,3764
5852,7235
1736,6629
2092,7021
7,3274
1730,3550
1166,7436
483,988
1301,6417
3564,7044
6111,6605
4945,4968
907,7200
179,1779
3125,4020
1584,2640
1768,4838
1436,2726
4124,6998
1942,7112
1633,6687
1514,2910
6074,6497
853,1650
892,3094
162,5000
3798,5136
118,3985
267,3344
121,3116
329,6752
4574,7167
764,3386
4000,5386
2166,2204
1157,2070
952,5507
601,3061
2467,5340
4899,6049
616,1376
865,1401
501,2559
5229,6233
4204,5526
5850,7051
537,4288
2992,7236
3252,7230
3202,6717
1132,7226
4316,6841
221,312
4531,5868
1178,4016
4519,6452
1939,6877
3615,4634
1205,3322
3760,3953
3234,3237
2434,6932
472,5942
10,6752
3618,3626
3172,3878
4526,5894
3498,7137
1799,5296
2794,3116
3339,5822
3409,6436
1754,2337
841,1883
5434,6484
3113,5193
1039,2410
3144,4227
2828,6547
952,4626
2888,6820
4095,7151
760,3536
3122,6806
1044,2116
2948,3983
3259,6057
655,2285
4610,7145
3150,5368
3129,3689
88,6038
3034,5188
3836,4051
2879,4124
3147,3274
2498,6636
251,5864
5167,6435
1429,3484
4888,5900
1383,3168
134,585
82,4012
1796,4039
4246,5252
3628,3646
2727,3024
1178,3528
3136,6606
346,1482
351,2462
2257,5857
4168,5414
3110,6497
1113,6604
1529,6510
2568,5518
398,6272
718,2700
3739,6653
2807,5558
7449,2829
1507,1690
3378,7200
1034,1117
1434,3476
3216,6397
3131,3274
6608,7118
5505,7258
3185,4423
3008,3106
4283,5496
4511,6005
1106,1445
331,3282
2541,3899
2855,3450
2533,3252
3881,6463
5655,7058
4288,4727
1275,1574
866,2985
1327,1837
3109,5942
2494,3723
6287,6484
2690,4214
106,4757
3126,4982
1723,2331
521,2064
442,6056
3052,3090
709,1461
3544,3970
2434,7461
1200,2161
5659,5863
2223,5351
6300,7076
2286,2932
2336,3586
2015,5354
508,3744
1970,4509
568,7362
103,3736
3022,3060
662,6629
2755,3266
948,5264
183,4152
1008,2889
4152,6111
2384,2387
123,765
3252,6066
4176,5076
4277,4610
4843,5058
3094,3902
3698,4641
1507,5171
3045,4660
1532,4002
3493,4317
1257,2070
4683,5346
854,1736
2081,2761
103,3261
997,1895
1278,2014
1009,1306
4029,6079
4283,7293
2574,4748
263,1582
1958,7188
804,2498
1383,3265
183,6661
597,666
309,6565
1075,2195
2274,3539
585,5240
1063,2539
163,5220
3203,5208
589,1642
2856,5817
4081,5329
3344,5779
3172,4454
938,2033
2978,4462
1889,6685
5451,5990
2918,3131
1790,2101
1316,7441
879,4330
6274,6502
750,6597
7480,6117
2742,5317
999,5944
2372,3446
760,2369
1227,2491
3391,7418
1069,6363
5463,5944
3885,6663
4668,5313
916,6706
2498,7270
764,3053
4065,6509
1757,3119
3170,6738
1050,1043
4818,5340
3979,5814
3125,7394
3054,5252
4968,5611
1729,2487
3319,6694
56,1417
1908,7325
7426,3928
1236,1769
596,2015
187,6670
3219,5188
946,3915
5338,5944
2166,2386
2482,3617
1203,1461
244,3554
1069,1074
1236,1569
728,6347
2161,4216
2280,7136
3519,7156
5096,7073
2400,2516
1803,3260
248,3024
2754,3978
1069,1579
2654,6331
1069,2268
2421,5852
658,6170
1074,3046
150,6121
1139,2609
1402,4693
798,5812
2153,6448
1803,3492
2485,3329
1661,5354
2541,3211
5878,7134
1972,2033
3744,7156
626,2309
3045,3081
297,5878
5540,7367
2700,5346
1430,1584
824,6712
4189,6746
1304,6945
1725,2314
3172,7001
3260,5857
2702,4489
2043,3172
1190,6410
221,6965
2150,3313
6084,6086
1993,1999
1177,5490
1719,6404
5826,6111
2892,4049
2918,3136
4288,6533
5330,5667
1097,1112
1042,2015
1076,2195
3072,6137
601,3802
1636,2036
363,3021
3050,4214
1761,3484
1319,1731
2228,2956
4816,6824
559,3079
4105,7163
869,2019
3157,6147
2871,5864
982,1291
3709,4029
177,7156
1037,1415
3013,3319
1134,7226
1253,2015
4102,4131
861,1665
678,2381
308,3025
1001,3019
5191,5521
3854,6816
2570,3008
735,1417
5986,7094
3164,6343
184,4475
194,2787
3022,5415
601,3110
2087,4740
5066,5877
4300,7345
684,3560
2063,2064
6302,7182
1652,2431
1612,2230
2015,5317
1665,6445
2851,5135
655,1533
3185,5460
2177,2181
500,1691
1166,1595
4189,6218
2485,2834
3122,4479
916,3744
5734,6899
2511,2835
447,6972
1553,2940
1129,1409
1647,3303
6089,7018
2570,3350
3274,3350
150,2237
198,533
1143,1519
3432,5509
3843,6606
6666,6814
3689,5425
4003,4124
3983,6741
1376,6825
1467,6662
1497,7092
216,2802
1551,2677
349,418
3743,5763
102,731
2725,6108
1417,3112
1729,3429
541,6763
3143,6038
4982,5648
44,770
1543,2349
4442,7325
2829,2924
3975,5375
5249,6741
6024,6640
5423,5968
6956,7396
913,1092
1777,4373
5178,5264
889,6629
3467,6111
7436,3349
3953,6890
3144,5654
1074,1091
1652,3334
6611,6865
3223,3645
1092,4492
3021,3147
1511,6900
429,2116
1437,3275
3795,5518
6072,6111
1345,1477
103,5060
563,3213
1829,1892
2912,4124
914,7178
5853,6608
885,7393
4860,5853
3172,4353
1274,1834
445,5973
1069,1818
1803,1962
1473,5351
2336,3929
1387,5518
174,365
7446,2828
4751,6204
1543,6920
4144,7116
2669,5817
3129,3217
174,596
1227,3127
2433,6346
2049,5756
2331,4129
853,1145
1307,5689
777,4174
2498,3131
3740,5852
6038,6597
116,1461
3108,6272
1019,5738
3266,7201
3980,7263
497,6808
4112,4114
6329,6738
3463,5112
3043,6360
1269,5385
388,3185
2116,4111
229,6001
408,7266
1918,5211
2558,5056
2591,3274
2485,4903
5749,6272
3843,7406
3095,7319
398,5877
939,2893
383,5882
2033,2285
3480,3481
4931,6939
2013,3295
557,6939
3486,7329
1159,1301
3697,4280
2116,4764
1609,5313
1039,1584
5986,6300
2866,5801
3878,6038
3052,3076
3256,6752
2831,3058
3266,3252
1837,2426
1092,1567
1073,6497
4235,7315
1569,3458
489,5755
2004,6926
3275,5511
1029,1756
2015,2605
3384,5089
889,4749
5246,6226
3496,7163
1236,1895
3717,4769
2122,2494
6243,6841
6111,7207
332,4758
1349,4130
1638,6986
501,4292
1659,2831
1119,1217
2874,5574
1352,2344
2198,6466
3956,4012
131,1748
351,3823
1651,2116
174,2514
3127,3274
3021,3142
889,1860
1575,2829
148,4476
527,7295
253,2387
5497,6883
3954,5188
2297,3359
4425,5003
1364,1770
2767,5454
1709,1761
2874,6557
5483,7229
384,2368
2289,4054
1278,1348
3076,5617
613,3045
4770,6132
1202,2679
3792,4670
408,6329
643,6660
1139,4093
66,1227
1828,6375
6331,6632
820,3058
7478,7495
6613,7178
3689,7204
2809,7263
1126,2244
6442,6497
743,3486
1074,3753
840,1495
1895,2146
2192,3319
3089,6179
4757,6618
6613,7215
2228,2592
1183,1301
2336,3486
2081,2115
4302,7226
3076,7087
5490,7200
501,879
2020,6466
2381,3766
526,2170
2527,6417
1663,2030
568,6844
2033,7187
1490,1716
1227,3252
1530,5551
2127,7485
1803,6190
501,3912
29,6331
692,1402
3739,4461
4157,6627
1319,3488
989,1482
3979,4369
5931,6762
3698,6154
2228,4096
384,3136
1772,2381
1537,3369
1956,7364
3252,5481
1654,5833
267,5850
3061,6300
342,6331
5870,6149
5656,5868
1608,6249
1178,3994
1400,3248
388,4968
3266,6632
7475,5850
295,1547
6164,6300
2666,4101
1551,2015
2528,7083
4083,5307
447,3115
4623,7058
3199,5394
5923,7009
1507,2353
5716,6480
6096,6814
3266,6437
3600,6497
3887,4920
2043,2482
1649,6061
1863,4848
3150,3160
4125,5099
290,889
1841,6061
1664,3965
782,4083
1049,6939
5027,5181
2081,5043
935,4770
248,1799
3150,5748
6,1089
5166,5714
5529,6633
845,1736
889,7400
3076,3263
744,2692
6193,7155
1479,2656
3534,4613
2205,2866
2101,3316
4137,5421
3959,4982
1224,2030
5124,6883
3854,5475
1205,3763
2229,3626
2848,5503
150,5566
1184,5514
949,5917
1614,3350
415,1241
1459,1503
1665,2754
1423,3144
3588,5331
3150,5187
4159,6814
1804,7263
1522,2280
471,599
1239,2860
256,2381
4262,6788
7142,7275
439,3698
2616,3882
2905,4109
1958,3491
5283,5959
3050,3119
616,3173
5850,6324
3891,4012
946,3211
3082,3157
613,1719
6611,7303
6778,7192
337,6663
5842,6303
3066,6139
1644,3084
213,660
2103,2335
2498,6042
1200,1631
2992,4265
183,3111
206,5543
51,6566
1029,4053
3129,6130
665,6804
2609,3528
1954,5313
5758,6168
166,3643
3157,4890
248,6665
189,1533
1074,1076
4526,5136
1358,2608
1005,1031
5962,7275
121,2895
790,3384
1162,1208
2948,3696
1390,3210
1818,7300
1486,1655
3061,5529
1217,3275
3697,5180
1352,1662
150,3018
3257,4189
2742,6986
1417,4186
2997,4167
1015,5002
3319,4624
1740,1756
929,6051
3266,3260
5618,6899
4048,6757
1417,3681
2498,3280
4021,6417
2577,3274
183,5360
5071,5111
4622,4638
2668,6878
2569,3252
3179,6038
2485,6287
1356,7108
1537,2003
174,7086
4280,6335
1614,2498
6001,6685
4580,7009
312,4098
3042,4029
2865,3150
3486,5670
4502,5862
1864,2208
3382,4968
2794,2895
616,3061
628,3548
2209,2211
1386,3248
1039,1319
1547,1996
3058,5272
392,6310
1918,3131
1309,7220
1139,3608
2925,5463
3744,6883
472,1383
1177,3076
1144,1482
2616,2794
5505,7196
1926,2030
3612,7178
2794,5084
1388,1654
1423,5252
3150,6786
5446,6078
2228,5042
1043,1896
3160,6377
4183,4876
1361,5188
655,1720
3081,4292
508,5529
2043,3194
4899,5600
3194,5351
998,1286
3793,4889
2166,6629
3144,3568
4321,7226
526,2935
3255,6166
784,3961
1039,1083
4891,6593
1678,3284
385,5495
5504,6038
5320,6430
853,2832
755,7325
146,174
3273,3254
361,2281
189,1696
6883,6983
3970,4574
694,5817
115,5329
875,2228
177,6883
502,2557
4395,7192
2794,7090
593,7089
174,3033
4614,7367
2116,6950
1086,1959
2015,3172
1408,1502
1511,6434
164,168
3607,3836
790,6670
1970,5961
2951,6825
4033,5871
1788,1786
3076,5766
194,5810
699,4110
498,5912
1495,4057
3533,4053
2656,3173
3883,6972
3350,6983
3710,5252
271,2326
1551,2673
2713,6343
3711,4349
1236,2679
156,7243
1479,4029
3837,5814
2050,5747
5663,5664
888,5503
5166,5421
920,2642
3943,6282
3275,5441
4345,7089
2531,2895
312,960
4084,4539
741,3744
3021,3043
1376,3274
1753,4727
1069,1617
1408,3195
267,5055
1829,5387
3880,6587
3847,7155
2166,2840
3115,6917
248,5107
529,3643
5515,6883
3115,6272
1014,7430
4888,5146
1568,1949
1585,6468
5488,6965
2833,3185
2387,6299
662,1650
2655,6524
3474,7255
1953,6006
1536,5477
890,6703
183,337
2387,2997
599,7009
6883,7215
3495,5301
1049,2615
3255,6708
1415,1701
2050,3050
3273,7200
3126,4613
750,6617
133,6808
677,1175
2989,5674
526,1328
376,3373
1190,5762
2821,3635
2243,4572
3171,6738
1032,1729
258,6788
3744,5486
2054,7200
204,6281
3794,5403
1803,3992
2331,6508
3975,6296
6636,7367
285,7326
1417,5998
2077,2774
5346,7127
3612,7310
3266,6057
427,3700
1586,1818
7266,7322
1507,6871
2230,2381
3275,5231
4627,6820
1478,2180
310,3961
258,2642
853,1418
2611,6998
1762,3008
2558,5717
2731,4037
976,1291
813,4710
2641,3073
1089,7453
2684,7498
2684,7311
1562,2883
3758,4034
491,2828
2326,2437
1587,2596
867,5285
2038,4385
6121,6980
1970,3129
71,5467
1177,4439
1849,3354
1591,5836
1534,1887
313,2777
174,248
22,4432
3439,3740
6206,7020
4358,5146
1495,4206
3008,5400
2869,7343
760,1227
3952,6738
1862,2017
1361,2236
2569,6360
1356,5749
1247,1948
4252,6053
1803,4168
3435,3811
5760,6961
2662,5178
2460,3053
6466,6590
2542,2758
3275,6257
351,4944
167,6752
3275,5830
17,2030
2372,2789
1659,2116
5808,6998
2983,6124
6497,7195
1417,2927
1039,1500
2927,5877
40,6986
3983,5417
1929,3524
2687,5219
2485,5414
3274,7156
3953,6119
258,6874
7480,7491
3837,6960
1661,5351
495,2564
899,3377
1861,2481
1196,5226
1482,6849
840,5850
1729,2435
2771,6505
1572,7397
3664,6360
119,3199
2727,6628
1584,3235
251,3115
727,1356
4665,6327
706,5978
3854,5309
1205,2226
940,6343
1045,1910
2451,3698
7442,3172
1665,5522
263,2068
1029,2855
1918,7195
150,4516
3537,6807
5377,5649
642,731
1829,5510
1647,2396
4314,6600
3892,5193
3696,6983
3157,3280
1263,2280
3711,4029
616,3110
3020,5714
267,840
54,5996
807,5191
831,1753
3462,5763
1319,2354
2848,4130
1647,2818
3022,5968
2038,2199
887,2068
2569,3076
3932,6497
1185,4235
7445,3047
3837,3842
813,5355
6645,7354
3135,3350
559,6390
1853,2217
3837,4237
2498,2577
1086,7432
2558,3708
4534,4592
1069,1067
3331,3438
1357,1540
933,1383
2926,6718
559,727
1236,1278
2705,5964
5505,7200
174,1392
3643,6837
1249,1799
1238,5666
952,3574
876,1527
1064,1301
589,3762
1016,1024
103,5526
3110,3157
5128,7303
879,1295
6605,6883
1029,5351
1301,1903
3284,4919
2166,5328
174,2327
815,6922
2498,3123
3105,3350
3983,6972
1534,3557
2030,3147
3255,6288
2550,7032
914,7473
2064,4159
283,3698
3100,3744
1855,7154
452,3574
3407,6258
342,750
1682,2274
6746,7367
363,2794
338,3635
3252,4417
1724,1999
1179,2759
6482,6752
3938,7349
5166,6641
2087,4946
3327,3586
1537,5865
345,3603
2872,6402
345,2907
2478,6712
4835,7089
1376,3022
1110,1445
5505,6054
4526,5002
385,6526
134,2377
1665,6561
3152,6111
2531,3160
1131,3313
6835,6929
5545,6264
1668,5757
2502,6879
2346,4610
3384,6486
1346,1889
3116,3656
1144,4757
5304,6349
4357,6497
3121,7094
969,2313
5170,5493
1915,3612
2884,4255
3854,5452
432,3983
2616,2690
2541,6254
3359,4628
2336,2517
1942,2824
3696,4268
2865,5313
1602,2064
416,7300
150,3033
3211,5493
593,950
2306,5812
356,7325
2280,4715
730,6264
1511,7145
5529,6661
2227,6061
1678,5852
313,7120
2166,2464
1647,3092
1089,1508
1717,3026
3150,4051
4367,6467
12,3026
3259,5416
1505,7397
4312,6038
2754,3330
1482,6361
3092,5942
258,2614
147,3787
1177,2590
3118,3202
1004,1117
645,1177
2727,7452
1500,1752
3144,5844
6346,7265
2256,6411
3022,3160
3076,3090
2918,3160
2331,2642
4370,5355
2049,4441
3252,5214
3991,5346
59,3937
1019,1799
1669,2757
1746,2160
586,3373
2491,6300
773,5817
6524,6929
2193,5041
3259,5286
385,5788
2103,3487
5830,5864
3115,5877
3108,4982
2247,2558
3123,3157
5970,6526
6443,6549
1383,3836
1862,2932
3384,3519
727,6272
5834,6718
194,2475
1383,3534
840,3979
1918,7076
1045,2085
258,1560
2273,3837
2496,3026
1443,5537
3775,7083
6467,7382
5146,5996
3833,7262
548,3643
1420,4506
6300,7118
4613,7231
3539,6929
3076,7248
1207,3022
4136,4458
675,1511
1372,6825
1183,1810
1270,1921
1528,2387
221,2828
313,6101
1030,3469
427,5916
1753,3528
445,1576
55,5060
4684,5857
3081,3101
5701,6214
2087,5463
3107,3696
743,3983
154,4124
537,7089
2558,5368
6421,6986
650,3025
4506,7314
727,3836
998,2322
1504,6718
895,6590
351,663
4055,7018
4510,5386
2829,5721
596,2199
872,3586
3082,6738
1769,4527
1807,2356
5954,6111
6530,7044
950,3854
695,5857
2116,4015
4189,7381
1371,1613
3104,3252
1867,1868
3121,6300
1497,2895
3020,5136
1493,2127
1482,1820
3139,6346
2324,2895
3696,6041
764,2582
2396,6276
866,5882
462,4053
3121,7200
3144,6590
3443,4843
2230,6434
1796,3190
1142,1482
6242,6398
5544,5814
5394,6467
4189,4424
267,4979
553,6318
2415,6670
998,2536
1356,6082
4970,7077
2500,5814
7442,6081
3274,6041
5669,6375
3460,5329
1744,2195
6594,6608
840,3880
1799,6730
2427,2531
2216,2274
3058,5548
5857,7200
483,4757
1898,4011
2821,3560
4328,6240
3008,3161
3143,7156
5064,6072
718,3971
2403,3445
2491,5529
1304,1723
1685,2785
3709,7192
3248,5116
3173,6377
5346,6806
3836,7311
3754,5246
4312,7200
2,3678
7478,5922
1868,2484
3085,6866
4176,5697
3626,3701
174,3024
3275,6651
1223,2116
240,3021
684,4768
1771,2468
2451,5157
7200,7367
952,4758
662,988
3983,6627
1596,2116
1128,2889
1799,3024
2727,6887
1788,1965
1117,1121
807,5978
415,2003
576,644
1166,4251
2835,3359
2712,5343
1097,2070
3599,5252
1025,1969
3274,4260
4331,4982
5483,6836
1002,2574
4488,5734
1678,6038
1569,7129
2274,6650
4411,6752
1725,3149
622,2309
3090,4249
1417,4982
856,2166
1809,2377
3050,3882
42,2874
330,1564
815,2288
2789,5351
3266,3281
1663,3157
3252,7248
2676,4214
3953,6100
866,7095
183,6581
6497,6738
1479,6172
5461,6566
4349,5621
2913,3045
1819,2279
1216,2085
1654,1737
1418,5851
4799,5962
161,3574
1844,1940
1063,1435
1187,1725
4897,6275
2866,4794
3097,6858
1818,2097
4235,6281
5450,5664
3172,5391
3058,6085
2927,4982
1803,1834
933,3132
2067,6018
3945,5961
415,1342
1358,3964
5512,6287
4424,6331
815,2838
1417,3892
1803,6353
3451,4027
6072,7156
3744,7266
764,2030
2049,2311
498,3854
258,2356
3161,3202
684,3045
3032,5734
1453,3036
541,3572
8,853
2087,6228
777,5321
4835,6221
3574,7394
1622,2123
5313,5931
1415,2696
1074,3490
659,7268
1849,2181
1089,1257
1024,1277
3562,5489
6298,6663
16,5814
1926,4890
1719,6234
1743,1818
3094,3719
5518,6331
1208,2447
1045,3565
351,6222
6971,7077
1409,1798
1868,2997
1720,2033
1803,6747
407,1356
1319,2411
3651,4835
3496,6807
385,7011
6078,7280
1917,6684
3561,3717
3307,5145
1668,5377
763,3107
2851,3208
1511,5099
1682,2081
765,2531
2975,3485
5089,7094
5984,7009
1754,4685
3843,6149
21,452
439,2866
1773,2076
1584,7158
4139,7047
3324,4506
2498,4919
2015,2179
3496,5120
832,6986
1926,3131
1990,2473
5271,7138
5976,6738
1657,7307
3744,6329
5064,5124
128,7323
6895,6883
5868,6006
1855,7324
1383,3694
541,4188
1307,3051
2027,6524
1039,2388
853,1576
5184,5878
1201,2387
3983,3990
6181,6675
1799,6412
3979,4098
1918,4085
1918,4304
1804,4513
345,2525
494,6424
1818,4350
1754,3911
5728,6529
3612,6819
3411,6221
1486,5248
2828,3684
2978,4376
3672,6590
2498,3843
770,7193
5318,7163
79,3639
1639,4211
1714,2008
3045,4776
2994,5245
5416,6038
345,2118
3486,5417
4075,7191
2030,3043
2389,6464
3008,3070
1769,3512
5475,7254
1537,3484
6113,7162
2030,3143
750,3006
934,6718
295,2228
4053,4735
889,988
1476,3767
5972,6667
2700,2809
2127,4384
133,826
1502,3195
2743,7327
2782,7268
3074,3359
1564,6136
639,6322
445,4322
3508,6184
3020,2995
1564,1827
5030,6817
1045,4019
731,1174
2181,4053
1089,1113
183,3104
3185,5611
2372,2695
2581,3881
1479,2037
3100,6300
5290,5810
1818,6010
3769,7406
2736,4288
2170,3282
1071,1205
1415,1621
240,763
3100,7200
348,6768
2498,2562
3288,5493
977,1187
2833,3144
1965,2116
3144,5346
3275,4852
3136,3744
217,4189
2684,3113
3350,4293
452,6022
2123,4216
3646,4083
2832,7226
2180,2598
2030,6497
7429,1096
3144,3148
1745,6214
6747,7200
1847,1930
2029,4517
1131,4053
2116,3423
6608,7234
1861,3375
926,7009
5968,7074
3115,4982
2601,3237
6524,6936
3252,6983
254,3115
1818,5363
3744,6286
2230,7145
2865,6590
1417,5066
1226,1970
244,1569
4083,7294
4154,7009
7057,7322
3172,7497
1227,1504
1665,6966
2727,7184
1468,3090
2990,5823
3836,4727
351,4258
1818,1942
1626,3129
2870,6742
1069,1580
32,6735
1415,1799
517,998
4415,6484
390,4775
4557,6590
3236,4751
2492,2664
4610,6923
1335,3377
1678,3008
7118,7156
5292,6987
3554,6338
2326,2686
672,1623
703,879
4136,5349
3185,4365
2558,3150
3263,3350
165,7429
2363,3183
1808,6383
3115,3892
2498,3274
3843,7322
779,950
1476,1981
914,6585
462,5351
175,1534
1019,1829
1248,3373
5414,6497
1356,7246
4027,5918
1855,2427
5907,6112
3172,4362
744,5970
415,5660
573,4803
1243,3350
3213,3313
3807,6570
2878,4506
2292,2712
3653,3961
472,1356
3137,7092
268,1591
3223,3847
1852,1937
3089,6990
3284,7113
7430,1600
5366,6313
987,5141
445,4920
2247,3680
3275,3443
1283,4070
470,3406
174,1799
5419,6589
3996,6762
728,6929
1530,1635
2485,7311
3100,5529
2033,2234
1530,2328
1372,3274
3156,3744
1804,6277
5410,5505
1665,5814
950,1638
4470,4727
3880,7051
463,2812
6708,7367
555,2377
3110,6825
2463,5048
4616,7109
1596,1659
248,2135
147,3032
2030,3744
3008,7265
743,5350
3044,4709
1784,5458
4189,6406
1497,3377
287,5738
2436,7345
2946,3020
4873,6006
5969,6149
2452,2852
1272,2101
2588,5321
1730,2905
118,4351
6106,6986
1533,5516
2128,3185
1479,1855
886,3618
2918,4569
721,7263
3144,7178
3160,5529
3204,6149
4006,7073
815,3427
947,6145
760,1144
6240,6422
2562,3008
2651,4054
3144,5556
6357,6886
991,4574
1435,3013
4858,6497
5274,7126
494,2602
4050,4276
2275,2276
2289,3586
1045,3637
3934,5232
1119,5293
1205,2305
415,1291
1756,5819
150,1249
1926,3280
1069,1361
1698,3998
1749,1883
6636,6746
5084,5747
1345,1563
2997,6205
1095,2070
2700,2754
383,691
4398,6752
2977,4049
210,3697
813,5103
3754,4960
3978,6190
1803,3104
3045,3635
1275,1583
1177,2565
615,7192
1564,1903
1473,7404
762,2828
413,933
1185,6015
4429,5931
757,2460
1417,4835
986,3756
3081,5953
269,2681
500,1311
3413,4826
83,660
3008,3061
3357,3485
3344,6491
585,4423
672,878
3082,3274
3157,3843
422,861
5172,5944
290,662
1509,3062
2958,6006
2036,7295
859,1547
2020,7348
7469,5421
5333,6790
5459,6742
5345,6480
2198,6590
4304,6149
3025,6115
3688,5667
1918,3843
800,6340
5108,7210
6286,6261
1383,3959
533,688
484,1482
2650,6126
1647,6536
1981,4028
1645,6083
2734,6874
5866,6752
973,1304
1410,3175
4357,5529
6456,6993
398,7254
1400,2244
2684,4060
2389,5181
3579,3961
5617,6883
2030,4250
5696,7274
1069,1216
2037,2355
2030,5977
376,4216
3519,6608
150,3815
5124,5853
1040,1729
6331,6747
2809,4445
3157,5342
2355,4042
2030,2303
3333,7488
1042,1788
4786,6282
1417,6741
1534,1535
194,3455
726,4480
383,6199
2145,4280
3722,7091
1177,1227
1761,4635
1140,7226
121,4042
3486,6627
662,859
3329,6484
3149,5332
1463,5248
2874,2884
248,5501
1984,4075
1661,2458
4957,6746
3237,6201
1227,2460
3313,6223
752,5011
836,2663
2498,3022
2576,7132
2997,6821
5969,7322
1151,1205
1356,1383
3979,5062
4238,5559
4246,5161
6541,6746
1207,3796
322,6761
3934,4924
1318,4479
3076,3154
3266,6747
6030,6360
6057,7367
3854,7496
121,4030
1560,5191
1702,3144
2048,5747
3136,6038
496,511
2794,4042
235,6380
2015,4353
1365,7397
4982,5475
1975,2307
2590,6883
2049,4911
2764,5083
964,1482
3350,7258
493,6350
1754,1789
3223,7062
1468,3076
372,7009
3109,6272
727,4982
1580,3248
1918,6667
1039,3449
1372,3022
4189,7196
2081,3664
2275,5899
4059,4724
589,1301
2821,6197
4344,5178
5191,5709
76,3854
2087,4829
4917,7492
3266,5416
5233,7089
1771,2589
709,7226
150,5174
3261,5060
1377,2222
3157,5903
886,3486
6111,6883
3284,6166
3129,6657
1178,5351
108,7191
3144,4729
2193,7122
2823,3574
3118,3284
2776,3339
1702,4757
351,5930
3744,5853
336,2166
4813,6361
3252,4189
5864,5886
5416,5857
3411,3618
1082,1748
1536,2704
1045,1225
387,416
117,2814
13,5842
2460,2582
2582,6497
150,386
2007,6014
4263,7369
2959,6111
4106,7127
1508,5712
4479,6370
4038,7473
2521,2975
501,5641
384,2491
1045,1359
372,5685
6331,7230
4884,7476
4304,7322
1482,2023
3118,7322
3076,6541
1117,1119
1045,2097
2677,6802
1534,1659
5985,6744
329,3185
3961,7089
235,351
2577,6718
2511,3359
216,2159
1177,3065
1069,2294
684,4325
1978,5762
3770,7353
966,4792
585,5460
3157,6279
2230,5409
2459,3019
4817,6001
4563,7180
327,3683
2491,2918
6590,6762
2056,3275
1849,3223
1177,3284
4490,5842
7278,7325
1702,3975
2234,2849
2531,4042
3130,7089
3157,6346
1851,6107
1799,2630
1659,5284
775,1392
3047,3194
1962,2030
5351,5601
623,7442
1200,4127
541,3472
3166,3150
1449,6157
204,1632
3951,5350
7023,7262
235,5388
4537,5003
2866,4087
1270,2023
269,2756
765,7090
2683,3390
67,1074
2167,6038
3266,7230
2684,3497
2099,7021
1877,3190
4587,6566
1891,2004
3696,6072
2030,3105
588,4968
569,4097
3047,3188
1159,1348
6554,7321
1613,1639
4052,7367
4421,4537
1926,2648
946,4313
5748,6952
3281,3274
1417,4613
1417,4060
3284,5295
676,5061
4189,6038
3136,7200
2807,6730
1766,5823
3570,4029
2616,4231
547,5357
891,4562
1092,1783
3045,3177
500,6739
3129,7044
2649,4756
3505,6570
1045,2077
147,3077
2677,5191
2910,3580
235,2699
268,6007
1530,4150
3081,3177
3473,5850
4569,6670
1175,2081
4993,6570
3274,7266
1766,2824
831,1402
2244,2475
6577,7178
4446,7263
2952,3275
312,7051
5748,6711
4884,6777
2498,6619
1399,2160
1069,7021
508,3519
3014,7058
1278,7439
5593,6337
3119,5747
161,3577
3543,7271
374,6439
5543,6599
2835,7075
3612,5736
1069,6135
2527,2716
6670,7215
2654,3255
4610,5199
7138,7190
5944,7104
2453,5744
2043,6869
1805,5425
735,1356
2339,5996
1169,1189
2644,6829
4629,6053
1810,3576
2127,7046
3275,5236
7057,7094
6249,7398
1069,1374
1392,2993
4727,5526
1205,2482
718,3974
1045,7086
3391,4815
1514,2370
6738,7057
4542,6817
4499,5805
2491,6825
3108,7254
2016,3493
3142,3252
6401,7254
2617,2962
6066,6331
2569,6149
3060,6038
1270,4126
1831,2460
1322,3313
794,1270
1413,2161
243,2572
133,6644
1918,3204
2064,6084
415,716
3065,6346
5749,7254
2086,2087
3268,6352
4555,7081
1502,3032
3076,3256
3144,5831
417,500
1829,2594
72,2116
3274,6329
3744,6147
4775,5363
1083,1217
2828,7051
1818,2542
3156,7200
3144,4356
5876,5935
6145,7339
3118,3744
7430,1348
2668,2874
2498,4966
58,7192
3686,5331
2654,6346
2415,6346
760,4275
3384,5853
3164,7165
290,500
3411,3486
690,3020
500,964
337,7406
1659,2477
2654,7367
5699,6746
764,3136
1953,4235
5985,6272
501,732
2648,3350
2715,5221
1190,1507
1480,5824
3150,4597
559,3534
2023,3289
2834,3618
718,4046
1402,3112
4347,5785
2387,2702
2444,5814
3151,6346
2087,3652
2097,2727
2166,2832
1533,7092
1522,1769
375,5002
1178,3991
1569,1705
270,3342
1455,1799
116,7226
2686,6929
914,3872
822,2287
2387,2803
439,2116
1976,2255
1139,3961
3144,4394
3121,6825
3744,3841
3364,6510
3255,4804
3465,5493
2275,2325
74,6319
845,4757
2866,3429
987,2612
4280,6290
2485,3769
2820,6590
650,5002
98,1926
3953,5603
7462,5960
313,2020
3859,5979
518,712
5999,6305
611,7213
4235,4610
1671,2855
3744,6552
3157,4569
3161,7322
2866,3603
140,6825
3063,5239
1128,1405
1143,3238
1528,1868
1432,1742
3109,5877
1175,1569
3274,5124
3098,7132
5734,6384
5414,6300
1907,6427
2275,3845
596,1216
3334,5818
972,3313
992,3338
1635,2910
1751,6282
3330,6053
3008,3136
1301,3080
2575,3157
1039,2673
3391,7218
5176,5355
3534,3983
2533,6038
4297,5252
3837,6485
2765,5355
4757,6838
4888,6526
4821,4912
2558,5139
770,3133
3431,5379
1305,2308
408,4816
6157,6311
2109,2195
3953,4945
267,905
3066,5281
6287,7094
2043,2259
3309,5558
1970,2327
775,2117
519,4832
1502,3663
4296,5346
2597,2642
2116,7184
869,1665
855,5079
200,1866
1443,5471
4796,6670
3123,3274
662,1576
1840,3430
1013,7073
1403,3274
9,6038
3275,4816
3115,4613
3477,6452
1030,1600
1417,7254
3843,7200
1834,3978
3330,5814
4991,6318
3428,6001
1184,4087
1227,3104
1180,6510
508,2569
6661,6663
2081,2301
3390,3435
302,6953
2305,3026
135,1201
6001,6512
2121,6578
2030,3171
2770,3205
1383,3113
903,1086
530,1926
1278,5310
1621,2353
6752,7172
2944,4044
722,3275
3624,3837
3172,4882
1569,1794
3996,6182
3067,3157
3612,4774
684,866
2927,7254
3696,5870
2437,2829
1185,1895
5817,6218
763,3111
1895,6028
3636,7314
699,5042
4554,4738
6038,6583
1661,2724
161,2151
2303,5968
6710,6813
5483,6996
1647,4001
2292,3172
349,5346
1227,1764
945,987
997,2230
1973,7322
3432,6061
6094,6326
2562,7156
329,3252
3284,6752
4255,4602
1028,1181
1255,3377
1659,7119
3253,5918
5414,5529
19,7263
2498,6632
1763,1768
677,840
1878,3550
778,3149
658,3301
7480,7493
242,684
422,4432
385,5996
2840,6924
1987,2110
1753,3736
1668,1862
1048,5762
3350,3878
3274,6583
889,1691
589,7433
3251,5094
2622,5332
3384,6147
2641,4054
1970,6046
1614,5876
235,4698
508,3696
2948,6670
2948,5942
3275,4106
57,6694
2314,6343
633,6429
3696,6497
2616,4338
5351,5458
3352,3676
946,5269
351,7183
1918,6619
1024,1221
3977,7099
628,3444
295,853
163,2801
3185,4513
1999,2703
5283,6114
2985,5953
3811,6030
4435,6627
121,2920
5498,6924
4299,5871
998,2185
422,691
1918,6261
3260,6331
3854,4890
3161,3744
3204,7094
7094,7215
1768,3798
1601,5302
2564,4094
1585,1828
3489,4054
1736,4757
3087,5852
2021,6537
2489,3308
204,256
1111,3914
579,2957
1706,3651
1731,7467
1278,3429
3119,5202
1834,4276
1200,3407
309,1486
7138,7211
2815,4359
6109,6313
118,1064
529,712
889,1482
4250,7200
2457,6137
4268,6670
2656,4548
3399,4080
1045,1392
326,7124
1130,2244
643,6001
92,1482
2043,7217
2197,5386
3125,7050
3050,5261
722,4843
3989,5227
5802,6024
639,7034
637,5304
2856,6502
1425,5814
2839,3231
199,533
2827,7073
3854,6627
3024,5667
345,7404
235,5343
46,6383
1075,1777
1295,3702
3350,4250
385,4274
156,6287
1714,2554
996,2294
2889,6894
3021,6825
1523,1569
2978,3823
821,2997
2050,4385
3528,4023
1270,2698
1548,2664
3275,4558
1414,2681
393,7282
1558,1756
2498,3260
4835,6272
3073,6361
2101,3528
5731,6488
1606,3409
3900,6486
1110,1466
5466,7126
6070,7200
183,3100
4189,5857
1425,6524
174,1486
3118,6038
7429,3448
3066,4719
3115,3497
215,1547
62,2962
1122,6414
603,3702
2236,2418
3181,3274
1301,1359
327,6161
2049,5928
856,889
3284,6718
3089,4630
4215,4421
121,2094
3025,3703
453,3402
2717,3172
6593,7016
2651,5852
815,1268
7470,6092
426,6247
3115,7231
1184,1533
2828,3539
1479,6831
2823,3058
2045,6028
1803,2498
1633,4054
1170,1404
3021,3106
436,4389
1895,5868
7178,7296
3696,6608
374,2244
3182,3833
3744,3906
3274,5326
1435,1771
138,418
4235,5227
616,3192
882,4029
1918,3107
508,1918
1184,6870
257,1815
3291,6610
2476,3387
346,483
2050,2037
145,1913
220,1938
2148,5661
2866,4735
2225,2387
2563,5181
5505,6676
4345,5877
1769,2292
3088,7314
229,6350
3710,4349
3742,7263
1230,3422
1313,5842
2043,7300
4815,4968
1241,2564
1754,2087
639,3784
1841,2281
6111,7113
3875,4075
1067,1584
1182,3698
1792,2498
194,1074
1216,6135
2466,3021
559,4495
4917,6117
589,1633
267,1525
1360,1417
209,5815
1728,2116
1207,3052
483,6739
3710,5161
6038,6331
1926,2562
500,1736
1803,4417
427,3787
1092,7458
4131,5742
1778,6249
1904,3765
712,6193
3731,4892
458,494
2087,7375
1659,2486
5939,7361
3144,4456
3983,7317
3058,6798
2895,3050
1117,1257
6266,6603
1511,6907
706,2275
3180,3558
7215,7322
1714,6061
194,4497
813,6209
5070,6752
3349,5841
2569,3021
4383,5166
394,2829
6594,6738
1573,2516
3200,7365
388,3150
896,3344
3205,5865
2377,4429
1283,2866
3248,5290
5450,5463
1366,4044
194,231
418,2930
1278,1322
2645,3160
946,3777
1204,6375
1202,1904
6360,7113
160,5667
1207,1633
115,1478
1757,2050
884,2068
3909,7200
3478,7009
2645,5748
987,4115
3118,6300
2100,2222
4795,7073
1177,1372
147,4533
3696,5977
3118,7200
338,936
6164,6286
1873,2230
6551,6750
4451,5664
1045,6730
1665,1702
4506,6579
4474,5111
2498,6057
1537,2098
408,5088
1045,2279
4243,5918
2840,3076
6111,6283
7430,1202
1486,2635
148,7203
2030,7195
4271,7365
4166,4390
1564,6249
5086,6505
2116,2758
3199,5756
2572,3129
759,2803
1863,4071
1086,1248
1214,5482
4175,5299
183,3099
2498,3152
2828,3473
1482,1547
2541,5614
2820,6606
3109,6986
4506,6162
3684,5304
3121,3274
2379,4921
216,1527
2828,4753
1069,5794
1348,2424
413,5942
3677,4050
6784,7044
2946,5166
6072,6286
1435,2468
3281,5518
2840,6746
345,2205
5954,6883
1019,1769
384,1962
312,2674
1530,4145
4613,5475
1807,2163
1409,1477
3159,6034
3961,5580
156,5414
2866,7409
2415,3252
2299,6700
1443,5812
438,5823
1417,2053
3739,5473
1777,4175
972,2829
1024,1110
555,1803
952,1818
1718,3458
1143,7453
1383,3109
998,4584
586,1084
4272,7092
5554,6486
3880,7475
3350,3378
1834,4546
637,2829
1086,1763
3015,4506
859,2228
3305,4075
3744,4833
2498,3896
885,6819
2979,6467
1301,5849
1052,2180
2863,5997
5519,6904
3927,6375
1356,3112
3150,6711
3612,7110
1348,3801
1200,6061
988,1736
1390,6462
2244,3455
340,2623
1538,4044
135,1368
1002,1052
1229,1803
3172,4434
6091,6559
314,3150
92,2965
2717,2812
383,6679
2684,3951
2352,6729
2511,7075
3090,6176
3252,5817
4935,6157
3157,6360
1785,6590
4850,5136
5529,6111
2828,4590
377,3821
3076,3143
1429,1761
2377,5545
2876,2881
2053,4613
5099,5472
687,1178
1868,2702
6129,7348
3043,5857
174,7184
3689,5642
763,2460
1503,2395
853,1311
538,1621
4458,6522
585,4456
835,4004
987,1407
771,1799
877,2078
3836,6462
2664,4475
147,427
5857,6676
1131,3771
1834,3275
815,5503
2690,5747
3258,6752
5443,6355
2443,5805
2101,6847
5034,7192
671,7077
483,5937
1695,2049
1507,4770
950,5196
3837,7471
508,3161
1227,3181
1659,7352
5309,5446
2377,3185
4646,6570
1774,4954
3356,3666
1895,1986
1920,3770
3350,7200
4828,6865
3652,6114
2575,6738
1002,1030
2033,2289
6218,7367
2038,3895
1069,1223
323,2585
1304,6087
5227,7396
918,1347
2039,4825
1019,1069
1531,4147
3432,4489
1153,1729
63,4724
3108,3486
914,4935
3190,3656
1486,2487
2087,5283
210,6807
3104,7322
2905,6660
1383,3961
1925,3026
3503,3626
150,2658
2456,7073
1834,4446
447,933
1373,6510
3251,5523
1803,1809
1069,2440
1354,7009
519,1236
6633,6667
2600,2812
748,4377
2047,6972
2349,3359
2160,2494
1641,7089
345,6869
1066,3026
4994,6149
626,728
5620,6766
2833,7263
135,1613
2807,3423
3135,5817
3330,5304
1069,1644
2776,4006
1719,2550
2922,6241
722,946
3887,6444
145,1589
6190,6762
402,1058
2353,2696
67,1005
1387,2498
258,6470
2742,6630
5416,6883
3994,4288
1834,3435
138,3359
1415,3178
262,4609
2420,3854
2381,4277
412,3012
2829,3649
1653,5841
2918,3111
1479,2543
4981,6109
5876,6075
2498,6718
1743,2866
1177,2415
2038,2676
2368,7200
295,699
2950,3562
3073,3217
933,3892
4144,5419
1228,3157
5507,6067
2363,3140
2030,5089
1400,1584
1423,6879
2415,6360
2043,2312
593,4982
991,1585
1126,1492
4842,5856
3274,4633
3574,3669
4111,6282
3118,5857
880,3025
1701,5189
6619,6883
3275,3496
537,5877
2278,3150
5448,7220
4270,6001
2663,5596
1420,3671
643,4520
427,7477
37,6497
876,4295
3694,4012
3157,6057
3438,4627
2257,3157
3612,6856
2377,4968
2818,3586
2528,5002
435,5939
345,5303
79,7402
2810,5372
3777,7163
2754,3223
599,2834
2116,2896
3409,3603
1803,5288
483,1820
3926,4237
2381,7186
6072,6608
2828,6595
2081,6264
148,3636
3969,5785
1799,2186
2037,4030
142,5914
677,869
1227,3350
204,4123
3066,5920
1866,3302
7442,2645
2162,4755
2361,5743
282,1840
4313,5346
731,5394
5749,7213
6752,7201
1349,2681
1027,5099
4015,6377
624,866
1677,2619
1680,3026
294,7052
7422,3163
327,2292
508,2030
585,2809
1057,2197
195,5810
2377,7348
3696,6300
1726,5841
1258,1833
3076,3878
1417,3486
4895,5960
183,4268
1572,3800
242,3045
2068,3269
4368,5602
2228,2459
365,3199
2116,2508
3262,4279
3335,3586
3300,3425
970,3275
1647,3772
6746,6747
1045,1621
1732,1918
2745,6315
388,5313
3384,5162
1318,3122
5002,5107
1918,5986
3125,5609
764,3121
2809,6762
3157,3896
763,3141
2950,4244
1572,2363
4956,7325
3517,5146
408,3204
3099,6497
2646,5931
599,711
156,5986
4003,4014
327,479
1547,1944
694,6502
1226,2015
1584,3046
764,3160
3274,7270
1953,5099
482,2228
2087,4685
2942,6879
3144,5755
1572,4632
7213,7223
2420,3618
268,1237
1178,1273
5257,6253
853,6739
5538,6497
2331,3521
638,2168
4029,5085
2699,2978
2558,3293
1313,5778
684,2913
174,4915
2308,5666
2558,5252
3599,4349
1894,3651
1341,1724
1159,7430
2809,2820
541,1474
3460,3623
5346,5493
851,6162
1803,2837
135,1868
3891,4694
508,5853
2997,4211
6300,6581
1416,3618
2829,4842
3060,3313
78,1024
889,1270
483,1144
4757,5812
3066,3707
2326,2442
420,2037
2364,6877
3612,6134
3704,5271
713,7260
252,5029
3220,3651
1174,4932
108,2251
2895,3119
5115,5135
1646,7008
2042,2108
370,6766
1112,1519
216,1436
5299,6483
1803,6983
2569,3008
5434,7156
5490,6752
351,3637
4011,6655
1492,2791
1970,3131
3696,5529
6590,7038
604,7023
3008,3160
71,5734
1829,6474
483,1736
546,6574
1520,3073
998,2459
2498,3281
5462,6603
1278,2316
4029,5368
3266,3795
29,6632
3256,6746
3972,4479
90,2030
4012,7300
1119,2070
3259,4189
883,3881
4341,5796
1811,7073
1227,4417
7428,3403
1935,6425
3341,5851
1178,1313
789,3677
3266,5214
3623,3730
1417,7213
483,794
1584,2241
2498,2840
2498,3110
6629,7226
4612,6128
129,5693
1204,2527
2377,5952
4235,6006
2030,6825
3950,7240
1328,1874
383,3635
1217,4426
3338,4000
1679,2874
1383,6462
1278,1477
4919,6752
5015,5234
1665,3295
1320,3758
4982,7496
1668,4442
2377,5572
5313,6370
2927,7213
1224,3252
1540,4082
1856,2434
896,5850
1166,3349
457,6466
3044,5074
227,7380
4850,5002
2166,4757
146,589
2357,7262
2994,4212
2175,4091
258,2711
2355,2616
963,2116
853,964
1754,6829
1373,1639
2361,3160
384,3111
3595,7303
5505,6166
194,6528
683,4757
1100,1181
2651,6455
6654,6736
3284,3566
1264,1970
3223,3293
161,3588
3945,5275
1691,2166
145,6748
5378,6190
2088,2379
3150,6683
1669,3454
4235,5448
998,2714
2030,3106
585,5611
1926,4966
1410,6461
5936,6526
462,2558
763,7161
178,2038
3025,4526
3275,3606
4215,7008
1402,3892
763,3104
94,6752
422,5175
3274,4890
6622,6972
541,2063
1010,1024
3178,3406
672,1420
744,6185
867,6193
4858,6738
1069,1715
5474,7268
3406,6308
585,2754
1143,1217
724,3144
1177,2107
1039,2242
288,1486
2038,3116
1069,1829
2274,7450
1905,2168
1473,2610
950,3108
1690,5738
7478,5374
3157,6140
3994,6264
2485,4689
740,1811
1089,1447
998,1012
3115,3486
3848,6149
4131,4517
1184,2395
278,6347
1611,1882
312,587
4048,5644
7448,6526
2803,4489
1725,6788
3568,7127
267,2811
1217,1340
3107,6825
1593,3058
3144,7478
1143,2703
879,5953
1926,3107
195,3248
174,7412
581,3409
5088,5493
3055,3125
1175,2013
5505,6708
506,5317
2565,3274
2527,5849
5477,6307
7430,1278
2420,3486
1725,2642
1527,2329
2797,6343
1298,2114
2677,7341
2616,3622
1766,3409
6577,6613
2480,4048
1486,2500
1205,6363
2794,3050
587,3837
6149,6286
1391,2975
4424,7367
743,1417
1200,6575
1216,1223
2451,5368
1416,3486
2463,7199
718,7497
6084,6814
3586,7144
5574,6878
671,6240
508,3061
2120,2516
4168,6041
1356,3694
1845,5667
2049,5493
345,1283
5878,6303
4610,7328
445,6755
1556,4048
6320,7200
718,4668
2363,7014
1242,3651
743,1402
3583,7219
1205,2268
3166,6606
3275,6342
190,7267
3045,6202
2818,3486
2670,3248
2684,5223
3878,4843
3992,4968
3185,4551
3076,3378
183,3224
538,4770
589,6023
6360,7265
121,2092
6670,7322
2303,3252
145,1351
662,6458
4255,6008
4318,5252
5204,6527
850,2985
3154,6111
2313,4049
4607,6742
2198,2809
2910,7132
2654,6718
3313,3528
679,7174
3109,4613
413,1383
1205,1434
1756,2372
723,955
4363,7174
1396,1537
1097,1115
4982,5417
3761,5313
2377,3599
2166,2654
2318,2404
1243,1926
1224,6360
3391,5492
3094,7287
7420,3784
5234,7303
741,6286
1282,2472
379,2910
509,3129
890,965
4255,4475
2081,5370
3150,6842
1074,2670
4951,6063
4773,5111
453,2828
235,3199
4550,5312
3881,3977
33,6606
3156,4869
2377,4423
2531,3050
64,3255
3708,6647
3689,3926
914,6294
3111,6670
2274,3847
1862,6367
432,5942
4480,5186
4631,7345
3041,3140
541,1293
555,6466
3259,6070
4393,6333
1435,2237
3157,3281
5609,6589
5317,6794
914,7497
5146,5323
4255,6878
3782,7122
2429,7325
2313,4103
3273,6752
1665,7455
7234,7406
2138,2841
6227,6746
3854,5118
1413,1888
2167,4869
3132,5877
3252,6038
1024,1219
2137,3282
1417,5995
6149,6497
3934,4460
3346,4007
5463,7229
149,3050
5564,7382
2811,3837
3106,3284
204,698
725,3563
3076,7200
1061,1069
8,889
1006,3202
815,1657
3647,6132
3067,3274
2086,7458
1409,3500
154,1255
1665,4226
2369,2910
98,3157
627,2421
3255,7201
2433,2498
1904,5117
5529,6638
1700,3129
1918,5360
1074,1644
1665,3837
1547,2592
1355,4574
3318,3586
1619,2701
1039,3000
142,3334
6627,7213
2893,7227
1069,4487
1799,2586
17,3252
1109,1401
2087,2925
2407,5814
6148,7131
2512,6249
3390,7403
3125,7061
3696,7195
418,4948
3095,7252
946,4078
1828,3057
1958,4656
2527,4531
1361,2064
5068,5612
2629,7073
3920,6332
3559,4467
971,3493
2264,4689
5532,6313
500,1944
6608,7156
5857,6708
1659,3412
2160,3380
2745,3298
1644,3322
1069,1925
2907,4053
3283,3574
2390,2997
2584,6712
248,7190
5919,6497
3145,4042
427,3077
696,3049
2181,2205
3284,6066
1056,1069
1502,1661
4398,6346
2228,2832
4781,5712
1069,1205
2994,3222
3024,3199
1714,5983
750,4804
743,5193
930,6718
1711,3190
337,3744
4757,4842
3923,7485
1551,2503
1938,2260
180,3764
5980,6624
2255,2992
2849,5231
950,4345
3845,7155
1754,3274
946,5324
2274,5485
2963,6929
1244,6061
879,3177
240,1926
1045,6782
1107,1112
1479,7092
383,3560
1009,1287
2015,2474
1573,5493
2485,5156
3284,6366
866,6679
2712,7184
599,4722
5805,7009
1969,4733
3284,5070
6149,6608
2882,6502
312,1665
3173,3274
3026,7412
2303,6360
2326,7148
5323,6526
2267,7200
2790,3888
4610,6934
7481,7309
3172,5399
5747,7021
727,3486
3022,3065
764,2491
580,3157
1822,2509
3160,5812
3172,5412
133,3742
950,6699
933,4613
953,7314
3252,7200
1021,7093
2198,7263
706,3845
1649,4750
1966,2779
862,3313
853,1736
4329,6456
906,5188
1133,1736
5505,6752
2573,3574
1207,2518
174,2489
1330,3716
668,3344
1290,3076
997,1711
5402,7304
1714,4436
3042,5785
3287,7268
213,998
4694,6188
5286,7200
1482,2228
3115,4387
1075,3425
1226,1818
2030,3519
3109,7254
1511,4000
501,6187
2195,2529
1833,2195
313,5354
996,3944
879,2821
2048,2037
497,6875
56,7089
2142,3572
133,2777
2030,3467
500,2698
1383,2684
384,2460
3252,6054
1307,3032
87,2030
671,4970
3736,5060
24,1024
1611,2435
3744,3843
2707,5812
3548,5705
3150,5205
3709,4586
790,5064
2485,2684
1834,1974
541,1878
1639,2997
2020,2754
4029,5748
235,731
368,2485
1803,6541
3022,3138
1546,4053
2405,4006
2918,3138
1049,1931
663,6841
345,2181
1356,3959
3866,4479
3254,3257
3953,4456
2368,7156
3275,7360
4451,5188
1900,2353
2558,3172
1249,3572
3122,3294
1551,3330
2498,6747
1799,6153
6590,7216
886,1753
1664,1982
1926,1962
2332,5931
4949,7365
970,6109
2379,3069
2809,4546
2455,4613
334,6613
3115,5995
453,5793
1417,3983
7421,1251
949,1569
1860,4574
5451,5850
1678,6497
186,6738
1803,6102
1504,3076
398,5350
2541,3144
6082,6627
1216,3717
17,6360
3312,7075
744,5022
997,7220
6964,6965
4711,5797
2890,3275
3646,4801
684,4075
3994,6466
2451,3150
3834,5351
1855,2531
1572,1588
519,3214
4123,4610
1356,4982
875,889
465,2116
1159,1755
1714,5382
380,6083
3961,5877
3837,4905
161,3283
845,853
1177,1678
3275,3492
731,6841
261,1089
5667,7170
161,3698
3125,6827
1585,2116
3107,3274
150,7340
3142,7322
3130,5877
1008,6386
2473,3453
3486,7173
1313,4054
3194,6831
3696,5089
4471,5292
3107,3255
3252,5097
3154,3350
2381,3748
4656,6266
1834,7216
3094,3502
1063,1503
1614,3425
5950,7369
741,5853
1177,2054
3172,5106
691,2821
3770,5742
3099,5529
1417,5946
5529,7156
589,1068
2103,3191
6199,6766
1746,1799
1109,1117
7430,1287
4757,6030
3022,3104
589,7411
258,818
412,470
327,4012
1651,5351
813,3536
1043,2468
1045,6726
1417,5475
2742,3399
2081,3847
4810,6024
3005,5493
3979,4217
1282,6574
225,268
3146,5832
4132,6660
1074,5822
2137,4011
3204,6883
3286,4053
3486,3653
30,1855
3612,5726
1573,6991
1569,2015
987,1480
3541,4124
3673,4616
145,3916
3256,3259
949,1375
236,684
2767,3803
626,622
2590,3157
2498,7230
5842,6742
1070,1430
3121,6752
3265,5193
1347,2376
1270,2386
3013,5823
1092,1106
6541,7200
3107,6346
174,5273
3983,5233
323,3051
831,1356
5529,6983
1113,1519
2155,4012
1494,7152
3094,3557
5974,5971
3184,4084
4161,5668
1736,6849
3399,5638
5857,6752
3514,7378
1204,2116
2030,2569
2646,6190
3950,4671
2180,2432
410,3651
77,1074
813,5353
1643,2228
1717,1777
383,4285
1789,1811
6159,6986
132,1938
1821,2702
2050,7021
2641,6455
1092,3749
3118,3266
248,7211
831,4982
3486,4426
4312,6752
5161,5988
3318,3486
703,5300
559,3961
3150,4509
1821,2803
2043,5023
3248,3247
3025,3831
2645,2712
2254,5325
1443,1810
214,2516
2755,5518
806,3809
731,2999
495,2098
4101,7478
3172,7013
3384,6118
733,6427
4551,6991
6670,7094
3150,4029
628,6932
3845,5888
2038,2895
1154,2945
662,6739
4020,6187
7422,3213
2531,3119
1383,5851
183,4796
1402,4613
1515,7092
5985,7254
4614,5857
3767,5558
5002,7293
1098,1348
5002,6572
671,7256
3736,3836
2833,6277
1092,1488
5529,7215
593,7254
3255,6058
2978,4932
3274,6738
204,6523
402,1816
1762,3157
1932,2068
5615,6282
1579,1621
5262,7197
3153,6360
2485,6983
1317,4051
744,3517
4288,4446
433,3805
1092,1553
3192,3350
5355,5405
3178,3572
158,4075
1089,1199
1687,4975
1501,6684
108,383
329,3284
3125,4420
676,4308
3334,3436
2840,3284
149,3119
1473,3844
1002,1089
3172,6976
6574,7131
2160,2734
2498,6066
5572,6264
3115,3983
325,2645
135,1241
3284,5481
5290,6528
1542,2839
1534,4153
1530,2077
3173,4560
78,2089
3255,4411
3845,5978
384,3138
5362,5609
3919,5178
986,1482
3172,5085
3848,7094
470,5840
6149,6552
267,3402
2138,4011
5416,5505
1328,2486
3457,5189
5057,5734
3974,4479
678,2230
1482,5606
1227,5871
2069,4047
676,4756
5699,6038
3157,6747
1376,2498
2963,7155
4174,4711
628,7461
3150,5292
3363,4075
4582,4616
1478,2174
1247,2720
5290,7158
1356,5066
1681,2039
4293,7367
3015,7126
1177,2257
3199,6287
1658,1749
235,6130
2485,7215
4411,6746
1143,1916
6676,6746
3696,4304
2079,4044
662,6849
1089,2320
6157,6313
1476,1530
1892,3574
1097,4492
5667,7138
3329,7094
183,5886
11,1417
1110,1782
5257,5298
1169,1258
3220,6475
3089,6250
3095,5897
2998,7052
5518,6437
1706,4124
2497,2664
662,964
2541,4101
146,1301
3350,6126
181,7227
1177,3153
5444,5518
587,3988
6669,6660
3115,5946
3703,7345
3061,6670
1582,1963
1626,2222
6390,7254
3213,6765
327,7292
2695,3157
4006,4053
1123,1159
2866,6869
3783,6524
1864,2209
5309,7089
2844,4388
7047,7052
11,1402
6283,6497
2539,3164
3167,7092
4708,5960
5363,5453
3115,5475
4464,6006
3432,6354
4854,6277
1841,5539
6965,7060
2015,3788
2377,3992
601,764
1089,2070
483,1944
1314,2992
1537,5813
1346,2345
5561,5908
4419,6137
3105,3157
1818,7204
3744,7118
1818,3186
1086,3937
778,4532
2030,7113
6929,7157
960,1665
1074,2483
384,7161
1546,2472
3008,3151
2829,5370
384,3104
443,2920
694,2764
3255,7249
2410,5493
6619,6608
2965,6941
1010,2089
4610,5707
1935,6410
1260,2244
6264,7038
3493,4399
1343,5858
5304,5487
2417,5108
2500,2558
731,2470
1223,1584
2055,2997
5433,6766
894,4225
508,6670
1839,4354
1014,1005
130,502
3744,4569
3605,3897
123,2616
5483,7004
1220,2116
2257,3274
3854,5799
6190,6913
30,2038
3079,7280
1936,2787
5416,6331
889,3341
1227,2257
952,4775
2997,6998
865,4048
173,3698
5346,5408
1943,1969
5283,5483
2582,6346
4393,7102
1729,5260
1698,3334
668,5451
3906,7094
4240,5005
1175,1834
1895,6088
1208,2210
3266,6541
950,7108
1432,1864
1223,6448
2465,4819
1074,1925
1217,1724
3739,4412
3402,6566
150,323
698,4235
453,1849
3210,3202
493,643
1736,1820
2645,6251
1289,1345
5699,7200
4843,5324
1313,1591
3328,5535
1033,2555
2716,5868
750,7172
5096,5482
2092,2616
5166,6359
4905,4995
4620,4639
655,2926
7224,7303
2898,5252
323,5268
1413,2386
3574,3785
3555,3574
2866,3596
1074,1205
2287,6510
278,2377
1918,3885
2377,4333
6137,6291
6111,6670
3961,4982
152,3439
2616,7324
2038,3160
4377,6808
1254,1572
263,1827
3739,4690
5252,5412
6557,6878
5989,7303
1754,4479
3952,6111
2274,4617
5841,5934
2656,3172
2653,5386
442,7153
668,5850
6206,6194
1753,6318
3945,5447
1649,6756
3892,7089
942,3013
6001,6389
166,2275
2275,5814
1069,3930
1860,3289
3144,4935
1356,4835
3769,7156
186,6486
3254,3284
483,2698
4106,5493
465,2223
885,4218
2360,4031
4514,6696
6283,6608
1521,1945
1756,3670
1356,3113
1029,2866
1957,2307
174,1666
3934,5160
998,5127
2123,6892
1143,1340
3330,7009
3021,3061
551,849
744,5788
674,4610
1585,2223
5775,7262
71,6899
3025,5093
258,3175
1302,2905
3212,4596
2261,4235
541,1756
1089,2538
1537,1761
770,7344
154,4983
312,4469
6663,6983
2796,4726
2790,5770
2558,3710
2116,3389
1725,3096
3124,3185
385,2339
999,2336
1532,3528
4613,7223
750,3255
3139,3350
593,3854
3983,5749
3032,5355
2821,2985
3521,5134
1024,7169
456,4182
345,2866
2076,2867
1217,3320
857,3544
2684,4820
1526,2353
3028,3157
1301,2916
1714,2638
380,6697
5555,5878
1242,6475
1278,2076
2064,6086
4859,6654
4757,7400
570,3334
108,2559
956,2701
183,3118
1571,2336
2060,6606
3256,5817
5524,6799
819,3754
705,7127
4075,4292
186,3274
3274,5121
2289,2750
2030,3139
3144,5390
1554,5099
3975,4856
5315,6740
4421,4778
3906,6300
1386,1729
3021,4299
6360,6747
3185,7218
5337,6994
5518,6288
2558,7298
4429,5313
1492,2670
2377,6231
4113,4517
3070,3157
295,1482
3350,3467
7444,3529
704,4337
118,3698
5557,6501
6313,6651
5646,6627
1216,5381
4365,6356
2112,7021
442,7300
383,6705
1132,4757
4131,4528
2692,5146
1457,7156
183,6497
6712,6980
2240,5535
1177,1303
3837,4259
5593,7106
1515,5822
3736,5526
1420,6513
43,1430
2037,2616
3744,6287
3819,5453
3022,3181
1009,1128
3144,5461
2918,3181
1665,3716
568,5282
3310,4757
750,7367
1799,3572
5853,6353
2012,6396
3008,3156
1214,3989
3204,3696
1177,1233
5617,6738
363,2918
617,7200
3163,6435
5982,6142
2115,5191
5060,7089
6350,6669
194,1466
814,3025
7238,7322
1383,5475
2823,3698
3493,4206
3467,6738
4380,5526
1106,1219
6128,7227
312,2851
1261,6634
2616,5883
1024,1089
2379,4956
4937,5346
537,7254
3165,7314
704,4135
4491,6986
6072,6738
1796,2349
2257,3022
3319,3832
1785,2809
2200,3129
2145,3144
3350,5826
3586,6578
1662,1904
2992,6801
2363,3858
2147,7058
1393,2211
2030,3161
1304,1694
2466,4658
6149,7243
3215,3836
2116,6992
1511,3776
3154,7156
1551,2407
1298,1380
2039,2950
5929,6653
301,2313
338,370
366,6025
1599,3157
2851,4389
4379,7396
851,7126
511,2992
2144,7263
3843,6286
49,3259
628,2437
2116,4008
1128,5293
3255,3281
2144,2754
2403,5792
5868,7378
2274,5814
655,7092
1821,6475
3259,6331
263,6546
3125,7323
3822,4124
6054,6752
2590,6738
1557,1661
1207,3090
4207,4451
312,668
4457,5762
2106,4053
797,5835
5806,6214
1729,1799
3837,4217
3347,4124
704,4319
585,2250
1803,3978
412,7182
5056,5161
5378,6991
268,1942
2050,3895
1430,2448
1665,6964
4352,6033
593,6627
4998,5850
3996,5931
2663,3963
2828,2851
1278,1727
5446,6627
3654,4189
7442,4239
1202,1768
1613,2387
2053,3983
2101,4551
779,7254
5156,6497
3275,4027
4517,7474
2522,2523
1579,3717
3050,7154
477,6742
662,1736
6097,6155
1703,3354
183,6608
760,1355
1040,5738
648,4912
3428,6350
1803,3710
7449,5990
1686,1748
3485,5700
1644,2226
2528,4686
2198,4513
2068,5009
2684,3130
1495,3473
1803,3043
6074,6663
2388,4012
6422,6742
5960,7122
633,6562
456,2489
1434,3791
7461,5304
2049,6157
6111,6949
3350,4507
1479,2895
1803,3143
2208,2232
939,2689
1841,2894
4189,6708
1112,2923
3623,5639
1753,7496
4382,7354
1829,5356
174,1494
1803,2332
7429,1299
3022,3350
3517,6526
2570,3274
2874,7236
3076,3106
2577,3076
718,1901
4168,6706
6988,7092
338,5828
1940,3572
2794,3882
1383,2455
764,4585
3384,3952
2037,4214
5762,6969
2321,3765
1803,6583
5998,7089
5562,5996
1658,7123
2015,3024
684,7095
1762,6738
3144,3334
2318,3546
2010,6466
2962,7325
2840,6038
1946,3836
511,3897
221,267
585,1800
1665,2558
1466,2244
2033,2926
5817,5857
2120,6991
3845,6349
418,6725
585,3761
456,6359
1626,3923
1371,2484
7141,7384
1131,3377
2264,5317
3562,4099
5944,7229
1889,4605
1417,3579
312,3782
1585,5387
313,3102
3097,3962
428,1402
1185,2230
6038,6346
1187,6343
3066,5085
3486,4080
3284,5490
3652,5483
1064,3574
121,2794
1024,1363
6038,7367
2516,6256
3384,6625
313,7457
6264,6466
1086,7430
5498,6038
533,4836
3696,5826
1227,3147
3115,3271
1267,6879
3744,5414
2038,5422
2498,3263
1796,3175
1190,1621
2932,3924
1227,2688
1269,5558
2570,6346
5477,5806
4612,7227
1482,7400
1359,1569
3638,4596
4426,7348
361,1113
3744,5512
3351,5332
3493,3956
2520,6264
3662,7376
3981,6706
5099,6281
163,5460
345,761
2412,3022
3304,6668
5314,5355
209,1851
1796,6492
2531,3882
3986,7009
3150,3709
174,7190
1664,3863
643,6350
3144,4378
1155,1538
295,2965
3342,5704
1356,3109
4478,6663
3020,4467
1190,1799
312,4101
699,3341
1799,7190
398,933
537,6972
4334,5292
2975,4706
5691,6269
1376,3076
3275,5328
267,5960
553,5355
1560,2516
1596,5351
3156,5853
1768,7190
5881,6746
2491,6670
1601,5181
2181,3307
2033,6718
2985,3594
1226,1788
1271,1304
1223,1770
1461,7371
133,5217
3319,3751
1926,2460
5228,5814
3008,6407
385,5323
2489,7296
1905,5336
589,1354
188,1753
3836,4820
2103,2352
1714,6567
335,2116
1417,3108
1895,2277
748,2866
2767,3827
1870,2945
3754,6903
2541,3813
5855,6753
2791,7295
513,4574
5255,6252
2807,5123
2455,3486
1467,4455
4565,7478
1869,2469
5370,6991
508,3121
5300,6969
3769,6883
5013,5842
3204,6286
3095,6554
1467,4071
944,6952
4365,4968
2040,2271
1564,4553
3161,3696
2840,7200
1356,3497
3294,4479
1751,3129
1184,2289
1227,3142
2368,3696
1725,3319
2660,4147
663,2978
3113,6272
1776,3836
6883,7113
5545,7263
3172,6815
2153,5794
2331,2802
2665,4255
1356,7231
6402,6503
2821,4075
1347,3746
2531,2794
2770,3484
950,6082
3658,6929
5643,6091
559,743
2301,5978
1383,5309
2068,2931
2575,6718
5853,6663
6610,7198
4894,6132
1024,1897
2013,3708
3461,3623
103,7274
548,2275
1551,1661
2498,3192
1803,3878
3172,6647
933,7213
108,4292
4641,5331
2326,5304
1304,4925
1356,7254
3350,7113
679,7107
3587,3902
802,4071
7213,7317
6318,6952
508,790
1184,3386
5568,7408
2498,4287
149,2794
1133,7226
508,4357
3144,6620
1236,1768
3284,7248
3275,5366
6300,7215
186,1918
2592,4574
1467,2953
1849,2275
439,4006
6956,7073
1836,2030
4029,7097
1569,3313
1067,1818
1652,5789
4143,7260
5978,7155
6486,7156
1518,2160
2228,2654
731,2978
1082,4012
2569,3696
3157,5617
3022,3100
338,684
1076,2701
4551,5844
1227,1926
3850,5626
839,2607
204,4340
332,1829
108,879
2018,5290
3130,5864
5346,7178
4761,6466
3344,5793
384,3192
1502,1618
1074,1717
125,541
3953,5619
4012,6539
1024,1421
1638,3115
3144,7497
7422,6950
1470,2244
2498,3028
3344,5025
6343,6788
7448,2994
267,5209
2037,6538
7114,7395
1811,7031
5965,6606
1749,2102
6406,7367
7473,4558
6302,7058
1074,1258
4982,6390
3129,3926
2167,6752
254,6901
5909,6924
5742,6785
3744,4152
1803,4447
2050,2099
2030,7265
2905,6001
2049,4459
3996,4898
1962,6360
3838,5304
453,5451
5794,6448
3252,6126
281,6734
3255,4418
334,6577
231,3248
3026,4962
1965,2855
1845,5239
4914,6554
2470,6467
5151,5331
4160,7314
1005,7430
2160,2210
3744,6661
2681,4886
3721,6687
684,4883
1318,4012
2485,3147
3180,4566
3626,4727
5990,7148
5872,6137
161,6423
2043,6894
4242,4682
1372,2498
880,5002
3589,5908
4834,5857
1031,1181
3255,7381
1585,1630
519,7327
1069,2105
4941,6774
2825,3586
4196,5868
194,3046
2315,2539
3259,6054
1185,6584
1668,2034
481,3344
500,2228
2972,7226
2377,5611
1849,2828
3126,5193
2558,4349
1834,5931
1580,7295
703,3702
2684,7496
3612,5541
587,3923
3717,4857
1417,6178
4959,7326
3076,5423
2498,4417
4110,7226
718,5455
1862,2768
501,3535
1569,4561
2377,7263
1105,7460
1455,1819
5942,6972
4613,6079
1719,3993
2377,2754
6111,6118
2015,3493
1502,5428
3689,3873
1352,2792
515,5351
2558,5161
750,5518
1942,1970
3297,5145
3961,4613
2030,3061
3217,6455
6214,6946
3150,7192
2607,3708
1000,1309
5529,6072
3925,6667
3143,6346
1486,3935
2116,6885
4179,6107
5193,7223
1089,4867
2033,6853
299,1768
1374,1611
3185,3391
1647,3940
1855,5422
614,6663
467,1317
547,6852
1970,6359
3252,4684
1950,6425
4714,5419
2451,7097
2443,3485
3579,6972
3583,5016
6632,7367
1402,1638
3407,3770
1250,5293
3252,6212
121,149
907,3252
1251,1627
277,1537
3953,7413
1074,2127
3257,6752
267,3539
5075,6024
111,1637
2485,4796
532,2308
155,6055
1355,5851
2727,4509
814,5136
3204,6608
619,1307
1500,3269
3058,7133
323,3197
1328,5774
750,5504
564,7205
5297,6984
1205,1216
1895,3598
4259,5191
2546,2866
2555,3381
1064,1430
1074,2244
4207,4757
2674,7348
2840,5857
4588,6985
2048,7021
2030,2575
4040,5762
3900,6663
408,4858
3144,5258
3696,3718
502,4030
4120,7092
2736,4054
133,2020
1139,2374
1246,1868
914,3032
1042,1665
143,209
174,1045
1803,4446
2731,7318
822,1868
5331,6894
1751,3319
3630,6807
5929,6328
4938,6198
1693,1769
3586,4689
2860,7387
408,5493
2963,4590
1868,6381
3150,4228
1216,2791
314,396
6428,6991
3255,5416
1348,1637
797,1195
2447,6417
3696,6283
756,987
4926,7089
1473,4005
4462,6145
3113,5877
1227,3043
655,938
313,7349
1067,1782
3157,3350
2080,3284
3985,4006
914,7162
3199,5266
3275,5493
6456,6897
671,5459
1780,2160
432,1356
1227,3143
4283,5136
4169,4843
7446,3837
361,6604
2116,4172
3213,6258
3754,3791
3973,5738
3384,4152
2828,6790
4336,4837
744,5181
1639,2702
6999,7062
2166,5901
3243,5862
1451,4770
1611,2431
6661,7322
3274,4966
3131,6149
3600,6663
3109,3983
4250,6752
332,1811
5463,5598
384,2794
6038,7201
1227,6583
3284,6746
1911,2083
5857,6066
4657,5993
3334,4579
2082,5351
3994,6590
5057,6899
5824,6962
692,2684
2945,6793
2590,6346
2531,2690
7,3284
821,4124
2834,3115
4835,7213
5089,6670
2783,6584
4024,4613
3079,3618
1158,1542
4314,5631
4429,5346
2486,3058
5138,7156
3144,3915
4053,6808
4256,5853
899,3925
382,1841
1834,4219
3172,4051
2220,3164
148,5274
4841,5609
1147,6680
2899,6788
1625,3603
5161,5748
5853,6594
3221,4047
1699,2039
953,6162
128,1381
6318,6549
2095,6350
3344,6180
5698,5931
3172,4934
750,3260
1353,2753
585,3752
1178,3377
1400,1818
3256,7200
1609,2377
3516,6360
1148,3398
1236,1538
3255,3284
1668,5044
3409,5797
1479,5471
3144,6237
4270,6350
5534,7254
1530,2370
1374,1829
866,6705
3111,6360
5252,5748
1802,3019
3284,6218
159,7163
2038,4030
5909,6746
18,2656
754,1185
6825,7161
2081,2686
2980,3335
3669,7307
2203,6965
1667,4054
2494,4262
86,2767
1270,2966
1467,4582
415,1537
224,731
267,4582
1086,4122
2107,2195
3953,5861
1177,3070
1074,7129
3252,6676
7319,7326
649,1502
1486,3638
4318,4349
1045,1187
1665,4811
3065,3350
2498,6366
1729,1746
1503,2201
1577,2101
1762,6346
283,4006
2823,2866
1183,2015
1761,3205
699,2832
6286,7215
176,2228
1319,1340
4053,4116
4144,5609
3407,6785
1013,7396
2709,7028
1860,5851
981,6554
4569,7322
949,4027
3284,4052
1502,7042
2030,3110
1638,5193
2016,5145
1788,2097
2821,6857
5156,5529
4318,5161
2415,3350
4052,5857
1291,2071
854,1482
1249,6634
2395,3586
3989,4830
541,2525
5386,6399
1538,1690
3779,6207
4084,6920
4607,7077
3651,7108
884,5009
1547,1860
327,6377
121,5750
1283,1375
1803,6054
501,684
6038,6632
616,1372
5902,6899
1033,1584
3172,7454
1144,2228
1423,1467
1237,1486
1155,3199
278,1803
57,1725
1891,2372
7469,4467
2790,3540
1668,4921
4418,6752
2022,3350
7430,6758
3263,6738
134,163
3266,6331
2077,3767
1687,5499
2377,3994
3131,7322
1002,5693
408,2548
6083,7084
1218,1347
1174,6467
2616,3145
1975,6103
7424,6524
1601,2994
998,2255
4168,5529
1086,1319
508,2491
999,3586
2569,6497
2568,7200
3274,6632
517,5817
5823,6020
2769,7009
4634,6915
2242,7135
2607,5510
2445,3679
1591,2599
6127,6149
1962,6718
939,4185
163,6231
5103,5315
332,442
3696,7239
1028,2445
1259,5814
3294,6190
413,4982
628,5784
3934,6007
508,4569
4049,7000
1495,3496
1346,4075
2301,6349
500,6743
5505,7172
1301,3187
351,6215
2989,5850
2377,3972
1045,4960
1768,2046
3378,6360
1330,5823
2174,3493
1343,5039
483,484
1045,5273
5061,6715
3125,5702
1253,3223
29,99
312,3816
1045,5123
1829,7307
4274,6526
312,367
4879,5000
2736,2809
589,1083
6111,7118
3824,5771
2016,3172
3018,5856
2244,2734
186,5853
1768,7405
6497,6625
5931,6656
1665,2247
6118,6663
3694,3854
541,636
585,588
4106,5844
3259,6042
3019,5091
2412,3796
2230,4484
6057,6924
4344,6817
1348,1513
3172,4725
3129,4237
3079,3486
1834,4426
1177,3046
2754,5313
3466,5978
7254,7246
2013,3150
2760,4054
2188,7458
1033,1690
3284,6043
2113,2222
1401,6019
1918,3067
3188,5351
1402,5995
1196,1509
3025,4700
4012,6130
428,2876
1430,1450
6642,6846
790,7156
5070,6746
1762,3022
1754,3122
5504,7367
4024,7254
5181,5245
2073,2768
1725,6470
3953,4937
540,7388
57,6691
2827,7396
1659,2091
133,3568
3284,3909
149,1855
1488,5960
1313,6277
2485,6497
933,5946
1736,2139
6484,7234
1859,7073
383,5433
1328,6103
1543,3149
1799,3973
3076,7113
1551,2016
6617,6746
1537,4505
133,5313
6005,6275
2455,3983
1265,6729
1186,5812
4940,6766
3088,7126
3391,4508
1525,3344
3245,3485
4371,6986
727,1753
250,7131
258,1626
394,2101
754,4307
1206,3350
2971,7251
3680,3834
6179,6990
320,6024
662,1944
4075,5484
338,6857
248,2753
456,3506
3122,3435
2291,3096
483,2228
1320,1796
1533,4054
2321,3998
2716,6006
3319,7465
3256,5857
3961,6972
163,4456
1486,3565
1427,3989
256,3611
481,5850
895,2377
47,1074
1069,2797
1357,1405
3696,3844
6883,7265
4831,5403
3025,4283
6785,6795
2306,5918
3409,3580
3130,6972
636,5188
161,5792
1834,2808
3240,6346
3945,5081
4742,5855
939,6875
2498,3076
4757,4856
445,3887
3319,4298
183,7195
6127,7322
1482,2166
329,7156
1476,3309
1356,3486
3319,7190
535,4517
1051,1298
2230,6160
3113,4982
4283,5002
3452,3720
3496,6880
555,6190
2638,6061
4176,5047
946,7163
4971,6610
456,5031
1385,1393
2303,6111
2043,3189
1688,2402
3901,5850
217,2228
3252,5400
1251,5163
121,2038
3095,5470
1324,1409
2498,6606
3042,3223
1495,1665
3744,7238
2288,4130
1045,1175
387,589
1591,2751
1923,3498
3193,5041
3180,3868
508,6633
616,2415
1472,1756
589,6645
3845,6650
1045,4785
2643,3195
371,2338
1071,1074
1432,1573
1568,2236
2068,3374
290,1736
3979,4998
4455,6263
312,1128
1959,2087
2701,3550
108,928
2191,4610
1528,2997
1043,4262
1403,2498
589,1533
2226,3026
1803,3157
1074,3034
3130,3854
1714,6502
1502,4780
2055,2803
6181,6544
2451,6282
5710,6114
3744,5587
1768,3644
489,1569
4288,6276
367,2828
1074,1616
3933,5868
950,4401
2015,2174
642,6145
662,2698
2572,3334
5190,6610
4800,6430
3258,6746
6038,6057
3350,6147
6239,6258
3144,3211
2999,7052
1659,7079
6149,6667
5060,5588
3739,5929
3384,5006
1177,1803
4529,6668
6111,6633
5338,5463
2050,5084
3266,6636
3172,4911
1024,3597
1177,1614
1143,5078
420,2531
2123,2612
850,4526
3777,5918
1069,2065
3460,3953
1387,7200
2949,7326
2096,3050
1818,1892
287,1019
407,4820
1569,1662
3266,3254
4193,4899
5842,6418
3144,6596
3357,6061
1591,2925
3923,4073
764,3141
2341,2609
810,6814
813,6150
2780,5507
1061,3026
4962,6452
1659,6049
827,6807
1395,1685
2669,3255
3095,4959
437,5508
4212,5996
3021,3160
2377,3124
3307,5731
5812,6965
3276,7296
5539,6061
3891,4288
2774,2988
337,2485
527,3237
1324,3914
1402,3983
2017,2932
1430,1925
2733,6823
1356,7213
1799,5642
827,5120
1638,2398
1818,7394
1766,3216
2462,5351
2281,4197
3260,6718
94,3252
3115,7223
2081,6025
2933,6772
3211,3334
314,2977
1934,2824
6635,6670
442,3577
636,2236
342,2498
813,5879
150,7405
6116,6696
1336,4146
236,383
2727,5961
822,4902
1359,6425
601,1678
763,3142
5853,5919
3008,3065
764,3138
5518,6066
343,4232
6425,6871
5845,7259
1243,4869
4723,5060
4613,6390
2116,5458
4837,6484
899,1533
527,6439
1168,3231
5905,6181
3016,3115
4744,4775
2893,4709
1200,6502
1418,2228
1764,2030
480,1227
1074,1077
3359,4048
5136,5151
813,6311
1183,1731
1443,5842
2116,3533
312,1042
1045,1666
3983,5580
1829,7300
939,1481
3185,4577
744,2994
1415,3665
2742,4477
2978,3661
2302,5550
1159,1208
786,1736
1864,2211
267,7475
2116,5369
2116,2741
3564,5249
1282,1283
1029,2049
5467,5734
1970,2116
3068,5994
360,2081
3022,3153
1402,5946
3961,6627
3628,4079
500,4749
144,3058
1984,2821
2801,4365
843,7226
1725,4262
1868,2319
2038,2920
2020,6735
174,1148
6591,7044
1858,6720
242,928
174,2477
3358,5612
195,1584
2030,6670
1834,2969
1313,7307
587,1665
1086,1129
2500,2866
350,1537
4365,6890
258,2993
3008,3138
1110,1830
6058,7200
3143,6360
3043,3157
5459,5842
5836,5944
1143,1240
901,7092
2379,4472
1039,2929
616,3100
3164,5823
1039,4521
593,2485
3404,7268
4167,7226
1270,3289
915,3284
5490,6360
3172,3269
3132,7213
3158,5900
17,763
2863,4480
2797,7295
4643,7224
2216,4610
5978,6349
1074,2226
1918,6983
6718,6752
275,7254
1024,3966
500,1640
3094,6719
4607,6240
2111,6354
2274,2963
2274,2672
1098,1112
1285,3195
3393,3474
1921,3552
2361,3137
3147,7094
3349,7269
862,7092
889,2139
5217,5877
6482,7200
4972,6360
525,1482
29,3795
3709,6155
859,889
764,3104
327,2374
2062,2855
5006,5529
2015,2407
2985,6789
2030,3848
541,1249
1495,3223
992,1749
1175,1184
5853,6127
4757,6607
3025,3826
1840,5484
5469,5853
1313,3313
1769,3531
1097,2940
1866,2043
625,3460
6497,7215
5161,6643
4903,5993
108,5953
1736,1996
3813,3975
1482,2968
1610,3026
1569,3818
315,5667
3581,7052
4124,5595
3651,6082
500,853
3131,7094
2692,6526
3854,7273
5572,6590
1849,3344
2038,2094
505,4207
2400,4639
933,7299
6038,6718
5002,7190
1417,5749
412,4045
1053,5493
2994,6526
1159,1194
537,3983
2158,2164
3144,6044
93,1177
1717,7028
1039,1925
3319,7211
1515,5324
4044,7417
3104,6497
4989,7290
5434,5763
267,587
2438,5147
5252,6643
962,3345
1414,6469
3266,5097
258,5143
1533,1591
6346,7200
1457,6706
3153,6111
1352,1630
3280,3350
1487,3058
2727,2893
1220,2127
3150,6316
1834,3677
1039,1205
403,1926
1319,1352
4467,5495
6353,6706
1754,3609
1270,2968
2516,6650
2985,3535
1694,2904
2049,7178
831,3961
183,5790
500,7400
3008,3104
853,4896
1431,6832
2018,3237
2616,3173
3332,6991
1678,3255
4417,6038
3179,3252
2303,3008
1665,4184
2339,3089
2609,3530
5891,6263
1748,1735
1474,2195
3744,6353
2064,3222
4344,4421
1750,3611
2965,4654
82,155
4411,6038
2808,3223
897,7089
1383,1988
2652,2731
217,6752
5143,6343
3284,3892
1482,5042
3382,3953
3825,5841
221,3837
6375,6525
3150,3707
1205,5794
621,5748
133,6590
1045,2116
407,1753
1513,2280
1182,1569
3996,5698
6133,6318
3144,7173
1270,2034
2056,5493
3037,7168
2524,6814
4796,6111
360,3811
1985,2039
1560,2274
4663,5963
961,5200
5502,7403
1749,4539
986,3544
6766,6857
1926,2498
327,3737
2994,5788
501,3045
765,2794
779,3983
109,7091
497,2910
1774,4611
1177,2368
1748,1788
3914,7398
79,7482
4557,5931
4889,5599
2080,3008
6128,6321
80,858
2642,3175
2388,6377
1366,1538
1766,1970
1383,7223
1539,1540
4168,5089
3147,7200
2133,7263
2992,3920
1950,6410
6593,6598
1385,2211
456,667
2640,3248
2113,2494
2133,2754
2402,3205
1678,6346
1551,3269
3281,6606
3837,4679
987,4033
1086,1366
6486,7266
1119,2889
227,226
2840,3266
163,4365
3165,4506
3108,5193
312,6095
1376,3284
4959,7319
1902,7268
415,1529
1177,3157
4207,5664
1097,1257
589,1720
2542,6574
3150,4111
1575,6991
268,1751
497,2893
4999,6735
284,7058
5355,6171
145,1413
5324,7163
5698,6190
2790,5769
2712,7225
1926,4417
1076,1467
3022,3135
4385,5747
3584,6865
987,1807
3238,4496
399,1851
1372,3202
3486,4001
451,6318
589,1400
174,1493
190,3393
1799,3685
133,1437
6111,7283
2830,6318
183,4304
5002,5667
5071,6660
1540,2524
5990,6787
25,1310
6166,6752
518,3754
3283,3698
1045,1344
2498,6541
2008,3379
868,1665
1975,5530
403,1343
248,5933
2311,3289
1803,3258
1383,6972
2081,2304
579,591
3574,4354
763,3118
6965,7303
4054,5852
5102,6354
2082,3953
17,3350
3115,5148
2083,5067
134,2754
1205,1223
3143,3157
2322,4147
258,3164
3971,5313
760,2592
283,4054
6114,7229
2828,6095
1416,3115
4917,6600
1291,1884
3150,5906
1162,7093
1039,1386
1804,4968
1052,6770
2829,7386
5528,6327
3029,4843
413,4613
337,1918
6747,7367
1569,3949
418,5724
258,6341
271,5304
1205,2440
1551,3444
1042,2116
6839,6990
2498,2857
5960,6662
3104,6331
1455,3026
1482,4253
660,6631
3744,6581
5493,6044
4288,4690
5324,6991
1242,4115
6718,7092
4314,4694
2098,2564
799,5842
1803,2577
2558,4246
4120,6965
1205,1644
2609,2830
3836,3990
4595,5805
2541,4754
2195,2530
1895,5099
1811,7396
3084,7286
592,1537
4843,7163
886,3651
6149,6261
1227,3157
483,4110
5512,6497
4802,5931
4103,6107
160,174
1476,2807
701,1754
3457,6684
1803,3980
2054,6360
7420,1994
5180,6089
3811,7301
2573,3698
5969,6670
5136,7293
998,7353
160,248
5136,6572
4288,4743
1383,7228
1926,3067
2434,6030
2646,6590
6311,6313
1053,4075
1895,4119
1178,3269
1714,5957
1557,1664
1736,2972
1053,1774
1818,5493
2918,3147
3384,5976
176,853
928,6275
527,2244
3612,6256
1537,5759
1545,4770
1615,2627
5154,5351
6111,7406
338,2663
7442,4013
3854,6663
1958,5902
2308,4809
1208,1337
3736,6990
3338,7271
3076,7265
1089,1770
108,113
3089,6464
1393,1412
4614,6331
4282,4494
5853,6983
473,2217
1175,5304
2257,2460
5214,7367
6025,6030
6968,7303
6259,6767
3252,6288
1180,1868
670,1969
1970,2223
1725,3046
5064,6663
1417,6082
457,2809
267,1665
5351,6473
2368,3157
1685,7356
4400,5321
1632,2835
1114,2609
3654,7200
179,202
1139,3616
2116,5940
489,2609
1633,6396
916,6606
1347,1500
3979,5185
483,2598
2326,3684
1718,2015
977,1392
4643,5989
1278,2678
108,2821
2434,2887
3180,6657
2372,2486
2174,2407
1039,2405
2054,3076
1076,2064
5974,5987
1803,5220
1537,3432
6531,6880
1729,7137
1356,3983
2994,7011
2498,6175
3626,4689
537,2485
1525,3979
995,7442
1799,2148
2866,6808
2702,6348
133,2700
2975,5983
3854,7246
921,4689
1082,1390
399,5493
943,3359
2945,5180
5952,6190
3759,6144
4097,6090
133,5346
1999,7063
1413,2034
1829,7166
4957,5505
485,6610
2498,4293
6111,7264
1596,1731
1021,1491
2030,2080
1461,6405
1310,1478
1540,3457
1178,2765
3519,6663
1355,5817
1045,3355
2562,3022
339,2679
2727,2699
4102,6214
4155,7131
121,1430
4868,6305
5983,6502
846,1895
3022,3142
2918,3142
2485,3906
6752,6983
4582,5041
4556,6190
4643,5524
3716,6377
1132,1736
1659,5268
1473,3977
483,4749
186,3384
2408,4869
4498,6396
1652,2435
2868,4596
4858,6663
3121,3252
2013,5814
998,2764
238,1796
5252,7097
6157,6838
1533,5852
2355,4338
3408,7338
1467,1861
5313,7263
1798,3792
2592,5851
112,4506
744,5026
1006,1097
1799,5915
473,1049
1429,3755
2946,5146
2983,7085
6331,6378
1466,7295
709,4757
1159,1236
385,6179
6348,6877
3252,6752
902,1112
4982,6013
2081,3813
121,4338
3729,5060
1956,3881
1420,5466
3275,5829
754,2437
589,2395
1241,3651
4109,5111
4029,7298
3848,6286
2118,4053
3115,6860
1356,5475
2654,4189
5435,5814
3531,4048
1597,5040
1013,5482
552,1768
2498,3892
950,1356
3334,6958
3574,6685
1676,2387
3411,3626
764,3181
33,6347
2156,7396
1799,1923
1577,6851
1834,3122
946,3856
744,5936
2289,3073
1523,3498
6772,7179
5143,6788
1210,4621
4988,5597
519,3197
2973,4071
4365,6119
268,2298
915,6038
183,3843
555,1834
2519,3612
6332,6557
7442,6358
4669,5505
780,7462
1756,4403
1076,1644
4723,5526
1782,1925
500,699
2224,2727
1223,1818
1889,3430
3675,5111
2030,5497
5366,5493
559,6741
2301,2655
3313,4111
346,7226
2229,3586
739,2540
3350,4398
2166,4217
1551,1849
3845,5899
977,3371
3823,6841
4957,6331
616,1678
4255,5574
3961,5995
616,3106
1633,1754
468,1506
3144,4710
2446,6354
3928,4606
118,720
1849,5850
2377,2837
1110,1106
1591,1934
669,5842
2091,2353
1157,1553
3129,6645
1711,1772
1054,2476
321,2353
5814,6349
1083,1584
972,5812
6851,7080
3008,3181
133,3144
4255,6557
790,3696
5505,6746
579,1344
4195,7275
3135,6752
1759,2353
2948,3350
2460,3138
5931,6590
404,2727
1024,4064
258,2808
483,7400
457,2754
6221,7250
3628,5307
42,4255
2187,4075
7430,6394
2313,3642
3497,4982
3043,6825
456,4383
1018,1113
674,2381
1457,1803
217,853
2928,6502
4530,5304
2592,4757
4992,7189
976,1200
2098,2621
2034,2379
2231,2233
1315,5817
2181,4008
2379,3667
2235,3797
1768,2602
4520,6660
2407,2558
6614,7156
171,1092
731,2979
2120,2829
3176,6343
855,5758
5732,6318
2748,3231
3646,5307
4286,5161
336,3938
501,584
2430,6318
1175,4053
2024,3216
3809,5892
1017,3468
1227,2466
896,3837
4019,7227
5124,6111
1701,5803
3350,4847
3906,6286
964,2228
2408,3274
4053,7184
5852,6455
498,1356
2160,2718
133,5354
2851,3344
6466,7038
3045,4018
3161,6670
1383,1402
67,1895
1473,3741
1225,1818
2669,6360
5099,6006
1537,1868
1008,1319
2745,3810
1415,6425
514,4639
519,5212
1110,1363
292,1502
4970,7307
2015,3307
3113,7254
5443,6766
4356,4480
411,7296
2457,3879
3157,3256
3026,3454
2116,3129
2858,5632
1022,1162
275,3486
5512,7207
3275,5765
1177,2648
6627,7043
4679,4905
2616,4538
1892,3698
889,2972
3983,4186
1074,1075
2030,3629
1569,3024
994,5974
3987,6277
337,2030
3486,3736
2460,7161
508,5006
1030,1213
2199,2245
6286,7322
6009,6137
1257,1553
7321,7326
2087,3789
1209,1205
2460,3104
5942,7317
140,384
895,1803
4189,7172
108,4285
522,2123
3548,5304
3414,6302
1177,2587
805,3967
3136,6346
1376,6038
1080,3202
1622,3373
3961,4435
2203,6999
1766,2812
6021,6566
2488,3185
508,3111
933,1360
1547,4515
3366,5304
1532,1788
1296,1591
1270,1482
963,3574
2962,5757
2895,3622
718,7127
763,3105
3953,7209
5679,6319
1665,7374
4497,5786
4186,6972
1665,2808
1868,6351
1432,2209
3844,5725
31,2509
987,2564
2326,5191
304,3122
5064,6594
4680,5505
1019,3498
3791,7192
586,5614
3274,4398
1334,3346
42,2664
4029,6842
2664,2992
3744,6111
3277,4603
1330,3846
1455,2015
508,5360
1086,3140
2498,7258
7480,7484
3084,5832
2096,4029
596,1045
2116,3412
1402,3108
2918,3043
3137,5476
1284,3019
1069,2040
150,5306
6597,6924
1973,6670
770,4619
2030,5903
5942,7299
6608,6738
3022,3143
709,1270
1293,1430
2453,3603
1946,3586
338,383
4068,5313
4283,4352
190,4101
6038,6747
3035,5832
1372,1926
1033,1039
2918,3118
1402,3126
1028,2217
3144,5623
2377,3294
1269,6730
3691,4029
1536,2230
6465,6813
6360,6541
585,837
162,3373
1695,2015
6132,6471
4958,5900
1175,1788
3275,5346
1976,5567
3961,3983
4582,6263
2770,3651
947,6841
1159,1519
1227,2577
1069,3026
1511,7271
2049,3005
275,7213
5857,6746
3170,7200
1042,1045
5193,7317
853,6629
3485,5983
2684,3168
3744,6594
2379,2617
616,3153
1598,2418
1522,5421
1197,2331
5505,6043
555,2754
2097,2730
562,1569
594,1858
2059,4255
3539,5814
3831,4283
1301,7433
4233,4711
2048,2895
899,2234
3695,6984
453,6566
45,5293
2493,3572
3672,4288
585,3391
1105,6717
6974,7192
1918,3147
6652,7268
1119,1143
5812,5898
5992,6466
6269,6640
2101,3251
508,7238
2223,2712
1596,3313
2038,2092
94,3259
6609,7089
1970,1980
4689,4727
2758,4008
708,7052
183,2569
3877,7127
2460,3021
205,4130
533,3703
5857,6058
1849,2754
4643,6477
4559,6455
3350,6066
3377,4054
6329,7094
526,2902
2377,4668
3274,4858
4189,7367
1665,7060
1205,4487
1674,2104
5416,5518
6000,7153
1089,3078
5193,7299
3090,3796
5298,7369
6147,6883
3258,5817
5361,6790
649,5938
1502,2009
2564,3369
399,2313
3024,7092
2645,3313
6129,6735
2030,2167
1360,3586
345,2758
994,4816
618,1482
2466,2918
3983,5877
3368,3768
1415,2142
3137,6172
1221,2256
881,2664
4964,5805
2563,3089
1187,1410
4950,5095
1074,2475
1636,1721
55,1417
4878,7107
2229,3486
1792,3274
2398,2876
984,998
1180,2564
853,4749
2064,3550
912,6326
2803,3242
1659,5296
5911,6266
764,2570
2985,4768
1227,6825
1742,1864
5114,7007
4402,4807
1834,3697
2127,3648
494,4855
4404,4876
7468,4517
1757,2531
1515,2827
853,1860
2498,6320
2180,3489
2072,3398
431,2123
5817,6331
149,765
2332,6590
4937,5292
3150,4947
3574,3698
1009,1662
3060,6346
6481,6577
1328,2091
3379,3822
3843,6346
3996,4557
546,1815
2116,3955
3584,5234
3274,7230
3104,3157
1997,2228
643,5547
1918,3142
4757,6025
3953,4815
1074,1164
407,3115
1105,1252
29,6541
2963,6923
3100,6360
3612,6573
261,1112
1092,1112
2501,3572
6041,6738
4479,4668
3284,3994
2059,2664
415,3432
3073,4108
644,2494
6590,6656
1376,3008
943,2511
726,1861
5355,7098
4041,7325
1276,7458
3035,6435
4480,6171
1002,5586
1106,1117
663,951
6005,7050
360,4757
3496,4280
1817,6559
3432,5543
3258,3284
1804,6190
6664,7089
2684,4604
3315,7301
946,5318
807,2829
1977,2731
190,4691
2099,3119
3008,3100
6497,6580
357,1727
4677,4912
1963,1998
2292,2978
107,2363
4283,4985
3574,5296
2337,2866
743,7089
2828,5814
3211,5812
2301,2686
3834,4775
2828,3859
663,6832
3391,5611
1551,4054
1387,6883
481,3859
477,6240
908,1307
2130,2302
2965,2967
1635,7132
1590,7397
2742,4336
1031,1491
1753,2845
3275,5354
2132,6318
499,3961
1458,6263
5518,7248
1417,3168
778,1392
645,2030
1043,5131
2987,5892
1159,2007
1074,6736
1463,4201
3154,3157
384,3043
1292,3274
246,4088
1321,2701
114,3172
4648,4912
1039,3804
345,5248
6086,6814
4470,5531
3049,6761
4198,5366
519,2363
2096,2794
2915,4216
1659,3084
1849,5785
2482,7396
5728,6899
7052,7382
497,2727
2276,6802
65,2812
3043,3274
1944,3289
1834,6656
211,497
2848,6469
2963,6521
1177,5121
5144,5493
1855,5747
879,7362
4432,5198
1008,1159
2400,5812
5790,5805
2731,4651
836,5302
1503,2309
3239,4666
2569,6825
541,1104
1528,2702
3481,6323
4138,5860
2127,2527
3070,7251
4921,5649
338,2559
4343,7260
731,6832
1042,5493
2037,2096
3119,7090
399,3510
6597,6746
3456,5257
397,1415
266,4338
2679,3007
2116,4053
1056,1515
1659,1828
3923,4350
2541,4551
267,2851
5077,5507
3107,3350
4291,6696
266,2050
3284,6038
2028,5978
150,7168
1074,2482
2985,6766
351,1175
3696,6663
2259,5386
2485,6738
1855,3050
383,684
4834,5505
1668,4956
764,3099
5827,6603
1070,2822
183,6261
1543,6343
2491,3202
407,1417
4083,6322
369,4757
838,7009
2081,2677
483,693
1227,3053
3144,6810
2531,2925
1994,4044
5295,7200
5139,5161
2697,3275
1644,3604
4856,5856
1569,1653
2849,5259
1818,1866
174,2372
1177,3843
3211,7173
4804,7200
622,2201
1268,3019
5995,7254
1110,1925
1946,3486
6070,7367
1113,1117
2122,2160
3185,4968
2695,3248
4287,6038
314,3871
511,4602
2160,3149
2783,5340
2217,5300
1002,1112
1714,3494
1220,3319
281,4899
506,3399
4440,7131
4949,5005
1352,1585
6968,6999
6003,6955
351,2712
1024,5277
2965,3420
472,3115
2303,6883
1415,3498
177,3350
2030,5919
2498,5498
762,5191
3109,5725
1358,1415
790,6608
1015,5803
754,2686
3083,6831
2548,6149
2528,5107
2742,6268
1205,5381
1665,4998
4432,6420
5169,6221
2377,4564
1171,2195
589,1398
5120,5917
2127,3751
5350,6013
3185,7348
2905,6350
1064,3698
3121,3202
500,2968
3061,6149
6696,6767
5976,6149
1259,3979
2030,3201
707,5346
3961,7317
526,3946
760,1134
2485,4304
1694,1723
1372,3744
93,6360
1126,1205
1177,2562
1420,6723
980,998
3275,5848
2498,3878
1184,1454
51,2081
3725,5667
4140,4905
1803,5931
341,6221
1328,6192
4526,6245
5481,6752
195,1492
3259,6166
1172,2726
2432,4089
3590,7232
4851,6724
3200,6947
5594,7093
5597,6027
3118,3255
357,1236
4247,6269
174,2499
2840,5505
6195,7382
5283,6687
1834,2020
1564,3608
313,405
907,6111
1148,4054
5231,5445
272,3698
4834,6331
1391,5805
174,3412
1633,2087
4112,6047
6883,7125
493,6001
494,7219
6638,7156
7434,3768
1383,4435
336,3211
1394,3019
4427,4451
2812,5439
721,5931
683,699
1479,2616
1417,2834
267,512
1951,2754
3115,3279
488,502
4576,5914
7445,7009
1511,1919
1216,3026
1579,3317
1069,1493
1962,3350
1422,2331
337,508
867,5235
6025,6349
1534,3638
1803,7113
3350,7125
235,7117
4079,4083
497,1146
559,3854
2621,4115
1659,3408
2992,3897
4557,6264
1831,3021
3171,6038
3497,4613
583,5597
327,7324
2998,4932
3252,3566
3118,6346
2994,5996
643,5071
3871,6107
415,5847
5463,7004
3486,3479
629,3642
1301,7451
195,3046
6309,6590
1611,1621
2160,3642
5855,7107
3090,6534
3598,5974
3395,4012
1584,2786
6459,6804
1259,3837
3951,7089
1071,1216
1758,3073
6360,6445
1413,2154
1356,3126
4357,7406
472,1417
4152,6663
3689,3923
453,4422
5010,7066
728,6524
730,2377
2565,3076
1482,6912
4176,4559
267,1849
1811,6460
2030,5173
6054,6746
3035,3902
3259,5295
1527,2331
6043,7200
275,3983
3110,6149
3150,5791
1440,2326
3156,3252
166,5814
1537,2402
1092,1899
3274,5497
5505,5866
825,4932
5069,6435
3480,6232
1769,3482
415,983
2081,7148
1264,7009
6343,6977
4656,6603
1731,1875
1804,4168
5070,6038
3172,4786
1358,4770
121,3622
622,4262
3115,3265
6596,7173
2840,6331
4982,5217
229,643
3124,4513
3967,6340
3061,7322
3275,6071
921,5317
1070,2448
589,1818
1695,3767
2992,5477
1502,2551
3504,6672
3714,7020
895,6466
508,6581
684,3635
5401,5805
398,1356
2812,7103
1227,3274
3350,6888
3350,5903
2866,6050
415,2111
1074,3026
3129,4447
1024,1287
5222,7058
588,3953
1926,3256
5995,6972
3252,4847
1733,1864
1328,1881
5518,6058
3313,3330
94,3284
2684,2845
6079,6972
440,4506
216,2394
2451,4029
195,2241
5004,6319
79,4965
760,989
2377,6588
5518,6218
1711,6028
3144,6466
2545,3578
1024,3367
143,5493
483,2166
4063,6258
407,559
3229,3435
1818,3169
3157,5289
5893,6926
3698,5575
2671,3398
181,6591
1727,2076
2630,6858
2037,5747
1237,6282
6299,6696
3187,7254
2116,7105
2049,7404
2575,3076
1811,5655
3543,6584
1887,2363
2015,3042
345,2546
6041,6486
1092,4735
509,7044
3744,6127
4643,6611
2669,3259
2668,2992
1069,1669
4052,5505
916,6149
163,585
300,3643
1184,5280
235,7442
4981,6157
4843,5898
3025,6189
2275,5921
4540,4694
3157,5326
1198,1625
29,4424
1053,1503
359,7174
2605,6672
217,2166
1725,3176
2775,7018
559,6627
5527,6742
2559,3560
5812,6025
420,4042
7429,1119
1918,3744
950,4157
2050,2920
3583,4677
5814,6650
2196,6061
2485,6390
3060,3252
4687,6696
323,3191
156,3744
1714,2227
3252,4804
2692,2994
5853,6149
483,856
6883,7057
902,2070
1868,2387
6111,7322
1309,1895
2415,6497
1533,1840
5952,7263
2531,3622
2498,3105
6338,6586
5842,6065
3067,3076
29,7258
2174,2717
529,5814
1086,1324
1159,2685
345,3751
1748,1743
1139,2532
5252,6711
2988,4075
7449,6025
5070,7200
1052,4064
2649,5195
2700,4479
3188,3313
1341,2295
6552,7322
1301,3973
1435,3149
5715,6447
1500,6546
1389,1393
1413,5576
4139,6408
1251,6863
3564,6591
3284,5857
2200,3923
1322,1358
3383,5944
3004,3634
1665,5717
1372,7094
6072,6663
5178,7337
987,3369
1659,2824
2060,2664
2166,2228
4600,5329
3197,3323
1664,3336
3161,6346
5503,6945
3807,6132
1164,3572
3708,6999
480,2918
999,1147
2368,6346
3061,3744
2920,5747
447,7254
2910,4117
1251,1687
5518,7249
1895,2261
2081,7098
3274,5617
2760,3129
1361,3026
446,2336
384,3105
2064,6814
3994,6038
1427,1811
498,4982
949,3313
998,1995
3696,6164
1415,6410
2230,2705
2230,3348
4052,6331
2160,2797
2087,3960
526,2138
3533,4012
1415,3446
209,2671
848,4783
427,2798
6269,7107
2754,2809
604,7262
3274,6888
2920,3050
2527,6516
2244,3247
3332,5252
1547,5851
4757,5451
5888,7155
2495,3485
1145,4757
1530,4453
2736,3752
2075,3678
3042,3150
342,5817
1834,5313
1868,2343
2013,3172
6116,6767
3076,5968
2883,2953
3185,3492
1784,5154
3468,4887
2116,2382
5124,7156
1766,2921
3681,5942
1416,3626
451,3334
121,2112
5687,7335
1803,6345
3951,3961
1183,5738
4203,6509
1675,6814
2408,5853
157,4389
1269,2566
1818,3834
1175,7009
1045,5119
2377,6762
2498,5469
3843,5512
133,2809
5995,6627
3157,3240
174,3446
2197,4000
154,4232
4930,5842
2329,6508
2427,7021
2498,7200
5529,5826
2485,3519
494,6781
3297,5087
3129,3410
3996,6590
3588,3698
1333,1868
1732,1834
5853,7322
1725,4624
235,3581
2866,7184
1868,2055
2342,3612
5853,5870
1244,5666
1551,2943
1179,6569
345,4794
981,3095
2588,4876
4435,6272
5350,5749
1086,1727
915,1855
1926,3142
211,939
175,3712
991,2228
2030,3076
3096,5143
1623,6121
1734,1868
2063,3550
2139,2228
494,1659
7442,3556
3350,4569
4017,5746
2275,4590
2829,2885
7420,2739
2498,6054
763,2918
1372,7200
4724,6868
5986,6111
1665,6391
3060,6360
1615,2507
3680,6222
2043,7394
3843,6360
5064,6983
3696,7057
4022,5350
1479,3150
4480,6150
233,1343
1818,2776
1307,7405
4449,4807
383,6857
3081,4020
1736,7400
183,5986
3275,5351
2978,4316
2821,6199
616,2582
2126,2127
4908,6752
4907,7403
5392,6946
3201,3425
986,1547
662,4749
559,1638
3886,5996
1356,7496
5166,6500
766,5017
5019,5529
6663,6883
194,1823
235,4637
2978,6195
1834,5367
2997,3918
148,234
2690,2895
1045,2486
1348,5821
6965,6966
2274,3783
3022,3157
1829,7064
5317,5521
5457,6593
1430,2074
3574,4923
899,3552
993,1143
1682,2326
2217,5762
2829,7450
1492,7295
2351,5817
1655,3398
585,621
1564,3683
1365,1572
2913,3560
7175,7200
3638,5178
4480,5879
1415,1545
5857,7381
1227,3903
5161,6581
1032,1045
1682,5978
2338,3387
5329,6416
3345,7364
4233,6559
4717,5842
6497,7094
2537,3076
889,4110
1831,3008
947,2978
501,2913
3432,6510
6149,6353
1834,4050
2498,3171
2491,6149
2850,5181
4048,5321
2335,6729
1318,1818
6560,7378
1889,5772
1918,3932
1128,1319
4247,7107
4099,5188
3907,6484
497,5275
1069,7018
2742,6069
2569,3022
744,5562
750,5214
1343,6036
5738,6457
564,961
1551,7461
1479,3119
5070,5857
1725,5143
287,1910
4189,6057
4365,4945
1918,7094
599,5549
3983,4578
1278,1875
3216,5823
933,5942
5211,6073
3892,6972
3879,6009
1386,1621
2460,3099
299,519
1177,1376
3854,7406
1097,1553
763,6825
4006,4923
699,964
3848,6670
2508,3026
1818,3421
2087,4805
5891,5960
2313,3528
4160,7126
3573,5304
647,2071
2642,3164
2686,5814
4905,7130
1352,1690
1175,3612
474,5926
553,949
4465,6731
1067,1829
3118,3252
744,1601
2030,4439
108,1984
235,7048
1207,5130
1803,2133
4709,6875
3192,6825
3147,3696
3083,3612
415,4902
1433,1615
6190,6656
2377,3978
3193,5960
589,2289
1092,3591
2485,5993
3744,7215
500,1482
1633,6829
413,3983
763,3386
921,6986
3486,4982
2040,3574
616,2030
183,3061
3102,3334
1350,2498
1764,6346
791,3036
3275,5361
508,6111
1092,3278
2116,2118
7156,7265
4517,5806
3697,5355
717,7127
2420,5696
3443,5918
140,1227
138,4048
1045,1923
3337,3493
4042,5750
2010,2754
987,6943
1043,2539
408,6072
2166,5606
4176,6024
3131,3696
1826,1971
643,4922
2910,3385
4012,6415
3632,6627
3233,3983
128,4549
4919,6038
3120,3125
1086,6394
1159,3469
3961,4823
1086,1236
5723,6402
5180,7384
5274,6162
19,5931
2895,5372
174,3574
1504,5283
1444,3799
1659,5665
1402,1417
2030,4585
3204,5512
1807,2612
2336,3549
4843,5488
616,3070
135,2702
2642,2734
2038,3882
2228,3287
5627,5748
91,815
1110,1113
2277,6006
6190,6991
3275,7457
1175,3275
1837,1905
1478,6826
29,5498
5309,6627
2224,2558
345,3059
1818,3129
1262,3454
996,2148
1107,5712
3084,6377
1502,2373
5495,6526
3934,4104
1227,1376
808,4819
1832,6006
3612,4428
5958,7254
1356,5417
55,4470
5227,5453
3050,7090
4174,5664
390,7307
2434,3466
4858,7406
290,2228
94,6038
3985,7307
5877,7089
549,2742
1660,1807
248,4900
3240,5453
5018,6375
6074,7094
5189,7010
5853,5954
2491,7322
6742,7256
1389,2211
3012,7058
1177,3151
7425,3172
1918,6300
6149,6581
1731,7466
909,3019
3995,6484
1356,7223
1162,1212
518,7192
1254,1502
2748,6061
794,2166
6320,6346
3247,6439
589,7300
4032,5503
4757,4972
2016,3643
2087,6840
6883,6924
1803,6752
2910,4554
1581,2068
4029,4374
707,718
3258,5857
2485,3907
3906,6670
1415,1596
5888,5978
2527,5493
1895,2185
2101,3187
2607,6978
927,4554
543,2404
194,2797
388,5931
3121,3284
3574,6423
589,1067
174,1036
267,367
732,4020
186,6924
2275,7341
2379,5649
3854,5998
147,2859
699,1921
5916,6712
6672,7066
1227,3139
313,4426
1584,2244
2558,5988
3994,5857
1942,6858
283,1184
822,5733
3162,3618
98,2498
956,4012
988,1482
2403,3302
4822,6880
2829,7148
257,3390
244,2687
3497,3618
2603,6820
5453,6067
6377,7373
79,7488
3417,3597
1466,1818
3696,3952
5189,5438
3110,6038
1792,6752
3744,6041
1511,4235
3110,7094
3559,5166
3126,4950
174,1596
2049,3334
4430,6435
1074,1669
3534,7089
1128,1768
4639,6177
5529,6261
4159,4156
813,6301
5890,6282
1570,2217
2997,5270
706,7155
1405,1471
662,4167
516,2318
1313,7092
2241,7295
3118,6360
614,3744
949,3998
734,4012
171,5100
7430,4568
2663,5908
2030,2590
2840,3157
1918,5529
3019,3585
1700,3180
3694,5446
2740,5249
248,4765
3281,7200
204,7328
5053,6904
1117,3078
279,6295
327,3098
5216,5597
2592,3544
4480,5024
2110,2680
2769,2745
3076,6346
4026,7092
2616,3064
161,4006
589,1097
4278,5005
950,7089
274,6671
825,7382
6227,6331
3161,3252
2821,4768
4827,7173
491,1665
3172,4029
15,5234
1013,3989
2368,3252
2030,5464
5529,6283
2313,2977
1698,3352
118,5373
327,760
3742,5931
5052,5918
592,1868
844,4639
914,3536
1259,5785
219,2531
108,6187
94,7200
2487,3574
4720,6350
1317,2829
327,5608
1254,2363
2654,7200
2043,5014
1711,1796
680,1313
3075,5313
1626,5425
1402,5942
4365,5288
3444,4757
1098,1235
643,1149
1177,6360
3409,6887
602,5003
2509,5607
2684,6013
3746,4012
1478,3926
2114,2243
2828,5960
2353,6425
2682,3950
4643,6865
5437,7226
348,913
2030,3202
1177,3260
2485,6261
1799,2077
1181,1235
3266,5295
830,1861
4066,6820
1576,2228
70,3172
248,3688
4119,5099
4474,6660
3008,3135
4526,6791
4132,6350
1143,5215
580,2498
4695,6570
4021,5493
183,3110
6053,6027
1766,1818
1725,3309
3139,6825
589,1126
4613,4950
13,671
2175,2558
511,6008
5643,6542
323,6761
3528,7478
1500,5841
3252,3255
3399,3511
3154,3274
323,5306
5252,6842
104,4020
174,3214
2727,3131
3318,3626
1463,5152
1564,1778
500,2965
2407,3223
4613,5217
2387,2484
3425,4518
4513,7348
599,2059
1449,2049
944,6318
992,5477
2485,6283
1989,2275
108,3594
150,3993
3160,5747
987,5948
1126,5786
1069,5662
1053,1092
1043,1853
2033,4054
418,5644
1022,1117
1768,3214
1935,6132
3119,4042
2762,5315
1926,3744
3180,4199
2866,5248
542,5355
2876,5580
3275,3592
1291,1496
3144,5316
1632,3334
5526,6474
764,3147
6038,7248
5135,5133
1669,5189
4871,5136
1291,1922
127,2681
4833,7322
1504,5944
1070,1151
3878,4029
500,4757
6038,6366
121,7324
651,7061
1176,1269
4133,7342
2963,3847
3525,3744
2049,7324
1974,3122
2616,3523
3953,5492
2452,6937
5824,6246
1881,5762
2127,6516
752,1028
2274,7341
3350,6360
5593,7210
906,1569
434,1415
1524,6016
3076,3170
3252,6346
3150,5376
1785,1803
1004,1024
5674,7019
1502,1572
3162,3486
1242,4489
1089,1119
6239,7089
6360,7200
2516,2885
1535,5609
3133,6323
744,6609
4283,4850
3252,7367
51,3144
3932,6149
1970,2172
351,898
2790,6811
2498,4908
2049,3441
1880,2098
1095,1553
2827,3989
3021,3141
526,6864
867,6651
2781,6841
3384,6041
6799,6865
464,2812
2558,5412
465,1044
1803,6309
3457,3574
2564,4107
5286,7367
559,4435
3983,7254
3008,3147
1804,3150
415,5102
327,4923
4582,6947
342,6038
731,7442
1958,6529
1659,6942
68,6972
2043,3137
2377,4546
3990,4820
2020,3680
1432,2211
1138,1352
2590,3350
5814,5899
5878,6371
5490,5857
1502,1797
1466,1782
651,1775
3847,6802
150,1768
1534,3033
1276,1553
3022,3123
709,1736
311,2663
3019,7222
3275,6395
5518,7381
585,2020
3100,3284
949,5194
2020,4639
7443,3483
2049,7497
3022,5130
508,2415
4011,4264
914,4198
3161,6360
2368,6360
3698,5655
1482,3341
1074,1579
964,7226
1074,1648
4701,6375
1074,2268
3123,7200
3138,3202
5505,5540
3756,7401
5446,7246
2574,5844
2754,3974
3192,3274
1259,2558
1835,5850
5672,6466
3795,6752
4273,6332
1147,2804
4705,6663
1818,2545
3717,4519
3799,6390
1695,1788
3979,6180
647,2218
3378,7156
775,6834
5658,7058
5505,6038
1926,2303
977,3801
3534,3961
1387,6752
1092,5188
1183,1799
6613,6915
2985,4020
2531,7324
3115,3534
559,3983
2587,3157
1511,1953
1467,3026
176,889
6218,6331
1621,1900
1855,2794
7429,5349
541,4518
1818,4053
194,527
312,6485
2412,3076
3048,7092
3313,7184
3444,6025
3700,6121
497,4871
1974,3384
2820,6466
1956,3345
133,3974
5493,7127
2038,2690
408,6608
2164,6448
1834,2700
3045,4913
3336,4053
3259,6482
338,5584
1591,2752
384,2466
2264,3399
7,2030
5998,6627
258,539
3017,7348
2922,5173
452,3687
5002,5933
3896,6360
5954,6663
1383,3653
1354,2849
5556,6566
2699,6435
1834,5346
3498,5260
483,1482
964,2166
1829,1925
1328,4040
2918,6825
1840,1889
94,5857
6260,7189
3160,7322
2389,6526
90,3350
972,2274
4696,6867
5165,7173
886,7089
2754,4046
5634,7365
1388,2619
2833,5931
4365,5460
3809,4171
4435,4982
3192,6346
4458,4483
5509,6183
186,7406
4495,4982
6109,6157
3352,5072
6816,7089
3961,5233
1584,2549
3978,5931
2088,2962
813,4480
662,693
2755,5817
3932,7322
1159,1382
3157,6042
1632,4610
1049,2217
2918,3386
1840,3898
3384,6883
416,6675
1811,3698
7034,7391
1829,2733
5773,5975
1672,2855
342,7200
4198,6157
3266,6752
721,6264
4294,5960
3021,3104
6038,6983
217,1482
2166,6910
558,4932
257,351
401,2790
